side,id,group,split
left,10101,e42abfab15e53261e8573ccb7a61a9e36e53013ef670eaaa1a02cef16f0a4415,test
left,10102,118dd77f1b83b66d6315be087b706c575f1b293e2c5dfb10280d50e564f0e860,test
left,10640,c163ce15d2998bf1fe05ca4bc18e707264f66199b27bd3e7ff92d188a34099fd,dev
left,11338,7216e1128d3a204b3b6d2229dfee64bdd86aa3e4d1af08f19c3c90674ff1b3c4,test
left,11801,eab96afaf46439cf90b9cf18c36f975fc39afc7ad22364116c4c157bd7ce6573,test
left,13155,28522ea0b3c0b80b6f8f3e8abf10fb149bf3c2e87585ba47ecf299b3e478e87a,test
left,13202,d2cfe5c1ce775faa638839dbf34024cf3ef1f1cad00d04c76398e1e4fadb080b,test
left,13213,a5068929f3b0dded8733083675e52eb645656d284a34157d4de668c1041000f4,test
left,13580,fde88a6f14b3184092ab3f21b0426fb0c6bbd9a6dba4fe0bea0d244612952104,test
left,13581,e17e154166c06aa9b36e8dcba7d01cded7eaec5831d293b1df5f133985b1f022,dev
left,13700,8dc79e2507e45ac09db39f9a6504bf936c576dd01e482c9de9249c8e0378755f,test
left,13701,10799aa144438b2765c5ee54c6abdd6264511a9d52ddb96c8cf2a3b7e2536638,test
left,13945,d28967255200176ff85887a126d1ee5fc74153a6bac51e433dcccd4a2caa558c,test
left,13954,b22597559027c3f686babf2f3d5718880ce64adc95ed6c4091c7e2fce0c9161b,test
left,13996,1db811537ee2cac4e431df8eb9544bdf566e26ca56b47c2e13480f7f79879717,test
left,14033,682a4b759be115b977cd39fe2857b2cd69ee17cca8be24545714e765358fa23d,test
left,14061,acfdd89112cbff422b3e1f3676d6aa9de4716768f123eb12b804611594b4a7f6,dev
left,14070,ef7f14ba896ea4a62a56f45d935ecb320b575c8fb7e0ee444fcbec6b32ec20cf,test
left,14563,c1f4a3f165843c3bd59b3bce6c7737e6c667c956d8b826afe657900b10f3f0b0,test
left,14715,b8d5f819773858c4e06b605568fc965f0b77a1e3d012493b658d101f9b633b1b,test
left,15046,9405639d5de9f861a16944cfc3fcd11580d6e2933211e572a39cd7ebc926a2b8,test
left,15452,f9dd40f2fb34932260ea33e8a729ed33e055f1782c2aac0a3fc669f30f35bf9b,dev
left,16000,38b358cb8462084d8fec659dede12c53d3b31559a608a865076fe595adb23b4b,dev
left,16003,6a072d2aadbce29c3f7d42553d2508bc4073aea2a63efe922db562827b10d649,dev
left,16112,662f5b87cc33db1646bf1d313403b71b583b9bbaca9469195466bd4e7ad8fd04,dev
left,16309,4c54072e520b16dd46abaa481c91ae8076146370987514e77b995ac83987cd8f,test
left,16329,8d1e4c535269c4f70924483f046af11cbd1daa8ac9478b9739526cab6e0323a3,test
left,16394,32a1b4722282f1107ba294928ce13155b2e85f39c49f7e442a7313cb1a32b7a9,test
left,16668,6dd8881a390cf2baf8204a626e84f1fa37a15f7f5cb625c0b3424a0655f48338,dev
left,16669,fdd0954bdcc44ef04072a4b6f86fd0b7d7eb929a1ae53c32ff7bd8e2cbb323e7,test
left,16741,a4fceb4f093eb5d65fe5d176e7425b7e6b4ed41271258c2fba2b4b532eee01bb,test
left,16758,14e96517590a3e30ab7790d3ffc167df089287b462b297a3b80181d290a7b06d,dev
left,16765,2970001261d8143ff7ac02b9b02e8c9af2c23d3597c63e2c67b7a3f9d6bac9de,test
left,16774,49b3db54a24c46007ce576f08b80afc761afa59db27334251c13b29400c0e560,test
left,16877,bcfb2d435df3ebc870083eb14ef2d17bb932842e8f0114e1c36b012eb8bcf978,test
left,17067,e29ff2d7b41ccbdb453dfaafe6ccd2377bd1b6a0ebc7f267111d1eba90f3dff3,test
left,17094,b41bfd7515a0c2e1d0b2e4c13e5c9464e081c33e58563eb59b494a670790edba,dev
left,17187,bd0b9674aab93d0b65481295edff32d8056bceace529352c68355ff16b695ecd,test
left,17191,ea5eda7315b4afcc633bc1dad1a75da0e916eff92429ce402509a12171276f31,test
left,17220,e27bbf4a5e17e82c0378538c8ebd6eb768332a12231a09ea27c6c3f2dc220764,dev
left,17372,9aa55fb305c21cd1267bdc558e2eed339beaf8caf7f993e157c8b0ab99335b85,dev
left,17417,1ab49ec81ce0b9d0206254e2139fede8f6babe4e0d074b735fa7961d208cb631,test
left,17479,47ecfc2728003338d3099e12d8a73aae76401691d920a93818953d731746cae7,test
left,17596,b74bda83fcff6ea39d200e7fce0c52c598cc8dd9bdcfdf51470cfe422e5f6ec8,test
left,17653,c1427ac473867429f7e0ea78aceb5a5d516fff1f6eaf4ea085dcb2ed896d4ae2,dev
left,17872,bf6819906e197a40137b18097e67e77d0ed303c94f71ecbcc0ac13ef9e5c3175,test
left,17873,5ffd32ec0d36f042cf8a6cd230d5fa2d1d83408c547ffba37b0bb07a7f83eaad,dev
left,17906,8b07c99d9ecc7d67474ab1e6f984ec9ddc80810dfc400ee8d28090caa61adf58,test
left,18040,70c09a6f42e7599c7dc7b8a95fcb952bbec9444c789555b997fdde689b759526,dev
left,18087,b079078bc840530d88f5f7216c82b9a9e8f3347afe1227be2f83d9fd272efc96,dev
left,18202,1e1efb66bce9fd7fb3ec96a9d4b70d50b74afd26db2f0f6d98a924582c19faef,dev
left,18441,4d0679fac1376918938213d1fb058a7b491ed316f3b26a564964f13f37d39f73,test
left,18516,53c8a25d0f16844391d9a42c75f2b548917b4c1a39a32bd52499409f59b8cd0a,test
left,18524,e725178a43bfa2d601fcbb83e9c42ba1eb4b4efc17f56ebe1aa6697ed7eb3ef3,test
left,18564,27edf7f83a08abdbe237c1cad3bdcb9c28f6580ff8869b2b9062066048f9e9de,test
left,18567,78e8e8c3792d3d409760586b0c59d3c3e5464af89fd0ae1fd92a2f5c5ae53ddf,dev
left,18837,727bba9b9d81b5e9f19c03babc61f166e6f12b188c22994108f9bc173af07fb0,test
left,18960,67e5740b018efb31c9005f6741b8590248537cf9167e41358e66e0a109bac53f,test
left,18970,1bb5677785f7bc8320d1dead13c536c9248bcc95cb6e3cbc0f67bd69913b53c9,dev
left,19112,74c30db2caa6ba5ca385e32e613e98fd95f2dbcfc755007bdf12b7e64b406c87,dev
left,19132,c3925f1435df0597e86f72036520a6f8f606ec0f8e2f3b8068610315281ba595,dev
left,19141,d8876e6db9b94688131ef299ea624de8e02bfb81ac83d688330db502754310d8,test
left,19204,8a1c1ce35a6e3d6a9541510b5500a5e201e2b87cd35a4572587127ca55cef10b,test
left,19358,f86081cee1be9d579859260b3cd667f0279e37e4f14bc8de078927c163840860,test
left,19604,198a6eb7b28d1d738472452d0183f84847fae99aef1e2c6eb647ff8831d5f134,dev
left,19628,08f867adcfcc1261982de290a7db0ccf2a4016a3c91b5549f3e2f62ad077a332,dev
left,19631,2d820623b94e9d0c14b5497426e7b710370fee2be3d6ba9b2a52e9e133c82c63,test
left,19672,c85431849e2d56596b064b0c6ef212c5236f8252658fa4eabba720954e617e21,dev
left,19676,256ad3669dd4b3a818dc88b1844844b04cea631c241e827099633409150c9d1c,test
left,20447,45a90ec303500df48ae526fd39172f8312c4434b1f6a2221fa69d51c96ad64ec,test
left,20448,d62f98f1b242b9e64c6207ba6cdbb95e6cfb166c66b60698fc7b446549f2249e,test
left,20450,73defd0121cf508875b54c503025b0a8b5649fbd8639f84569fa8c630400145c,test
left,20453,be2c20934cf38820564154685217a4f2eee9e6296d366341861db9599c1b4ce3,test
left,20454,ee8e6be7335956001f32e9d352346a1d78f0032e42cedc3b820917a34ae1daf2,dev
left,20458,568a7a1ed6cd679ec5108bce8325c22d9be874a1d6f821b25b55d0bdb07fcd3c,dev
left,20459,e9f035c1bac75f8b484ab66df482ae484123cf1d581d87eef78a8a25a1a23bd7,test
left,20461,72e17b53af6108b35628ac071693b27d3a2fa48ab1ada6b05617ef6a391084cb,test
left,20466,9c789fcf56cd580c0e3273c06537d9e6d5e661635e220a98dec9bef3e7a5d75d,test
left,20532,b85daa7aff70440805411bcc22ceaa3c0b6df9ccb57c6c224da7a3a80b75a735,test
left,20534,4d69bc0cecc3c483e37f3370e082ae81d7f8e6d68b76773a208c73f09372986a,dev
left,21047,3d3accf4e369b27315eae29847dafbad167ccafd77637eb061e15f5d3aa4fc87,test
left,21175,ec47aa6f7a072c6dfecb9421a3e64a1095f5a0cf041efb0355974fa46411bab7,test
left,21182,5a9721de6f7cd81aba8f51bbebffca2ea6a1a13c4cd6591f4c67c2fe2ead1414,test
left,21267,1035d3d72aac2e3ae769d9e0b48555658ab3df9c311595befcb88906593532a5,dev
left,21268,60885f087d723c3458878beb21c0cb5daaa7fcdc6293d1aee608cdc5395e2f1d,dev
left,21297,2ae1887c63bc48a65cec7a7e65d98910050a75181aeee0e69843d5732654b9e9,dev
left,21554,9a01191faa6fd16b39aaef63c864a5fd4a9ef571e143f546bbd8d52d3c029dc4,dev
left,21875,6fb6129e18ebacc1fba42311b389c5fb198d85e7e9ba40f61e975bc283f69494,dev
left,21989,682c7a287697a8f1615158474ac576468741514cb29982be3f8acb2cee88fcc1,dev
left,22042,a723a52c162954aaa27c453d56d4a0f2a978f14dc5b10f6dba7553f14cbee629,test
left,22100,24dcdf1b2f17fdf2aed39cf712a978c6326736a97ca5c3d772729e6287c2ea31,dev
left,22101,e39e250dbf0d9e1f989d0ec8aa85678571692a5ba1032e366cd56ebc767edac7,dev
left,22187,41bdffb25eab3a000a35369caebf2afb3920ed2216c972f017e4af62b237b12d,dev
left,22212,2da5f1d4b30280226138e4173175e6b676d7b605aba49534c2dfbefd49eb4c1d,test
left,22242,aee4eb1c6d092e58fe136f036e5e9fbbdd0a1752d1c97b1c202bc39d97865d7e,test
left,22306,6c165bcf78e996a42a15a9bd8a68906594c835dd6faff4b3394722aa5dd704c9,test
left,22382,5bdac303e52742f8840760072dc84e4362b30ec4227cc3431ba7c8d5dd00d438,test
left,22558,e7d540b8560ab8df19119f73a6c09a09fc930ec0f7229de73f7305f3c983f52b,test
left,22727,3a031baae73d4202c7648e6bfa55d567e4bc83296eb98a49192e5d51e20ad684,test
left,22729,6c65635058e169186a0bb1687a5db0ed82bb02f1e315448b7ccc80a62378d11e,test
left,22798,0234f12ea465deb301e5a26730010ec9b0754264bcf0007d8b3084264b313655,dev
left,22940,c483b43162f9bcdeefbc714c36fe586a415153c135cba9d6f1b32581ab37a5ac,dev
left,23006,53f9838b4ab1158e4ea9eeff7eaca6b7b0d212e7c4740a39513ab6dc8b3aeb6f,test
left,23097,8026eba5d0dcd8f6c3c6486f940062272f95f2f2c757cbef0233d06ebb1648d0,dev
left,23246,a80227011a8dd78c3cd59b56118e01a5a70d8189945a11e2b21e42e71fdda606,dev
left,23296,533855219e95da4bf69f4b0f5c6fd6f531bd9d68d48d7bed1b7d060e142cfe23,test
left,23325,c0d3d91d957b0d40bc177ae59928d482f21d869e60e8bb088c38aa152d762673,test
left,23347,d44707318c36e5b381393975efbfbc6a3a743482a3e93f9218e48dfe65f402ab,test
left,23349,3636e8a37e993f4343d482a68e0af6dede339d4715088995522839ed74015709,test
left,23350,d0acae02a0e1d103f31386ffd475c2b40c9fe2f2e16873b01fa2574440829884,test
left,23519,6134ae175a602ae2c878bb1cc582c1d392a49209637c4b99c1822396eac2f43c,dev
left,23537,faa485ddd90f2d46839e9cf3fc57ec7551ad0fac89911e4abb4f5538e173fda3,test
left,23635,ead2e235b680b20e9b81df3869ec0f57e95fe5cdd5028695c775929c0a97d764,dev
left,23651,4d1d8dd6221cb506659d3acc5c9e688c56e2c3ce0db91f2405e93ce5a98ec93e,test
left,23658,608b86b97ad4d3fe6b10c3191c781bb709bd94c639586bfc42e53760b5bc85f5,dev
left,23686,7e37119453cab6332d34e2a1049b26fb01fdad51ecd7ce8fc55033b16c7ca99a,test
left,23837,1a65aa959a28feb5f18a3e6042e5d44125481277d8748d0b4024167b2e3c18cb,dev
left,23864,ea3ec448bf37c1c4ea89b052ff992e4581a16d76a18857637025752331b5dd32,test
left,23965,1e143ee97689a0acbf6e466d6690ffbb2ad483f40687a5b49ff1930faf328880,test
left,24034,6012da4cd0e9dec268babb921c9a25e9ce8a5a8c25b3d3a9611c9171330e438c,test
left,24153,2b092a189fb62f2ee521ae95505d55332d864d521f75a77c0827874f52135820,dev
left,24316,13059b1d20d2f2ff80d763796cd458404a8b99a40b0375f30e3c1b0f935fa264,dev
left,24346,21f979a5a8cdda3ced2538ea813d3db2d6d8135dc6cb6caa185447c78dc2535d,dev
left,24368,93c6e1497beb7b5a508ed15a6cf3ca8d5abc9f984d8b4841b81f6944026c260f,test
left,24386,e047c1eab94a7f6c872a35bcc9f447c9636fc7b5ad250533bc47ea188fb1c243,test
left,24402,467bc1b2ad227d330ce61f8af12ac9fff2201acea60fc1e0cb068b7a6454d3fa,test
left,24493,b8c63ae93a295611b1258d91857ceba2eed0e2807472208804cf558b47ddf76d,dev
left,24571,782aa69a36822e19af5ab033acebb197793cf170ab2ab3ce0127fe21ed412e6c,test
left,24572,58a03b7f808776f8f837583b43a8f20e963d6c0857b6fbb4bfe57a58c99113ab,dev
left,24615,8e1c955cd02cc3c9bf100c41008de4dacaa9172c98d2cb552067da745754d921,test
left,24648,05d39c7ac5445bee68472d11bdf1878cce651e77b25dce24c7636fdbe33daa04,test
left,24693,bfd28535f777e7bc647c623cc9d9148a6a0b36db187fc1d707dddd5b38d466ce,test
left,24789,61eb5bd9e66bb627f105494c289a1dd7d33f174370e30cf52e4838beb3efb255,test
left,24825,6976e21f6a9ebe147de5547f51f1b9cf828b19a6aff27ea9e65f1d383f47d350,test
left,24921,3275c3958123c5bff81cea4f8eaf67cd929cd8abbb3a1dc02959021f2bffd8aa,test
left,24937,24f0afb51533b336055e295155068c94b8ec20383f21e9843e35c264380d7f68,test
left,25036,2cd8b03e962fba53835f9f418e310132eca7b008e96dee73e67ab2ec7636780e,dev
left,25111,c1a488934f5c97716d7e7fca8236f79fa787f0c130cd8398eae9fee7ae6064e6,dev
left,25113,51b4d2d2b153886f8fe8f73661dabc892bdb524463a9956399deef647572b6f2,test
left,25136,383163ca89054631ffbc03d497b1f11094a61675ed74a5b91f13efcd46da973a,test
left,25167,57d73ee0d3097765c0e3ca1963bc5d3e29b4385e466b8cf0049c4ddf3f3bbf56,test
left,25262,731816d95aa0b581d86c041d2c652688119df87eb9612166f27a8f391eef7375,test
left,25291,3469a26fcfb1bf7f0ba945e999f9507ec7e32eb5f30937f1443efb95b015ce25,dev
left,25318,69506fd3377708cc6ceaf73b7032d7e7e1a4d5f3dd2045513292384dbb0ada57,test
left,25364,7007aeeb40ff8ef2d4f8dd28012c5c776194b795d84209abf278eb653ab95715,test
left,25388,998634fddf453fda9cf3c56e40c7b7405fc48b344447456ee3eb1d297a853ca4,test
left,25413,fe20ee039dc0d4a66c978b2bc88e9c184997a5dd2d97e3ad425c34483b67b05f,dev
left,25532,f4604d844e1df36a747cdb34d396a80ac103052e47e435bac1f81b2285c3dcdc,dev
left,25550,e4af0ff751a79a68eb67b71adf5fded4500a4871e0c2d15c417512648bc00945,dev
left,25670,4eb183255d5abbff14e2c2f227f9d7e72396ca5bc52669a35c68cd9d48d811f1,dev
left,25732,781973b278d03539f3a90204aef6fc11b2f9b357c537d567941e9f51262c488b,test
left,25749,e56d03718d49857c19a30995c19668667a6701eeadf9990db97575882d8da465,test
left,25776,06d99b8f57e50a6ee588381b38adedbc49586d2aff0a4d470118f74a1c1c333d,test
left,25788,86d79ad0b9e068c27c17bb2843a50ce52dddce39cd2fb06cd81e0bd026b8ec5b,dev
left,25797,217315b4dc8f39b3c388431ff8ffb2b3ca39bfeec54b9368af76aa48c468baff,test
left,25813,3387861822af3b61a1f0b7a97879de1117d8bbd12c4a8bc0928ff0bb499c412f,dev
left,25814,5749d8b9c33983ef7671dc0de55909fbced157fab7a7423c84080172832ee72f,test
left,25829,0ea5dfa95e7348aabf972a30920eaf6d6a5fd0e0ecb4cd662a3078fbb88fd870,dev
left,25855,3f3f13714d06ef3ca1ae023bf091a9f02d29a559c7b97a780a8486e4e077cdd0,test
left,25857,afb0634c6e93a1befe9a98ea2908a258d0a75903c989d28ac204aef4b9f86467,test
left,25858,ddd69d846a6fa359f05faffaf2517850373c1506e0322463da62b3b3ce194c26,dev
left,25902,f03c826ce2c6f931e82c4bea7e4c544a50e0c90197cf80b5f1d19959ae16192d,test
left,25905,b9a3271094ca5f14874b451838bcebad667203d0cded90de2d4ed3a6a2ab84ff,test
left,25950,f3b4fe47149a30d8b91203a2f10d6923eca584982568760b361482e1c7533202,test
left,25990,7d526a5f6f9cf82e8dd0bc4bcdd672fca3eecfa5015189166422070e13434ef9,test
left,26059,000b4d9a4f010b6cd51081daf7ed8f6bd95eb4e60d7a97f4fd68fadf966a640d,test
left,26082,d87233296350dabf69b7edc12e384e74cff393afe60e5a969a164a7b724f5693,test
left,26117,b1294f058bda94ad1df4e1761b9aa8adb0cb2ef7833eb906f596a7fcc8e5a611,test
left,26137,bf9d46a9c07ecabee92f1d48dd7366a3b34e1c858cfb40b687de0ec55f645eb8,test
left,26241,e6f7d558755ff5dbef0a991f4a9c0c13b0c227fe7888999124c130330ae13b28,test
left,26310,04177f7b6e53b943afa1bf2ca6ab78f34ad96737e1da77591f3e48576791b017,dev
left,26346,50c0428f65afd8bde835fa6b3f1d42259b2a8c8c30ee5b6e86f48327dac15337,test
left,26350,d0b75b16d416ca91888cbafad3b7c728988ecdfdf354a9c05046f1f6b43bd21c,test
left,26444,c8fc9b9576e47edad6c6755cbc7f12376ebfcfca01f7bf5a7f3b243ed8bf6d58,test
left,26445,bb47484edfba0f1ec516889833a33bad93708ff9913a63fffb2051fe0c89090a,test
left,26461,68c43613dad16b0bb8ee44c7bce46d6331afcb30a88cd86cd5b722369572c530,test
left,26525,d302eb26de45a775ec4d3417bf798bfec99536f628082d8704b57634a8576025,dev
left,26563,27feab619bfe6abaf13bd1b6ca570df5a14623e0de5eb9db485d556c14ad08f0,dev
left,26615,d7266c64909f6b48e50311e63eb01fce1455181efc80b42f614e73500f9cf664,dev
left,26617,418144891f82f85e40a25238a6b5552f3684f35e9b7f949ee2e5ab93c9572ddf,test
left,26622,440e07ccfae3dea7a7cf079e0369b2337a3680c02eb270ab4bf1f70cdf06cee7,test
left,26695,b014cfce665056a622b39b265da9f38e82629922f38b3f849f081f4c1b4fb289,test
left,26805,79aa0c26b8aab65d0540b7764879f0fcb51cfd341378f9c17e2281fe3a10f939,test
left,26861,4bf19f80d08d071354e7159580b886f6647a20a2a1c9c38d0ac503884899a009,test
left,26891,0ad5921e8e8b80ce546ee09239de40e0f01381f78a10a5eebee0378a8c2535e6,test
left,26929,79b64a14ef87332d6e58bb087ba29808b8f7fe9b79cd91e397e4d07465fd31df,dev
left,26930,63cbde7b903a989efe43ca2de6a517226e24a635c507fb8b3ca1bb229e54e6a7,dev
left,27091,54b483c1d1f9b13de176e60dbb805890e88e58c3b3f5eca7bc67556272bde557,test
left,27103,4c75c4d63b07dc6a0e01095515a515f7bc2aa8d8d21b24117805360b8a577acd,dev
left,27137,bd9a9ddf1d33cb4c2dff5ed9874ccbd40d55c8206f0bcd6ad77409fad7fef1e1,dev
left,27182,b6ecbfb36a1fcc9c342085201c84b24a36bcccac09607db07cc5e388ad6770b4,dev
left,27186,62c47a104026e41d3e52818842eeeca8fedba23fca1a087a3aeb95188e554c93,test
left,27188,cacf2bdd504374bbc2ccd46180540a12ca6cf06d781d0be7f35916923d4fc1c5,test
left,27194,5e26dc9c9dafead0a0ed80040879d53d75a5f37e19722c49b78bb75a1eca330a,test
left,27197,acb76ebd709c88ba28613dd48882112c8fed2ac51019bea1ba993448a71dda39,test
left,27248,9839c72b9fd08a85d06b21e9d87156ae0795d1ef0c01418b478a6df535ee2137,dev
left,27364,272491e4207edd0f472dc10575127c0ad7e6ad3365a49acf974454d29d472437,test
left,27391,1227fd0acc6bafe4d5f051d199bb307094c59f6ebaa7d9abe79caa9f8b0778eb,test
left,27407,05df1c0c45411ce0ba1e7e83f15c7fada7858ec430d93088536a1d8680f551ed,test
left,27479,fa647ba85b6a7f63b177bbcbd516eadc6f0023273162edb30c67f4b200eea0a9,dev
left,27501,6b6a3818f841c7d85412013385152c535be5fc113dd69bd9d993826b0395b6d2,test
left,27589,a34344c59fde2598c94472a6a3fa6671dc9c9a8bc0a4e8b1c95ddd8632c76a38,dev
left,27719,c45f4c2e985d584eb75074546f03e4c8ef8868d46847ecf4b7a2aa40bb77dbc7,test
left,27729,edc9b5e2c06feea3cb1c318fc844e2153db726151537269870156245a1cdeee2,test
left,27739,3a1dc72c95994fb511039af82c7eec96cc5db28776e1fa578ae9d5aeaa5c44be,test
left,27771,8b28034faded3b22f6ed58ee4ee9b008e895828e885c2510f21bd1eb0f99d83c,test
left,27778,d6639b94171ba803502007e3e2050d0581113dd7700ca724aa043febe1667d94,test
left,27779,8c3cc05b37fa7b9af5af2719978f15187dbbad14972cd64c9ae778b01ccddffb,dev
left,27783,36efb435bbeef7685cbb767f0576594ae0e5ad5b4bb9dc70b274a4e668312f32,test
left,27789,7f429d591170b7f97fe238597f9f47096bc6bf72104efa2b0c87e4e25948ace2,test
left,27793,edbc54c71b30b82169a1ba8555747d9cfa8b09064261a98c6fdd476148e86cae,dev
left,27810,1486564c9a9ffeac7538e568eabe7e01bdd4e80f8755f5ec1a1a3448b8fa0797,test
left,27840,6919db67a637be53e09512c6a4bf446c1e58e8056958457ef44919d5033d0e38,dev
left,27853,1c146b5f3c31be589eedfc26d2ae1b1934e78628cdfd95df8610e429c82593b5,test
left,27857,57ad53a71867417f765b68ac2bc69177dca9e954e659e9e51b54fd25883748c7,dev
left,27920,54186ecfad3e872e66f1142e58974faba59bc5a094ec0f7e6fabd101fd877101,dev
left,27964,65b79a5ff17eda46ffb88bc6d64fbf068d724f824d8fe96eea8c2e740aa950d2,dev
left,27965,940830094fa7da66c799b3ad5b58ff814221b0541606042024ae06ebe8be2cb9,test
left,27975,09d368fc9648a269883ecb507ed25b2c08b1697f0f6ae96ea11d51b03a45db96,test
left,27985,d570ac2e3338baf9e20506d1faee860a0ee14429b01f7889198a11458e963d6f,dev
left,28020,aa0f268d00908d5df95f97e8b8259634e32a261a3e29cef648fd0d4ab64a49e6,dev
left,28033,e54a1550fd37b2254968682d497b5a7e76039e3eca18beb0bffb3afa2fc40f9e,dev
left,28059,152ee28b275233f54aac7c380779005e40501ab1a8f7ee492d90622f836e9282,test
left,28067,e968a760977f26f13c8aec69f42a2a3f4125bf3a84eaec309e2cff8c72451a34,dev
left,28137,3726f0e13d4a5dc4c276100f2fc5a22fb9e0fce04bfa3bf30f15feec252c9222,test
left,28138,db3265e3a28863dd0805abe446d602dee0d61d1e97e9f331256446c2bf9589a4,test
left,28148,7550a07e9984546ceb6f9a3fc03edf77eb60a97989cc8ac9f868c6dc84ad2ed5,test
left,28149,704dbca4e3baab61a52833433b433c1c135d376558508efe65a3a45f110d8a98,dev
left,28175,25fcf91090d12ad93f26727173ce3f37489aa2b3a2e64bb28b251d2da11578ab,dev
left,28180,577438881ef1e942c507b2fcf7e6a3245c209490eed71eb4ba4bb4fcd742952f,dev
left,28190,6a23d7a1fb05e969e91a894946982fa90aeb05c335c791987b83a13a78793a28,test
left,28205,c95c90a6554c406f57145480693ded04d17d15d22e69d0318f59b49123870b4c,test
left,28225,7cdd15dff8099c3cf6c6b6bc591936d7a66129662a28cdde827c7aed94a33a05,test
left,28256,5b625e235238a8950da1dd096cfc0c6fd87754c9949433537608712d6214f192,test
left,28272,a6ac6288ecd848bbf499e3141ae8fe30c10f49fed7c271993af18eba40bc65a9,dev
left,28304,4e484464e58b6209d53b13d64f0972d463bc6dea7140b8140bf4b4fb58436332,dev
left,28340,b2f113d46fef6656059d5e8b1610fe32b38ac599781edbda2145d2a2df0ff87f,test
left,28350,0344f2c9499b6eb901e1af40c33631bf6884ef4ef041bb06d7d96df065d5af1c,test
left,28366,48a8dc7481f6983feec212560186865d01ed40650247ca39efb30ba7b56208ba,test
left,28397,838f8c3fca8eb7563ae872ffeb49764df4687e49c30b0bcadb569cf5d9724e5d,test
left,28433,5f12c7bebcca120ac9f954023c3aca833e8f0e24d36baeb29085aeaf4a69ed0b,test
left,28500,220bb7544167b833c927dfbcacbe6b6acf32a24244aff5b611d28d8081caeb27,test
left,28554,cfb828a9a82f6e4295d82e238de6684a135089f4ae00f03887c9339ede80e2da,dev
left,28650,c9fdaa966c3d9ec85df100794e93375ad146d014ed7cd3a7094aef20a7bcb029,test
left,28951,151636f46da2d3f13148f616434bc9b48fd04944fc4cf21357d494fb4b2fdcb7,test
left,28963,eb21bc248f79e921af33a12df0aee1976011c6807c32a5b6c0c3a94fa89ad365,dev
left,28971,5688ebbcf32951f69c201f6f43050fe93143d210f3d6dc36291d0772bd1c47f0,test
left,28978,d9247af6af19be25a234531a420f594e23422a5a8b72a1401ae4a11692bf77c6,test
left,28979,9bb966e606d6529e7efa4325187da7c9a01221eaab398f1964bdb2a27d3e8d5d,test
left,28980,6543a29a5454e96c80d88a7065a347692751c12b9bb4cb3dd21edb695e7aa503,test
left,28981,dc9d730f2009a934541721a7e8a95ef0518a80267c6eca7fb1d025ba1732c7c2,dev
left,28982,65facba314dcba419095d2abaa0b4940bdd81254505315ed2420431a8298086a,dev
left,29007,a7bbe9684b153e6230dc26691a4578ce3316ca151baa7f26d70640b5a2bf19ea,test
left,29008,bd663633e223dffc6b70b60cbeeca6991b2ac10888737e39c9cce5f891a5ecbc,test
left,29029,44f97d44562aa6e31ccd232b2a08d7c53f42b92d4c12934af9d62d151735d9a0,dev
left,29032,0d0759326b34611d9c0c6a300e2147b43537e2d750b37bee27b305062883309f,test
left,29072,c30bf6cebe59dad02a614a2644d4fad6551719f798e322bc102eb87165e42f07,dev
left,29099,d93c6fc27dbe7656de5dbb9a2a2a8057248d2e438219a14182590eb67b3e3ea1,test
left,29133,dd88a9de659a8087a2be239462c0581d886311266af6c6f441bd19e76c94d835,test
left,29228,183f658d06526ec3599d98df14843f4cc5e7024ec9be85d835f2d48091169737,test
left,29231,8a4d46814b32d3169e4396d90b6fe111e20a912176f495411bae66be782388e2,test
left,29238,615fb821efbf0e575b36d59e46990fdc0feab426f6799420242895e3bd846283,test
left,29272,e8b4fa55e46280ca8d32d3ddcdfe33d41ada86f617c116218f954921a52a16f0,test
left,29273,d8880c506cf32a59e43f7f2f78b1a01dd202b006f7c53d8345bd267f63dc51f4,test
left,29304,8718d7869793617eecdd1e5dce408cac6104e36efff0f8504eadaac4ab765839,test
left,29338,0b202a293e6e6f44d0e90bfe268828688b38a45c3580ac927442ee01dbab9d72,dev
left,29339,4c3895f6059651511f97b7d07eb925be0904d3cde01ffe027ec8a4cc78762ee5,test
left,29392,b8cfac9053900611baafbac1588f9d8fd14c70170aedb10170de4f0e530f9063,dev
left,29464,c16f771ba68a15bff561e34944e4d74a8c4cc7968953495fa3b121ff114e9f0c,test
left,29493,57c3dbba1ca334bde26ed4c39d0a883d0867a7f9630d9b0bf8511b56c30df36b,test
left,29574,e1deed7ee83ff7543d88ad28715ef3f4499c4e3a4340049778f2536456139f8e,test
left,29612,1335de69c2e82f02369734364989db7e4a24e1a7789ce6c298a5b8c009c49161,test
left,29677,6edaf18c329ba7d72455b76b584c83d52640e4104d3afabcf805135611b40952,test
left,29758,73949e7edd4e35871b82c0de0021d32b2ffa04402cbcf1a7e7ff71c17dfd6a76,test
left,29806,3401ff0a8a35f2b9ea83a98867b72cef576e73645e32900ca8db45d032b7dc89,dev
left,29816,29fa2e2f7da4483203135deb2a2764b3beebe2459549d169bc96451073101004,dev
left,29820,ba3c4f2946fe15b731e7e14d68c8092f51a67316cf1ba9c71eb58eb1edf2e33c,test
left,29823,1bfc4f05834c1cdf37d8fb74e990e09e6193342862ee37c7ba09e154c1aba479,dev
left,29825,94c69aafcee3420c510d1d654f91d4ae12d3d5663c96caa59b7fa18e90617761,test
left,29827,b6f3881000946210a07481e1f6439ea7dacdf77d986d73d327f4e0f4eabf31f2,test
left,29829,76cd5011819a680e745ddc8c7d64f86ae223f6a02f457f1e637e3db91d7822f6,test
left,29861,9c70f65d5fb4467a6bc1ef3f10d565a5ad6593addd6708914d93ddffce29ddfd,test
left,29865,a99a48c8f2298a99456f30ad2838b7fbdc103ad8ee55da3bd87f97fbdce012fa,test
left,29866,d671223b976139782a5b8b85bd4b8c1ef7204cafe3e82e24aabaada965814c3b,test
left,29880,db1663ec7113d5ec292671a2c753eb6282692524d4e27d698bbf01a74d603959,dev
left,29892,440d600cd50085f82da63d25f8304e821ac1bf4ffe0c1579a1cd3b45ea63013f,dev
left,29902,2ec401a3b6ea76261ac277a4ff86c4a0ae69ded87e5477b2ac1c985841121c7c,test
left,29906,4f9216729410c4d18290e929d67e28494d0478a0b17da9c2ee513f7f744190ba,dev
left,29933,31efe39530fbc961cdd0648f297e142bf5f3c720dfc41e1828476568f2500581,dev
left,29950,cceeb1f92667039e0ea5d0d821c75306889ccf7a872a78acb7ab6493ba1af147,dev
left,30058,5b46f86eda99957f1a7c932868c292b81d9443479f398d144ffcd366105f8ca4,dev
left,30093,c38f95ed6e46f4073a046d2175b49a1b2c9d2e73b2e044e810a7d86f00c89062,dev
left,30134,b1a6813d1fbb111ea93e1966989a2f21ae73ff40011c680e3386e02adfea0f7e,test
left,30158,4224e88124c80c7d0d199489895bfd00ee5ec1aff361ab3718a59b908ec74d20,test
left,30159,817846afa993629df065dc0443e26c9e6b90e43fb95ff88f904947d3ff75de1b,test
left,30196,3c2afaad77727047163cf5688c812b01e28ca54a8132d6a2ddce233dc7d6a0c4,test
left,30197,9a3faba9c048ab50202665138454e9a6565b542af2003d42eb6ea6e5533b0a30,test
left,30203,aacdc20f7f8fdb9fcf99be6f557f5cdeb3965a0dd655534dd895a1029e88387b,test
left,30206,912e2c0e54be17decb745866406f2260a49cb4aa85d8631c3f75b35e381f3471,test
left,30219,4b8ca88ae9ece885b45939d97744218181ae4fab96ea179009d92de424d6bbe3,test
left,30338,79c865cd60afd39470cf6287fdee86d960cdbc313cbcacb638d990a4b285d164,dev
left,30343,41055d6893b0a637172dc6a98e9a77a81073cd97b291c3b3bec166fe3b84b8d1,test
left,30355,a49487c3860e19623260e92c388197e069218ed51842c1816bcff99dc6041eeb,test
left,30389,12fbce05d07c04c702bb1afef55ce342e5dcd941e3ffadbec2173a122356563a,dev
left,30436,05939446720ab8e5dbec3617976bd6fa4209276b169564cc8a55d3e4ed6b85a1,test
left,30453,b135e5ea7aaecdd5ee3d87196a40cc1f6d128371ac5db095c9a9058722bc2958,test
left,30457,c3f94e1e66ddcbb54f253f1bbdb16f7d6691a3d58de8c7515dffde5bb499c73f,test
left,30533,62dc401e5321ad041165fa0b98739d2f792bdcadfafc3e56d3c0a8fe10bd0bd1,test
left,30575,59f5bae2e2d9f73acb9a12c9051bcb91798e6e842270cd4512d002a334ca5305,test
left,30585,4cfcc5f20482d9810dd4740e78be3d854c89e9e08ba580682d3790ef37c3b9f5,test
left,30590,f5a140ef1d569e8bccf134945386aed360dc9d7c40466b48fa7ac57efec5c8f7,dev
left,30591,71c444d5353f2ed01b9ef774d919cdfdf119e27be4fc618d52047819bd76097a,test
left,30593,34c32ba21c4250d3c3afdf6e368c4b29ef1285a0b4a1211e0a30d55104624c84,dev
left,30594,96739c8637eda979fafe90b37325d2bbc53342cff8373d7ffddcdd9566be1fd1,test
left,30602,aab02e1470e95e286e2aae55fec7cb61936d48b18dcf71787079e35454ffe8db,test
left,30603,37477da6afc7ace8eb87889cc4da1e9b44a37771765d72bc633d275113aaeffb,test
left,30680,e7f1942ab33fe8a389aaf2e0cd79d2295ede8f1ef5e77add96e633fd73bb8544,test
left,30708,0ae33994b639d91501fb6e0b1923ce58e424a9dbab25df6b444c74bebe59ef0c,test
left,30734,890fdd2fe73f046267f402d9c3ece158078fe433cddf25ff5d94863af6056f7e,test
left,30808,16f1c9c1881eb396f1e69fce5725e5ad2fda53352633953f4fd0cfdacb51d165,test
left,30841,192d37005fbbd1677f0d35268578ca06041f32df9c4174c92227f5803cc81bdf,dev
left,30867,bac2c7e9d1dd74e1754fd412bf60c2cec751ddfb8ebb168e1c3f02636fca019d,test
left,30939,5eba2d4b5a8d23917f97c4f8cd5e1afea9b2d6803ac20720478a950481cc7da2,test
left,30951,c8a09f7b95600b548b7f80e77fbc017c91bc0497bd028bc70f409af81ff1b091,dev
left,30955,15f8403b9ccfd4a59b3bbbe7d6e080681b3fce3e8a4f631941eeabfe36310600,test
left,30957,ae65f0db661c68c69f003ec2c2bf161c57316c6997888fa75a3308147473c78a,test
left,30962,86c4e56c687694995589c553b0acb3de826bcf81ad7adc9cff142a12a0d64332,dev
left,31014,d033e5eb6ba941a74d27e83b570b94fc0a48a562ee64e5737f9ea95268eebd19,test
left,31020,9513a26e48edbf71c4ac2de385210b00a59eda20c29c3e487a8a508cb021d181,test
left,31030,f92249253745006c9f92f0d3e1d127a668b34213664b75238fca7941428439d7,dev
left,31032,f6d329c3a68ab2c853c1d4ecd1daa78300095ff6d790d5426825a7880da7ecd5,dev
left,31176,f25f13b04e56fad39a13aaf869623c7443d5056320e7d1ce6fe0eff8c947d04b,dev
left,31273,eea71cfeb65b75ade42228de317f34c5616cced370b76436a836b56df34393d5,test
left,31284,7dc24a6aba996a23722e2a7f2f3e3065a1c07f6cda64b441ebc7df30e4627459,test
left,31332,05f825c6dcf3f206c20c0c662ace1e8db19a33ba8d18b20190de93d94b99b928,test
left,31337,7af259d792ab0957066a6931d6413d7fc3b9642880e046b22eba2c8ba7e61e6a,dev
left,31373,5c9557a5b1fbf241a5e6e04e0c37b5108d66afa951207fd3702fad81b51a53d2,test
left,31374,86ef3efa794f18d563d34ae9d724a35bd3979cae5f5f2a0143a7fc86142197f4,dev
left,31392,8c801d70a35c8027ad5edb17bf2ed5ea9e2e959a318dcd6d98707151b02816ff,test
left,31397,7c68212870f3adee391a5837813b2940654d1f9fe39747987ae5b72fdaf993e0,dev
left,31414,4a9051df11aa29131de4a3b08d41027bb4102991ca5b9a92f19ba4f5f8c1949f,test
left,31596,09a9d3a7e279256ab7c5480d012fab5c6ab1d887eecb2c7c230a4347cce2e1a7,dev
left,31635,7c7058da36762cce3d1de7de68677147adaad66bf9cf110e57c5d75d1f19d1a8,test
left,31813,8f0f26a640172cd139d0734c2f30b53d90ff04f50bae31c07aa5edfbdadf9413,dev
left,31830,64ce70448412d859421f7a043e9d74e712069077715b81366ba2912984de52a5,dev
left,31836,0f5c19ecdfd881119c3b5341d9ccb6f5cda177d4b2e2166add27541a087e1d8f,dev
left,31881,0a515d9b26710fc33326c1fa4093a7eee62ca4d6f20bd811ff5be84b0e394a17,test
left,31887,2e312b9c550f68958ca254d105562542d9bbaa048c294ed1f695bd1afaeff391,dev
left,31924,4e17299e3c91692ddca740f3992de1cf45e093bbf7644f3a62f70474c3378703,test
left,31954,f5eca613e432be7b1513c987e3244726a72565ef7269424fc2707fcf6bcdbdbf,test
left,31956,49de7433da360c1883924bd4a1395144e3a2b2c6fbafeffcb4482c53ea6ab296,test
left,31970,6aece66ce914625493162b25baad19653cca0446ee8dc4396be73234cda9e6dc,test
left,31992,4248c0f97b7ddc0a5c20be4bfc101ec1fa5d6bc7598679de9e4cf2c2f6a5e129,test
left,32005,401b6dba3f5e7cf1a4772c48572e8f9f84019f38107980b860d9d8506b0893ad,test
left,32017,8018202e9b3cad902f3f2a43e5452017ed5b66553fef51ae6d97cae54c4d1c28,dev
left,32022,5b6500947d04f359bff205f6eb7101d4efb3d247c016bfea68e7d2d73bca4ddf,test
left,32027,60a9fd0fd9262c6b36cf6a8d82546c9d880a38edb16b93cacb91a6bbdd8eb2ed,test
left,32033,a7fa283683800b5b8b2a9905c03fd8e0fa58c9b1de0c9ff079c16240b326bd14,test
left,32034,d3a56704f55fb602925bc985f93bf2fa368a109e14e77de78c9c94c5ab97c5e0,dev
left,32054,c025a6edacf9ff547440fc075cc74599dd777142801cf66cbc17fa700185bdff,test
left,32055,8e60d11f4bcfc694d47fb8b465b165473621f38a3abfc1faa22e9c329bf1e1ad,test
left,32059,859650896cd4e366a3f38f6788c8d92b1129d21232075a4bef35808e93432709,test
left,32112,699e0e627e67df3aa48bfa7da9d3444f414c96c0689c0eff7ea166ad67fe550a,test
left,32150,6270a70b8cc57b576fd580873c89602bca07870bb6d67a3484eb44626a9a2b3c,test
left,32187,cc14148cb71bf57319036dade6ddc09daafef5edd5bbe19b92c564df711d06f9,dev
left,32193,ee2def5defad1306ed308eb0b6b25ee305b3118cb5e2ab0fc905afb852c9e06c,dev
left,32226,40f5d809390dd6036545343ada1580820781aa8748e6bfd0a8fb340733848ce8,test
left,32228,14328204cdb5682996bd8c2cd825ec465e706aa70e66adca7a59b54b728dc580,dev
left,32279,effa7314bf49a033ea578309260773c0da833447fa254d50c28ea5494f1454f5,test
left,32280,14328204cdb5682996bd8c2cd825ec465e706aa70e66adca7a59b54b728dc580,dev
left,32314,0329f492dd7743b27210cdcbe500a5c4f839df530cabf6967fc6cb53a6ff18ba,test
left,32315,6fe4d8a42a393e1e10fe754855ebfa307455fc0a3c337909e2432c627ca333eb,test
left,32322,de1d7a7c5a3cdf03fcf12df3764350935fcc91cf187307b5c4d57bf85d0489a6,dev
left,32323,a7756fe4e9b51a330084bc3ea08924ed3ea89e2121b9d6b212af719482652cb3,dev
left,32340,d4bdde356dfbcf32337582c38fa242fc2c8dd72276a2d20acbe34921c16f8b21,test
left,32358,b92b2a2158b8eea932cb1ad1f003d05808c3b477073e76b043d74d1e24faf877,test
left,32384,fe03d3f848c7c7173278a5b45a04033851ac2b1b1d05ea5c9c1b67116d0e08bb,dev
left,32395,0429532474e872982c86a36dbab3d1fa4e7c95953d08eba668027c39784ce553,test
left,32405,5d4959bcfad482c314de87891b039b768b6971637dc5fd2edf470879f41fd131,test
left,32416,aa758f2d8a9fecad98d5c633f577fb6b76449d8877a0633013269c97a48c73df,test
left,32431,475862009e79402327106f532957bb7809baf699e3351d2292a4e64475ef2acc,test
left,32488,999d95472d79e7410ec0bc3fc0690a18d56508440cee0415f6f9f388172eedc2,test
left,32493,ebf9a4a7c3a09984499dbf5331b011c346c0e4596f5326f447c3f5deed35f764,test
left,32512,05fdcc5c25dee85ea75cb869039d668728cce32898fed2b35b267033d3e0c8ef,test
left,32546,5fad16445f64323b0d7393b92b1653121dbed79c54082f208ab14ac86f512224,test
left,32560,1fec515896149e7ba4a846ddf4be438950b3216f75aa4b7be638b9012f713a2f,test
left,32561,5046305bd154e721231b16652023f6f58d01db2f4fc2fcdead3bdf36d5856033,test
left,32563,516c300363822dd865ff42b53b49d0d12866b864a757010b14be40696cd47024,test
left,32579,8fbfd1899415da612fc8d167521e607dec7253fc5197bc1e802ead6b5e73cf1b,dev
left,32584,80b5f5d1bb352291c23012e111fb4efdb17a38ba249428e64e5631b213a9a5b5,test
left,32625,ed2f00f10d19bc2a6db251b4b879575292fe4bcf1268c0abea5946d5dd00e6ae,test
left,32628,64b4e811cb44a2be6eba76a43e5c6ab0275a90fd8f075da659c32ab54d4fa98b,test
left,32630,64b4e811cb44a2be6eba76a43e5c6ab0275a90fd8f075da659c32ab54d4fa98b,test
left,32653,f4791df450f6c6088376bf9f5d1e159c930c85db19951b317768b8bc784851da,test
left,32664,a5d654bfaddc4b54e96bbc3616dcc41db2c06c0f83aac6e24e1c5542e720adb8,test
left,32688,03cbd2caa61b44d70320c4f34c2929cb962505c41da44086fccfba7d35bd58b5,test
left,32744,b237a65f6c90356bbb744398c9f02466c49e31b594e32e034650a8422c96d379,test
left,32874,3d8e5a63e5908801aa1aaed75fa537eb4489e3f308c7ec4df8c922ee3fc6f874,dev
left,32875,9649e0db9ac3128a72b78f53d8f7239a8c24ee46626f660464a735a874407dbb,test
left,32876,0c1a165bce9ea1f591d0e12e5b8f7154e77afd32f5479856a704ecde087b3b0c,test
left,32877,31a55dae1307587b2a111ce924bb76c9848297b618ca76e327e99329aba4d685,test
left,32878,4f1385fe121cf25fd25e176d7e259ea1d0bd3258590d86c9ebcf310effb2d671,test
left,32880,ded6c5433d1fc69da1a4a0fd401648b9aa02d5d6b717d7d3f7828b0ac1f186d8,test
left,32882,7a82975f2e8c6282fc2b88a8a9a558b2013e0e1f68486ecd270c20973228b2c9,test
left,32889,2caa0fb04638a2076ab04618cddc323f39e056fa6018793e342e9970000b1b56,test
left,32893,6cda46bdd4d75a809193010d95a01f20d42f75fba02cd978e52b0dc5c8ce7269,test
left,32906,d996bff5c70fef6ad89fabcf03329b62e86f13f7bf6cf35c1dd15e8875c5b7de,test
left,32984,97c5c44e97ed405d04f7a690104297cd58850d0dc6e97e74c0c87c01bc5b8a33,dev
left,32986,7630801f433e0f66d91c507b1054677cf75d722dcde5453e2d8d48796f3d4077,dev
left,32990,25338c6241f5a75e29828efb7e4610135c235f7cc39411406891dcf2b15f1773,test
left,33021,4b5c74ca286618d9e6842921fd0b7fa302908b0f967b4cb7e1d44b088cdb0429,test
left,33024,83d20860f8b911546c03f5f6f7f46dd78ff33c8f5d935e7c06cdf2eb847104b8,test
left,33026,ea45e09cfc9380a22be99cd645152bdcd5d360b53f68d09bd55918d19e25f92f,dev
left,33044,352b6c0428ecde157cb8bbe212344b71db08f15769256d15d40ef7a22aa6a2ad,test
left,33045,024b0953aedbf181cca9355ce5470d7605c54ae2432ea57a1cf3151e069e411c,test
left,33047,b44800e5c76ccad4a0eaba2f2f7f0adeb219290f7ac7dbba70ed0b82aadb3a98,dev
left,33053,5f24e307112fd2fa4c4e054aa13e8485fa8ff1e751c069f464363eb22f7602ef,test
left,33057,cf3dbd521cc2dd48a3d20ade6d5cd16e53d203564b9ab3968a97f9c268112f2f,dev
left,33081,a99ae120dcae92973c49e6afa84cf398e3a4bd352b3ce882df287f2a82669b63,test
left,33150,7971a3e5c51594b7185b223a21bbc6894d90de044e096b69c49f298c52b4885c,dev
left,33157,d1a8fe523d38ae0bc2664135cccc8e9bb831951422a864842737f2a0359baebf,test
left,33158,66e5b95617916785535f4e1b5c1e379019f6dfd125dda041680ab15e8b0335f9,test
left,33159,4f0805e374c62245d64135e5fd8bec3ef22d9b28f2b695a8a9255e03d8a42397,test
left,33160,ccdb3a1de01112de84b1c67c2712811e9c0c14129abc78f5437623125f59294e,test
left,33161,855716d2b0f743d1b54453e62364ae4f6a8430faa8623bc3687eacd732579dd7,test
left,33175,a9a7ce213d5ff19352d2ea37bc12b2ce303422e164e24a7586ea4704bcea99c8,test
left,33177,b5b6270a70756d57c4a778fa59efcdc0e92cb12c20991c6328bb2a0ba49dc0f8,test
left,33209,6b18cfe962421c2d1cd717458fc05aa7c5ec68b6e0fffab809d3b2ddd414c894,test
left,33219,4d97a2ed4f027ea8f435ad3a7ed8b526f332776323716001aae52a048e380e11,dev
left,33220,29f0cc48e520b8565aaf55feea2af24d2644b64160d019c042b208ba4275ed9d,test
left,33263,ae618c281b15e64d9680ab521e55d9ac5a632e2abce0d9b3526791ee38254229,dev
left,33271,776fcb86f39b0ffc2b7305e32db898a0a87100b0fe731d96baa826b0d4d4c2d6,test
left,33272,e24707b83c3fd814df001294ef09e95e5e7a84f1f65d38e694bd136bbdd06749,test
left,33273,fdda49ec5cdbf2d041c3ba724a989b5f3478368d47d0a69ede1dcd830c66907c,test
left,33275,2f87f9c26a1904b69f6440be908e3831ed6e2fe237ef0567a3140e71c2ecebc1,test
left,33276,a1c743ec4621d72bdce15485c22ae4d9a8fad0893fe41a6d008d46a03b4eaf65,test
left,33277,3eeceac09009218ee2e58fb71f120eba92d8f3f8cc441212e4750c90e9bac772,dev
left,33278,421f7c906441bff0a16e38ac7f3ec52f9388be40fcf7f42b8d2736f6e62874b6,dev
left,33279,a40f379f25acc4136e863895ccd9da9551d07dabc698a0bf9609f4489314dc11,test
left,33280,3d8d548c8372c127ca780552726dcab609a8c092a3851407ae318008580501f0,test
left,33298,0be63f2ee0f2cc3a570f04a69ec51b9c9b16cbdb60df711ceeb146ededde55ca,dev
left,33326,2c3b0a9657ebba74342a7c297ae1614deb99aa06c4179bdd9657418cb972629e,test
left,33327,0213723688d0ab8a2c1346dcc107ad38a821b37eb8b1fd22926a2b56f7fe77fc,dev
left,33377,d1a3452668304aaca5aceb2d55ad884676cb63fa86cd16501f169b927fd7c4ed,test
left,33382,4ce39baa4dc944f1d590cd770acb7df2aa924f9a83a23687eff76c038e41b698,dev
left,33431,53856f6e81ca52dcc58f3e93a869770a078691a0b4707109381f6639c9237298,test
left,33437,ebf81a44618335ab5ace5a848e423b16817207cf6130ee83dcc1dca96876edfe,dev
left,33438,ffd5085bc46d879f41018f3782b16b349462bb13c451ca462f436856337a6bb7,test
left,33439,4ae7883e37ba64f677c6b0d17bf26182cf9cf56faa2171e4f1ef711f92087402,dev
left,33440,5623966f8407ba25c4b345b940f4584208224df32143eb4e44ae00c71ef1e7ce,test
left,33443,f1357f91cdfa0b97e2ffd27b5369395ec3c36f3135e5d079e9d5236db0a3e121,test
left,33444,8a93ba9d25b017787a00f1be01a19615678c9f5dda27263f2a1059c6079c94e0,test
left,33452,2fcd88c0fb064d24532877ef2c926b3436ede292cd738e6a5b96a7601e0a658b,test
left,33453,db4c764497031f746195bcbfd24992b62824eb1f7f3493e611855d6f15d627fc,test
left,33455,2ff8fc8c7ef0f243b7d62947ca9a2d15619fcf974a1b204339171f8e491175e6,dev
left,33458,13633dea2f9a2fcbcf260810321102a481eb3edc94fca4b4a47f46e7c9c78f54,test
left,33464,0bf23b2a0ac758e91747d29cb1447fc44db05d59ce1d27440d9cf2385c3b6f00,test
left,33467,9a189bdd8c63d1b2e7770f51d003ecb5f0db732737b176a4b676e11d237ea76a,test
left,33471,f46740266bbc02a970f0efc2447b447fccdfd621aa27db4fc28799d8f7421510,test
left,33472,e2bc485ca1ea77c1145a5413bad6ea10b3ea210f4a8ccf3b0a6edf5e79c91cb7,test
left,33476,f334fafee9e90f382802226b90f442b852fb34df143638cc3b47efd7a9c1a508,dev
left,33477,fabd03f2b6233b327eac20cd6388a1e9f3be8887705b22947736134ace161766,test
left,33478,ff5e5be619eb4e3bfbd4bccb6f8c9a9cba036c7e241525cafcad9bc3676f7e3a,test
left,33485,6428305f19fccdae2f14a95615192884f4c4123f56dee4cd9497a115bd9e738e,test
left,33488,b7103c9efef15994cd09a1d8770ff7e64e5557bb305679be14e8e828bf9fda00,dev
left,33490,afe1c47f47704e35f7706befb9134bbdefd7dc089229d19f15717b147dc2a206,test
left,33493,2f58b7cfe3e1caf396a3adb5eb2de7854888e1c9e9d6fdc50b0ee27b56e1bdad,dev
left,33496,1a59e0f6f8dd7764ec85c7bab7486f2bd497bb05a65684705be2c245a147b87f,test
left,33498,3b6d1fce64f7a6b735c50d688f41bde98365239538e3eebdfb2be9c22ef38c0a,test
left,33499,98774b7f3928a666eb4e9ee0d3c10e62715f3e513174e28906e910140ac31325,test
left,33508,1be0aeac8ee0197b0efcaca3b7eb7bdc3b490d6089114d1722f1f3da4162d688,test
left,33510,9c9c4b66caf6e9ce156c53c13c23caa4bdc462f337754c704ee517855399d9f5,dev
left,33522,aa0bed6c9105a167b1974d2e411165280952e3883994e9a80dec91d1bd87f00d,test
left,33532,c8a99adefa229c8447a3d349b42c710b05dea070974e7297f2dc76f5e22d0f07,dev
left,33536,4efaa304ff513f07def00c51445c6c8b6dd007ce9f2a3270edb439d7086c3b93,test
left,33537,6319fa91e89ab1e96c226851e052f1a9dcbb3d5d6c6f5063d1019d0fae145c86,dev
left,33562,e6e1b27df907bb799076ce36d61b9dc2250af645daac6fec54d5391689e155fa,test
left,33563,89f2ee21ee83acfb0288abb1ac079e4ac69be158a9b660705a56e7aa0cc29bc7,test
left,33564,f2867e2427a6c3dab10d8a5397370caa994f5c717b18ee514d12ae801928cd84,test
left,33566,623a78e2b29e1595e8be111122a5867e0c9859e098ab9b36256763beddc95b27,test
left,33569,9131ccd7d6483cd20f60e7f1e9e12a51fbae17d2b8b5b4fb6cf694d986471a5c,test
left,33581,14a31c627f0ad521b5e02d61a7a76910b5c3913980a50cfb83416ae76f8cc26b,test
left,33582,0f6fdb9a2b91565678032bd71ac868d39abf90722e21b9b856d0987121d2f50e,test
left,33586,ba5d935237c952122211cf0dfaa94bf1b6747cbcd3029d71439380175cb33eab,dev
left,33591,6bad215aafc0eaf3f69dd08036c364d272c36f5dec8b3dafd780552cce8015fa,test
left,33595,6ed3d873547c3075329f72e7cb2152f957cdb9e7669289a4ee033028d922f90b,test
left,33600,1a2c377c8dd0ffbcc2891d1c7fb4d954c09353a117a5577e5ef043db33679002,test
left,33601,25a5b0e867b1016dea55fd7554e76377f7d2d22b30cb840d740421366055af6d,dev
left,33612,2cfb91695dccfd74dfa4d61cbdbc1eb99e445df5da5dcbe4dbf09a7864612465,test
left,33625,f039a645d7795b964806e1a2b74829e647ae8bfc242c903be2d08b9dec2c1f89,test
left,33630,1ee26dca7b7483ea486bd080e686749d8730cb05a6c479fb4f851d818f106f2e,test
left,33637,72e94a6629024c999a52885cead28649a48e2d419a3916603db2be34552f91c6,test
left,33638,b33e8fc578883b36e38f77182c83b2d8060577da375454bd822039307e0b2fff,test
left,33639,d4d547930ba5f0e9c7b25724b338f517f84a101d5851d1010dc8f42d69b480d4,dev
left,33640,e93f21fa2d86dd98dbcbd7306781a47875a1466d96d7ee171e6925c71950a6f1,test
left,33643,feae162c964c4b5060e9345ce894114feb08f31ec85ca49b1858c91bed69a240,dev
left,33645,38b5ef1f7f109638af78b5b0b739bef4af92d6e3539b3cbf6567682c2eee6c17,test
left,33653,26b4aa4a2140f7b61dcd76d8d83cb8af8d0923b0809563fbca974cdfe0c7dbee,dev
left,33662,f435f8d2c8f9c3f6050732042d3a8e6c175734169944a5751c2450a6d18d4382,test
left,33664,51b4674a30fd87c9c49c9ea463dacf5aef3fae2d941f989928ef8ce0c3cfc8fd,test
left,33668,fd012cb1835addc216895c300a5b288fdccc31775c72ed837b30773c6acdd1c3,test
left,33669,e52f4bc0ba517aa152abe2c62c4c68f4a15fdff2be9211e69a03ad9d942868fb,test
left,33670,cb8bff24ba16f2ed92a2e093407c28feaea4edb92ac21f8f799101381e9fcdbe,test
left,33671,523351442812c00f013958b3385a0899dbaf8fece3ade5de19bb9d8db823abd4,test
left,33690,d974ec1ce92f76478563f1dfca31d1f957e3aa3babcd56310678671dbf3dd1b5,test
left,33713,60833f59cf0bf37d9a00f904a7ef13d15f3a345a9b2f1a9963f752b3035866ce,test
left,33717,e2eab3b59e7879146bc537601db390a81d82aaaf6cc0f3309d08991c8cff07e8,test
left,33723,c137bfdf0bcaa644fdbfe6bf7890e477e4c6a8e2990ec28fdfd43f1e4f689055,test
left,33726,1211029e8c985f194230c6229eaf3132dfd2c84479491be3acd8de4b8bfcb778,test
left,33758,43ac6e4e86dd363bfdb0898eeebd700a344bb1cd2202961d1d24eacd7633a612,test
left,33763,0258d215272b0a5342d252b6ef6a0e769d4afa2da257634465bb193ca519e4e8,test
left,33765,caa50dacc5daff051f920c1baf0a0c9c610fbe5e0dc0517900fac10ab6567a6c,test
left,33767,d23ad9388f1812155b4d650ffb409eb16d53a977ea3b7e372ed6276f72bdcd22,test
left,33769,9207d13d413bc659ec9f46e5e2ff7f82e2cd7503d77f67d78137f545043a8399,dev
left,33784,cb2b2e7b68133037fe6ca594d94b62b918a5defaac5aa431dd9f352874bccc39,test
left,33786,e95935c5b9bdac0e2b97a9a8faa0752aa65329db89686c787b2d4b4625163598,test
left,33788,bfffb1f6fce3b3c7df854ac2f329cd1309fdd701b5ad62b89df48450182816db,dev
left,33790,56390894cda4968f4f25bb7dc5b0aa25b43a5a3e02981f57bddee1881b1dfc69,test
left,33801,518a2735a3759c0516dcf898567c045defbdec6cb84a80d90f724de1bc9fdc68,test
left,33804,8c1c6e458a85988bd9d8ad28fa4c1ba0fc39fa9dd16f7273d863d08fcd13121d,test
left,33831,da36628790cb952097a151590a45e49e8fba7c989ee45567227e3577617cdf7d,test
left,33863,272fda52de7f5c1ce6d8cd59f370633ff0137e5c5a5a642b12363a5c0b266bce,test
left,33864,be498e769ec6ef9574e200cd45eadea686a5f3d4f4ae51626dfc808894fcb0a0,dev
left,33883,46446728bb06311e9ec2c32dcbb1ebaf7f38151987806672a618a8644395d7da,test
left,33908,77e882637bee5d50d6e7e5b96c37acb1d8522c6b7093ef5a6de14ba38dee4f02,dev
left,33921,c8ad8c873d18383a9df76da331ec66833c229f9d2fb4e662341a46773d43b178,test
left,33922,bb5a7fb71b221b91a793c72d183f751fbc216eaf2357524f859f8e3f5a7db752,test
left,33924,9e031b68dda32bb693c02a45c1ae0e6ce4c4f3e5eb1fb5422d795bca4488a4dd,test
left,33931,6e58f95f29fbffe9af195ed4badc122b6bfc28d08aaa30fcff3f550f0c794d84,dev
left,33936,086c120323d389ee18b5a000ffde2d48d6aec9c2d3243a9379f84cfa7d8fe5a3,test
left,33938,938a16222800270ff8cb22491ecaef9ec98f19e2f30127b0a977c30397c543a3,dev
left,33948,bd49794ee2f7697950ece2e35f490d8b6c4252584ed329bad58d3eff6041d955,test
left,33950,7fbbb6c0aa10b058c94b481c57f98787b3f65916fb00eeffb57e0c97e5f0de45,test
left,33955,d2843666080d7c4cb54fe9cffc22b6fd748fa2953838e5898c17c89ebc2a14dc,test
left,33962,67907eed54b66cefa553a4336ae4d9db66cd0e09981de0d1edbd83d0d10d39b6,test
left,33965,3e7bc3e1ddeb1b89076589d7d0219bf95c2a79c965c2b51ab5d269ef594f4072,test
left,33966,2e5e08439a7804b4835119e3752f84eb15c6691357394399a9a612acf2683889,dev
left,33967,d93df631516d213463c5cc0d74edd11de17e661e75cea26a56722fe1c713704a,test
left,33971,5f617e2e0902fcacf7b63dfac29e1613144784a581b53ba78d5a9db183ed6851,test
left,33972,28485e2c6b94c2dc7c6271d7d7436f675b85edfb3289ac80bcb3764cafdaf040,test
left,33985,51b4b4d9d52c5ce7e1de3ea42783b8995199f05cde662a92becde5244824639d,test
left,33997,883e66631e6edefff144f92fc5d2c7dde2b164b61d08c1ed37f9cb79273fd6ba,test
left,33998,65fa89af4c2869c12f152ee4a914a39c2d046aabffdad585a5e20a97621ac0fc,dev
left,33999,0b74e6adff6ff7e4ccac62c345d4e7e786ee27b61bae7da9c91e4a9ee929d0be,dev
left,34000,95daa10c5d7bf75225060b501f1cf2045a3d60c363a1d58e475698734c3f76c8,test
left,34001,33fd3d0c55c0e0563f0393f6947e769bdafbd3e04cce07c56fc00a669cc119ab,dev
left,34002,494cbbd3854d16365d8d735ae688c6108abce988205f5b5a46237365b4071c75,test
left,34003,72847c65d203bc876e50c9306fb2f88e3d2931522eeeed1dd2e2a9113626057e,test
left,34004,c5d35e8ba4b7253415eeffd0bf5eb31f265d37c815ea46178e47c07aacca698a,test
left,34007,6fcbe950f5aa4ec43709fc75830e48b45ea279fbb25b714c6805518239689b21,test
left,34009,2f02036f89c897981559a9599cc6a3c3c359f731aaedfd0fa226969853ebe3b3,test
left,34012,55dff2874b0d648dba07696b203883181e6437dad4f7807fe5ea3e096dcaa353,test
left,34016,e559cf1a3f35467bef45c65f75083afcf56e6d37876313a34cedc3f6f897e403,test
left,34021,e886a4fca7e0770621a5a88eadd034a2d4bb73761eca81f8fdd317af4610e234,dev
left,34031,7fc6183ab624bb5b2ed801bf0123436edda6316bf5215ec4a123014dc00c9d0f,test
left,34033,950fb2bcdf2b306c28d713270a8c3420ccf9de0cfa9d1328c744ad6432d3ee24,test
left,34036,b1afaa9c64c11ed336575dcd69f54ba38978d72bdde9defe71de169ec88b8403,test
left,34056,aa107d7733ba8e96b2794c3f23316d511a89edf5bb0bed2139466b8afae1c5dc,dev
left,34065,6c8d10fc1f0bebbc0b81f61d3d763eb2fc49f7fe638b4b44f0f7a77e78413b65,dev
left,34076,adda1bf42c1ae5a1eba60ef0e551c8aa53ba05b7b309e125969117b8a0b7081b,test
left,34089,a1cd8c4ea43a6259a8aba98a37d28fbec6edeb635264ac7958c4105762b97168,dev
left,34091,945b22d548b98825efa55ce8b766f3834885daf0ed8288c5641af7af19639995,test
left,34092,cb262d61e746e6da499ef3e50e6c704615f29c02e05b8cd7fc8e2b0b762c03cf,dev
left,34093,4a9aa745ce049758a4902d464839f1c1c90c6403e2fadd49a84a5e51c612fe6f,test
left,34095,851a4cb23571f2ae9940fd499e44355e7cac80720053ccde5bd40793f2aed9a1,test
left,34096,54ade10e30b94ee194fbb94371d57f9806255bb18537df694353c5a7870b8609,test
left,34102,ab25e703d2924753113a8bb55055f885fd4674a715caa6a38bcc8e8648afa592,dev
left,34119,2a630372b5698cee974317ecd2d57eb817921c3f3e0a18eccbb8bfae74684f3a,test
left,34125,500e151466465cba2981eb9b36ae0c3886825be619a814a9a0f7b5cace643c49,test
left,34126,f92000621af863e186d152560275e453621829cff42f2c46214e2f3e4a86ae2f,dev
left,34127,767e1eaa570b340286e59d9e7f47eaa9b757b72baf53af2d3c0664fd3d78803b,dev
left,34130,92803885b687a7411b8b9d0f0d9596042c82246b37e8652570d44458f9e16485,test
left,34135,dec0aab10e1e5ac2213eedb98f1e00643f637b2b17e429474d0773a0d7c92216,dev
left,34136,3b7985524abf4b4220ee2fb9a37c35a2df076e1d6fbc649da57b3e492fc3e226,test
left,34150,2442ae7c7b8af3eea49d8c2451b34bd43d0d7612a1b6bfe7ff4fb757f328d9c9,test
left,34151,1b44071f492a1e2927a1e40df06b7c4b19eb12ae2965c76babc5d8b97eb678da,test
left,34153,d7126c127c3dd9b6cbe29b71fb1f4d26ca2366b4e838a14bc7c4a152df84354a,dev
left,34154,78d6f5ee002b23108241a24bbb2fee343733996358ab1971d19858e7eaf6e403,test
left,34156,d7a5be0327eb8449888fb08c160726c9fd08e07878ef69fd26fda42759276d36,test
left,34158,950f97afad8ddfe6e683bea5dff6126157cd38ceb4ae975c7075b142f7b805f6,test
left,34165,9beb3de935ba1667148d511bc4f213ff2941f52afc82705b1db8435ff8223dfc,dev
left,34174,7207740188a84742c1b4e7da9f8e780f0cc4b4092e50a2a955c5b140ee959114,test
left,34218,f1bcf90a372a0852e9ce24e028a33139fdd76c53ae30f23ea02c928ef026b7ba,dev
left,34220,e3d752f4a4252495400efac30fae237bd26eee5abf77398fd6b4761597addbf0,test
left,34227,3dd4394cc26fe7334c248d2e54fd8979b5de1a020472bc686de0c4aa6e369592,dev
left,34253,a9882527ebeec7be42ea9b886bff111e47980df7309c6945b569c31addf90ba3,test
left,34256,f8415bfccdd0ac907ca6d3085e0eb5baeb2d682af49713db77bc224b23f21379,test
left,34258,b7e4f415c1d4c93f9027d68d8e3ec2f51522f1c73d130c0614cf0b6639817eb6,dev
left,34260,15c7a7cb645354994ebacd4d200c90a9a9c48c997dc966384d0ef66abd3a6f4f,test
left,34263,eb7975c196343871baa8dff4c5d0144356aa9173ad5d1faf3875e4a106f0fe0c,test
left,34266,8e7c5136268754310ed9224f0e5b3654655085dce857bee3be610fefbf6a5a0f,dev
left,34278,25ba617a51b53dc22ed164600e1bdf67e000b4b2e0e6213a72c300960aa90de1,dev
left,34280,6f82fb7c91fe54c98e4ec03e38d552d72e9082a4c5272963f99a2dcb118516c9,test
left,34282,5b9c0527f4e12cacb5cc87d534262d3dbace0a2ae373e524d2771ac6a5d3a233,test
left,34286,faa3da65f85ab8488b17ef3c92d1f9b9e8cae0c97dbd182efed2c27c27b620a8,test
left,34298,4109d2559b08a6fbec781ea46db3ac1950f4f2313cd442ddddb1081b0cc29ff9,dev
left,34300,320b5bb758df6f4168f319e5721b702d0fd57044534f62dc9969d9c3d5ea6d76,test
left,34301,8c96d5c55dc3d6d4e53c610fd8db37dd34ade575773b3020aaf9ec0cf2fd54e5,dev
left,34303,479ddc0b63e407ee5e62191bbc566415bb65f0b99f3926a91c525d5ec5936844,dev
left,34304,fc071eb2d9723429869c1bdd04d4d81bd6f871ba915240f51aeb80f8ae89753a,dev
left,34309,6999bb81521eab4a572bdbea6ce50b4134b64306997289062e96b44af5c73b5d,test
left,34349,7ee099303ab472249ccdcefefdd21d417d0021557934b014b15a2a5f13bbba85,dev
left,34361,0ad898eaa06ada0238ea250c746893713b98ae91ab9074889dc3947f6a1abf6f,dev
left,34363,05837f7929f929233396fe5aaf3e2375607f6971529cc20658b08b37ba58d539,dev
left,34370,ebae5900ef7eeec976a4e5b57dbbd2b7266b09bfba9f84fb49c4864e33746155,dev
left,34378,75f5aeb57783d12a8312de5646a64d499e142519c1b7354c140a110fc0a9f958,dev
left,34379,5fb006ceb15a6cc17da4ed6ac80f04123884d65980fde059f4d96d3091d4467e,test
left,34392,e90c7e3bc2e2965c8b91699185dedb16004c3406d2f7e99b071b71a549cabb66,dev
left,34393,4d0f41bf44b4c71e091a0ec3f2f5a04658cfc893d44f0364f16355ebd184ec74,test
left,34395,b37c466857b13f89438a9bc86597d7df555b5510364141f65fe7b91a5f51d872,test
left,34401,4908cae67ae89d0205977c1f61eb93f83ab47e2e7bc75856bfbaee3cf4a5e6d3,dev
left,34424,b5e8d55da9b784e08d33ff5c3d85bbf42c249cea06e53db32525eee2795b2798,dev
left,34442,58988f6af58ec795780a9d8a59bb5d774fecab296eb680ea205f11eaf6d45554,dev
left,34454,34726b6c4a31133f57dda1310943514c7f2d172ba6931f668e49fa65e0d78b55,test
left,34465,4abf03fe360305faba62d34578ccd7607f17ffa215ee5d424892f77748137df0,dev
left,34476,7f4909677a07bbdb42319bcad6e69232e9887df3d33a1e3ee1185d0660a7e5e4,dev
left,34490,a13e4a707c7b950ead4786bd00a0c66172200f2c43bcab0faaae2b28a45418e8,dev
left,34496,af329d0a89e278cf622dbdb93283cf3ae4239b60aea2afe33384238c86328e70,test
left,34548,515edca123403c61ef9e5a34ec3b019c129f1131fd182d011ba83fdd678d255d,test
left,34552,0cad0d5b10b40005b935e34a39b68d575a5f0558a34f0b29aa91f9b7b8b12db1,test
left,34553,c74e9876c63627b2cf0e8996ec967fc71467a7a79b7528224abd4de7af361491,test
left,34557,ef1612bc261b68051c71f966e380ad1d55975475589af20f7d61c4d5963331cb,test
left,34559,acc8e4022e7428a1020b79abd2ee695e9185010ff78d5164a690b9fc1f113bc7,dev
left,34595,1a0362bdd11a44e5280a87645cdb19b9fcfbff32657bb35c044b6d02aab1f660,dev
left,34609,3e2ed7799248a5627df71137f8553d0059d7ff0112f48fad3a740a478d1fb97f,dev
left,34610,d6dc7405b5eedd3527d7789fad228702b9581df1292756fc7504ba8e9cf65e17,test
left,34624,3e6d343b6a8200bfecce61cd3ab3da076aaaf3c2ec83d4036ccb96f7fa348cff,dev
left,34637,0f04fc08f4d9ae705a04338818efd383d6e1147bf6a335a62bb9b0400cd227b3,test
left,34638,3ca2f97cee39fe2aebd783aec619f97f3ff4105abdfe990118bee2be3eb61f24,dev
left,34640,9402d71916310833e820131f9e398068779d81b3b63652cecd7d7b31f097ca52,test
left,34648,e13242045729e77fa763c5793adfb3093942719cf1fd6ffa797a8cbdd107906d,test
left,34657,f373e80b7a9711f890843f31831ee3b19271b9d592a23ae85c8f5fb2c3106024,test
left,34659,11a970e700119c3f1d09ef99849541d8c63f9ee1dba476443029eab95ffb27ce,test
left,34661,36d69014c94af443601a45f3183297bac026ec72091f253608fb259d8bd97250,dev
left,34662,4f0ed50e84c2025de99629b8890482316481f19070146d49b1739ef7311ab72f,test
left,34666,44ee9fdf8e0978e9f7b710b84d1af6278b388dc1f49b7334ba0d520f4f0df231,test
left,34697,35039fd69723bfe2b0ce148d6b977a16a47f445cb30c999bea9702c8fc4eef45,test
left,34708,f496715b7f68c29dd3b95b2f897fd423133e90d7b606ffc793bb6b42e32d8cfd,test
left,34719,b401d513171684e7024e90668ebd19a5c3fe0be6a753e3844057f6ff842ddaf4,test
left,34723,f656c3ce636bb8ce5fff014c519f498853073a8cda17c05e64a54ffdd62f08fa,test
left,34724,0fe01271cf6d4c161023013f6f24ed9a697b86c403b41084fcc563c2370e3aeb,test
left,34725,47d5f929a5d946bf4ac0ff3a7e19be004baef5218bcc04257cdb08b8a254fa7c,test
left,34727,bc4645825914ec9e8729bb1595f67ad1f589868d2762d597b5d42e4537f1bb7d,test
left,34728,49282f8b9303c2a82c786e0c674779af736f4bb1f8b149924274f0491d382771,test
left,34747,46f92811d9ed22e21543143c97e54bc1bbce7d006b48d04b6f8bdafc0d8113fa,dev
left,34751,2d0f4c1889fd7cb2e6c40b9e71f6d50a84a1c417af5307d552e0dc39fafebf7c,test
left,34754,af88f2d81d39e40bc99e3e6b2c894d333c8d362ea3cbc4cc6dfb37a74ba2e8c0,test
left,34770,603216dc110cc7e95ed2f82e6283ba6ab5854cfbd602eccccda63312d1341ddb,test
left,34791,e82bb3a52a1080ff03b48956854427be483849a70005850436ca1b2c9c4f3227,test
left,34815,cf3dbd521cc2dd48a3d20ade6d5cd16e53d203564b9ab3968a97f9c268112f2f,dev
left,34824,e5d1e5682fcc65ce79778ebe18b5fa966a9539a3971dc6d975a8b0e3a3497fed,test
left,34829,f3123a76260fdc2406634d5f9a7ae61985febe8d0f40b2b266ef881164ed0eed,test
left,34831,ddda287925e5285909f1cc613c058b370ade771ef3787f53002a68555c1bd229,test
left,34836,97784f6a602785a171987272c42b29363362429ee8c845d4820e52b929d98312,dev
left,34848,e60188253b6729927e36bb3a01a8c78ea356df37a2b4c555579f6497fa7976c9,test
left,34854,9726701734c3df0fa76f0f53408f6a81fb47259b63c35404f25bb80de3ef431a,dev
left,34858,12270d0849db10eda345c1ac1e1cf8a5a04eb1e5cd6733f81fac0e6908a0b289,test
left,34860,73ddfdb0b798b3f04c7958eb5687cc846dd661acd20549251a4a10c7f984c458,test
left,34864,250f9cc22aefe23d8d16d3fe0f179632acffec9fea039daa675c8c75d01a9736,test
left,34878,f5b8ad4a2d98bf36613bfa32ffebf98a76e7283a27c04cde1f32c501de2c8fb8,dev
left,34880,451cd2f78f2dbc9dc97f59db14aa841c03aae4d353dd4152de399336ffa23bcb,dev
left,34881,4406ff53a7a6add6e111d632b3f6cae352ae326ef67928e7810c81b30cb3b060,test
left,34883,1a5d69e55c1ae4a0969a54d3dd933a589d39254a3a117a29152a8e9e2bae146b,dev
left,34894,5cd02f7472b0bb59bdda9dd46abe4c2c81e91cf06640d7d12f03bcd83fd252e8,dev
left,34895,dc4824356c1b7999e50a9d24553d35ed8746d89216650f6421d598316dacc62d,dev
left,34897,056f973855f46274382cb14a9b422e917c51dde2ad2b38c51943dbff5ef93320,test
left,34899,d9b10484d8a82ff0291a8f18e1414dd72921e9229b095f70e988ae8bea0d2f8b,test
left,34901,6e0c928894da371f8ef21e719d7068c930122954faf40704aa803cf4e2d29ab9,test
left,34904,4f671efe2b055f9b46adc0289c46e9a109529c517cc51fb71697c126af916086,test
left,34905,ac45b6b73ab10b1b349c7f73a0e03cae74c694338b8b9d5360a9b81583be3be4,test
left,34926,e60188253b6729927e36bb3a01a8c78ea356df37a2b4c555579f6497fa7976c9,test
left,34927,e60188253b6729927e36bb3a01a8c78ea356df37a2b4c555579f6497fa7976c9,test
left,34928,e60188253b6729927e36bb3a01a8c78ea356df37a2b4c555579f6497fa7976c9,test
left,34934,e60188253b6729927e36bb3a01a8c78ea356df37a2b4c555579f6497fa7976c9,test
left,34937,bf122b810685af6b527a2d6fb4c837a039a4b4113bf6205cb5af7b703771287c,test
left,34941,b72f4ee51917b39d11189b1336d35a4f661a271db4af77b3eac7c8f3ab353242,dev
left,34944,9800ed82b4462e132f67e8a62c5fae79fbac9427a99dfd26ef036c528d797b4d,test
left,34945,1348218828d573f6affc87f8e1bcd8ff228b9569dad2e9adc8d56f2b1ad802d2,dev
left,34946,1348218828d573f6affc87f8e1bcd8ff228b9569dad2e9adc8d56f2b1ad802d2,dev
left,34947,1348218828d573f6affc87f8e1bcd8ff228b9569dad2e9adc8d56f2b1ad802d2,dev
left,34948,1348218828d573f6affc87f8e1bcd8ff228b9569dad2e9adc8d56f2b1ad802d2,dev
left,34959,98d4b3f9e5e644e820f685eb8dc1b42f015d8ae706f5fa05d34d021958de98ec,test
left,34960,a04bba573757cc32ae60fca72cac2d2de1419d5ae9dec7e6bfa9a33cde090643,test
left,34961,1efe027232446be4acc6164f516685d0a97a41a1a53f143401915fe13427065c,test
left,34962,9820c601689ceb9aeb230bc5a1763e51ca4fc0a9b0ffa979c5d087e9aa091060,test
left,34963,2f66895544c9cdea97df4265fe54eed0a58a129945be8119c897e6b57bf9ec9f,test
left,34966,8e194336a3b89d81b6e011a23ff552d3bd673698188524ac81c82bf0629d9c57,test
left,34968,dab581ca420cfe45330e0bd0f2af9e7a91a72498022cc3ad52ed2c6ee5b4cccb,test
left,34969,4e3cb249a698c0bc8261dda963058a67b90d75743397520bd3ce2590463853c2,test
left,34976,701e5cf09f61a0bf600f86569b34031268e51aa84bf03d6738fa9c7420796bae,test
left,34981,85eb142193f59cea3b538c6b0d2a1902cc071a59eb0f404700062499f43172a7,test
left,34998,622493cca39ef663f96f8d5f3eca976f4c761d75006c26a1e952056f6475b666,test
left,35010,421a470f2471dc13c6183a213355dd33c3dc652cbd2987f853c24fc5e464f78e,test
left,35011,421a470f2471dc13c6183a213355dd33c3dc652cbd2987f853c24fc5e464f78e,test
left,35012,334b1293b0d53db108eed6599582332ec83ec7c1d3cd7f70676aac9be61e46d4,dev
left,35014,421a470f2471dc13c6183a213355dd33c3dc652cbd2987f853c24fc5e464f78e,test
left,35018,0001cf71ced9f1a95b0fea8fce32d8f1ca4371944d4dd2ef3b926fb9036c9764,test
left,35019,f403dc2f11a04fcb23a9397bb19e341aa98573b8190f7e604b747a19ad770d39,test
left,35022,4570ba2c96fc6f5d5ca66287cfab2d626bbd5cdcad21cf463886e336a548846e,test
left,35024,cb15cd0a6eeb58ca2835dfd1eeb4b29e4be88cfda6a546bfc73107148a316980,test
left,35031,216f5c7569a26452119c67f4a7e210d03cbf04e1cb562f9063d7ad1ecc5017e9,dev
left,35033,216f5c7569a26452119c67f4a7e210d03cbf04e1cb562f9063d7ad1ecc5017e9,dev
left,35034,8e4ed6f65c444eee7e9414ec55c737d3bf81881037c38e2d06deb709d8ceaf61,test
left,35035,216f5c7569a26452119c67f4a7e210d03cbf04e1cb562f9063d7ad1ecc5017e9,dev
left,35044,7e47bbc64035001d682672cb08dd006bc9ed2b90d0124311802171231ecd2b8c,test
left,35045,3ec29c3b223a33b0892f5ca72d74a617a2644288103e9f124d5d67db99f274b1,dev
left,35052,3211ae4ba496af707fa8aec6f406aaa285d1b7d3f3223973e07ff8d3f5aac6cd,test
left,35054,f5d6076ad1a91e54f72eac08239cd3bcc28bdc4ff555874af17cd9d87ffcf0d3,test
left,35060,28f0015e390e986f6d51c4c6bb0d70bae17f0068474d4ef348fb6fe57d20cc7c,test
left,35111,e90faee7bc8dfeb39d86f7fc9faeae1eb79f9ad82543c08555e28417c63e4783,test
left,35153,58d93770ee92bd0aa2d1d367d80942d70b1ce645807565cb54c8615f1391bc96,test
left,35165,83b8b533b37e5e3acb48e9d58bb9ba6a594719495f8c4d148f8d37cfedee2df5,test
left,35175,bb6cbd9ad412b1376abd0a3edfa017e38aa2a47664449f513731dce41fe9a17d,test
left,35183,7447c67667ae2e378ff6f17b6bed8c553d28826498cbb9177a6203bae77555de,test
left,35185,6ced2284640d1f0007ef618682ac668879d4f4ce9ff8114ca6fc7fc857d38133,test
left,35186,7ff457a355c002a544b6caeba95204a13d8d9bd203696549c433be35ef7a8f5b,test
left,35190,18228bcfc559a9aae7c9b6f7c78e553f53fc5c847e71b6aedaed1b911a686f0b,test
left,35194,5f3c8a4ec379ee79b2141d90fec3d1f9eae4761fdf1c5e00a78f159b798a8390,test
left,35201,b82c65a1bb2c34f7eea83450f43533b53a8d15e12b45494b31d64eef6e67fccb,test
left,35216,0bb5a7f6f8a50537d08e2b5917e028b30e206701d32d76f3b79173fed058c372,test
left,35218,81d3f9530a8e36dd2e421efda5c05550476d6546ab647741d2c6d20a30327328,test
left,35219,8400536bc9f79185c53ed964cc1af425673bb29658ded6ce8d4dfc469258d884,test
left,35226,19bd049ac368236cfcae3b02f79d07313c3e9b42653667fba77faf96187760c9,test
left,35231,58d1d7a8505c9898c0e0537efa04c7241558a645dfce922f978537556cb8ecdd,test
left,35237,ed4d77d4644e084805c479f80c9f36b8fffb0ceaafab497d86fd5d2029d082ac,test
left,35247,9ea1c9381b43056b28a3de6b64a66bf2bee49c25e8445f2af99a52296fc9911f,test
left,35276,91ec87460ff1cc4753980abfc929de0b6f8f31f5d60a0796b3e54ccd2d10601b,test
left,35277,45e6be003f48e6297ef3f852d05bc57d1afdf9796180ec0d2bf248067f0c90e7,test
left,35282,38aeae438d3d3050c5b47cc454cb6549a4f35a0db19cd9ede0311103493b1766,test
left,35305,527f1969d23df4a87c1da65c8dfdbc04f8726fb1b5a8a5197e19ae708f573d97,test
left,35306,d73bc36bf9ee8f3de29900b2031526dd95f49b16f8ee469e749176406f465654,test
left,35308,7198c8f3b50a87ae9417062c73cfc0ba2ebf957f74c3c027949d8bcb8a8b3c38,dev
left,35309,ec619857290e2b5c88250c5e2c6f951c3f5594b60e7803c22160359fa4884915,test
left,35332,e5284c680bf405cdc87c5ee64627372534cc525e064a22f962388401ce4d6feb,test
left,35334,af6e3b42e04de8240a9fbdac1b1ffff203bd573b30a8270b2f942c5456901396,dev
left,35384,6e03b6f66c1e466dfe744f87ed5e88f1a1f75e6dd0a4f3e8f398a719e1a0115d,dev
left,35388,1bf92eb109234187e404ae92c7a216c4cbc12f9b7957e32ec6e24b5f8fb6610d,test
left,35415,cb0d864e5a8685d75df8a65584377b1f12e1ae9d74a848d9c5e2436224a69e36,test
left,35431,165c53e31260f07c0abdf7d1d9f612e999ee2c35cf25663f7e7a1be971ca0374,test
left,35467,47485ce5f5c7fd1bf2e4dc1c457a1c0aa5bfc6b1ef6a22ba2aeb763927fa33ed,dev
left,35475,621396bb7b073d205e48c409c8630d2ea4acb6e5e5a92b989eb2940fc8694afe,dev
left,35477,138838c1a7af79eff8da825459fb6321f2f745377dd55187ce8b6837988347e6,test
left,35485,2456a4977fb87e54a61482cb22f6619fa5ce515a8a0edae4d4dc7e9c5a3600ec,dev
left,35498,4e5eb8e0d65abb682f4b291fb540cbb8ce75e6398845616303e43c8dff18ce0a,test
left,35519,c38462de13cc8cee3ed7400689f165e6869b0ba8761de896f79b33510c77e8e9,test
left,35525,223e7bfcca70d255b3226fd55c3f284ba8f3951a28f69c6397d56c1659c584f2,test
left,35530,2907949b2a65013a707aa98a4c6aa0e9f02a0e58e5d014520e6a3646e8f5c3cf,dev
left,35552,252f68640cd42fac91e8f4c5c73cefa2d20da2b9a7d8e4c4e9168a8bb5d041c6,test
left,35591,2966001e161f078815a7dd64e4f63ecb1fb3e2e7c1ec237ba22b54a6117f9f4d,test
left,35623,10deabda50b462659a90f19ee6b58d27622a56a362fb9fede8f5972a797bc016,test
left,35662,b3c2f6c2ce582dd58cb1ea8aea940090a4feb0b4e290d56070b1d8b1811d29d5,test
left,35663,a67606e0b5432d34c1beeb3ae7b195b1fc111e30e018f50a37b24c7a15993403,dev
left,35666,b358d694164f9deff862f492a3119ad1be862bde7c1a360067d3564a8780b41f,dev
left,35680,83bb7dd7725b3db66bb053ab533b53338f2002e14e14bd7f04e76e434436633a,test
left,35693,17f774deeff39d91c16e31671285c1b485549424d1de0b06067365ef3942c55f,dev
left,35694,5ee3d9b8824baade320bdb1833c199135e41f58d9f27f2b410dc0b18e4666406,test
left,35738,ab6bd97d155b691f776a0defec9e1785036afa2dd9f38c923ac201d4adba4f6c,dev
left,35748,05a0bcdfa21cd18b35a7b94aeb300c1f0701085851961df9f3f1360f7624bd2a,test
left,35800,b21454af17db19a9d5bd8524284858cb740a4d5b0c00d456179b3ecd4f267bca,test
left,35810,2248d38c03217b334b14aa9e5102fa405f2ac316d5e7d4a1b2f356b2c682c361,test
left,35843,e126cb7f187028366ba069661494ff3ee3b37c086b91cfca3b0e5d73d068da0a,test
left,35851,bc9bfe28c351191948a9036ef0346ea36ce636b83343067247b5ff14cc5ae674,test
left,35853,6f685845319d0c78ad9d7532d31f0557b17849f720d2dede63b235746da7ed13,test
left,35872,b9351693bafd235357de717753d9f2fd57434f72a54b6c110f00eeb2d42d7308,test
left,35877,45098313386a60becf916984024c2616dacadb4593e14a0ade99c296a75aafaf,test
left,35900,c22e9d0a8a797d24cbe25044a91dbe2e4134caac3b33f9da5f1aa68d5de4303d,test
left,35903,95895f51d2a8f9f57ffabe560142f8351e36152407ce59fd30db0b4ab6a18ce0,test
left,35905,7bff9b1e8cfdbc8945888b4b7b7c504bbc5cbd8ec9f19f078ac8c0884cdeb57b,test
left,35925,693aa74f5636626aaf695c9d05758b320abefde6516ec3e3c9785dca754d2790,test
left,35981,b7db90b284576cf021146a327d7702de24ff2b1b119cf5b479618745d2648005,test
left,35983,6d9b4866aed694ac71031b7fbdd2bc9a5ba4a0ec87c12fbd86d0d72cf98f020c,test
left,35987,bf89b14f05ae6fdc3ee64a37a5c18b8c149a4ce0fcdcf7e590da52ee2220cd57,dev
left,35990,965c31959a832ea902c9c1ee5ffcb071c2c04cfdd1cd8488cece3f8ed498a136,test
left,36001,a4088244e216c5e7c77f26c59016a759a25927f51371ffcc63597f6ce92c7914,dev
left,36020,ed20ade2d11b60233bc990c6c9e813c21d066bc0fedee9bb6d4b69dd40ac7e6b,test
left,36021,339582b501a10049abfe55ab7578fa57aa04219e4aa2db565305210c6ce105b1,dev
left,36022,a93c33a6ac38630cfdd0218c1c1e0cb466017ca6af6e97623d570788f5392eda,test
left,36023,f001016b668c6643680243da4b006829820d46c73a46c2c9bd1738dac9a9db1d,test
left,36027,484409af17743bb3c69974d7d73bb58f3d584bb39f99ed952d44007ea371645a,test
left,36029,1a6f3f5ea190a7adc9a5254fbcc5a05ea5ad064b7b2393714726415de4e29f39,test
left,36033,f40f0a79ad99d38d8675fbbce016839030443b8e4d0223620aeaab80fe047f8c,test
left,36052,369fe693937b5c3ff27aa61253be9f3ce62c986a082245996573518c68464769,test
left,36053,fa87a5c760ba6ae87be453650c47c31ad0946ac5e7f8add354a76894d0f1b66c,test
left,36061,7e84180827bccbe71310993249bdf9e3cf2614ff565eacbdbe1b898481f35515,test
left,36077,e85e037d53c2073b6b7f9e70875db201df9e0e576223f4d493c0ba7c32effc1a,test
left,36080,6bc52cdb6d83f578e63849ec210756cab195c59185536233c59610782fe5b91c,dev
left,36083,e98c39985bdc38b087083b3fa39ba6aa349556ef51adcd7f047b7855768745fa,test
left,36084,c88460d6fd48f6f6562736a220734730920a951691dd192300813290a913e9f0,dev
left,36097,8e255d056697b5fb9ec7cb409d5dcf8649e364e7e8e90176af363decddec2872,test
left,36102,1bc14069076d79a47dbfcc701168a825be6994016c883a0d1d5a173068bf03e7,dev
left,36117,14c8267b8b617c327befee494033bb1f84cb548d3c7bdfad12f385c493b7c3a7,test
left,36118,65dac405554476a0306140f3ef925d22de25241bd64870329f14605942f830c0,dev
left,36123,c452d902c520b08e87cd10bc89294357061f90da6c1bc9cc9590a2f5bf21291d,test
left,36124,12591bf2714dc32f26c227c835fad521de49d19e4d2596d8bf56e9c83e112ad8,test
left,36127,9c156c37b92df9cbf0d9465e4bbe20603f5bd83d938308e3e03c52c2af61922e,test
left,36142,dc47b80d8c100d6356eb47402be62fdbfc6bdb0942fee56c3a9502ff64ca48a9,dev
left,36143,15e6059f9c93a44b5867b77dd3871c40739d95cb4453ce151ffe3310bfb124aa,test
left,36149,380695c88d8e16109a3ea7b533256937474f4cf56b07d7506b56eaecd605bb15,dev
left,36151,e0671330c847d7f96cac1a0f862c25e953b7be2c9563ecd71546a5c50c19f857,test
left,36161,ed418c5c1998bdabd1c83646b79e20b7f97febca174f10ae6863b43daee92af5,test
left,36168,dd6b9f14d3912acc81712880860e03d4226784f2dc16c8c9365a03314921ab03,test
left,36169,52c9fdd92420406771f092ec92b838ccfe701a6f9cad9595ace0d0b0481dc341,dev
left,36172,289e30fcfff484eabb402e3a9042e7df49a95c6b4aba30f2947b6f0fd9f594a9,test
left,36197,7323fcf87075bf1de874c6ce4589e6fc370b0dbf162487cb73de24e31c52ce11,dev
left,36207,207ac42292149c4c9fd23196f4cdd8071da1ca299ddb71f4bd5b88ce5c178d71,test
left,36243,600d90e5ee1e759df5514922bc59b696db735e425d9fadb0b54c74f8ebce7c8f,test
left,36249,1c41dab5285b28ab9885646f6be024c14ff479a2750829ffdcac4464203f2504,test
left,36258,dc62f9cc95fd512f2207a7b5e4d241a4d7141845b1dd1236b9a4549160a8621b,test
left,36260,c9aaa559b69620a2676e70c6daf2b5e6ca789c20ec2cbbea77223073180fa160,test
left,36264,df2859726ee7d1c3df60ed43837e25690adf91acebac092cd6c00f81d362a81a,test
left,36270,4e335026a57a4d608fe8ea05526920dcedbf0b82c7fc0109b4e14832816b5c0f,test
left,36274,df52d06693a820d08493e2b5cefebb6fb5838d7d61d9aca0fe7638a3006b512e,test
left,36286,1adc4eb119ee4cab60c36b4afc4013287c9988f3b5f2a829971a502130f81412,dev
left,36295,45a90ec303500df48ae526fd39172f8312c4434b1f6a2221fa69d51c96ad64ec,test
left,36299,2beb4d5c008e0e6c4a5ce423770984e1edb848148ab4f23040259d2125f0f369,dev
left,36305,5ff6c20951924a2453ced63a2c2ad3c8cce3017b978fd47e900eb759077ade92,dev
left,36308,9e0b4ce833e28b09543eac86db42dfc3dc86de7e15f3585b21bd634032ce27be,test
left,36309,db31503086d30ddbce67b06b5eef53c0081f30731730c3aeb5d6b31daebe0d19,test
left,36345,8a89fcae0b81b453338f57f98434d3bd0e10455d2df4ad5d4c40d7f812905412,test
left,36361,10e3e77973d53cbd321bb3a1560570dc2dbe9896ebd0fa4327ea2433065da0c9,test
left,36364,634aff80aaf7ed6dd14749adca3e12d7eaecf4245b89a7f7b0fd571f036e9878,test
left,36365,b476a2ccf5b03ae62e6c2704e3a8cb80f9f8876240aa1d248fe6a3ba750c0726,test
left,36367,6c5478cbea5f8f095e2c7f20d71ba0e3c75bea5382a8730343e3c6281131c1e8,dev
left,36381,34df9ad0d6a0815809648a1a0bc8e9522fee25508cb44853736362b810cd760f,test
left,36383,b6020e8ef6c01f303e3d1508e084343ced840e5d3fdd11693c7ce9cf2c1c9829,dev
left,36388,464a4b72deaaba8cd14f0132f6bbd2a922e67ad9220a1d743aaeb17985ed2fa1,dev
left,36430,66121c157abe6a0101bdd7ad7395280018b0037a7a4d095126cc0efd26549e64,test
left,36446,7a13287abb69460b9d389ee536e6048cf7ec9bdfba61648d71797fcd11cca123,test
left,36450,40a2c7e083730444710a05aff8d19d8b8542a0eed8f6a144e28cd7673332c0ce,dev
left,36451,554565cae3c86a08b4f2c60387f61318ccd5a1abcac5093c725035f6b6438cc1,dev
left,36452,ca9ba4e4934fc4d7f5afebc4ca95de8ffe5fa9cfcc160f0880fd948622ef79ac,test
left,36454,3ddff3963872702f9868723c84d15c314ef35c34340ba1257d1631de1b5f2662,dev
left,36456,39457f144ac28b3a55db153b41cfbddae564f274ba536a7f446f87fd6f2de889,test
left,36458,ddab10b63e1c115281052d22f0cb2d7e78eb5e92b59d965bd6e2aae387023af7,test
left,36471,87bbeaed8adb9a169f10137e35eb644f6ba85d93293e0ce638c6dca898cb92ea,test
left,36494,8e9ee8539b18e128b7f840a345c364373576bc9867a6f62745ef43438457609f,test
left,36502,2fbdee6a38845da5c5526b4871c96d2725a2f0a649684e04153c0db2414749d5,test
left,36507,682f3f57807289de0e6642833faffccf564870f714c1c9e992abfe41d8136606,dev
left,36515,b6a1f49e735eab29259603149aeb104380a28fc6f542268e5d66a95a602bcdfa,test
left,36556,983615a4ef56dd85251c8f93d3e686edc697b565ce6241eebe1f624e723a7891,test
left,36607,6087bed35d6a40e1e56b36a59ce5c76385196165df5b557d86764762bc22c72f,test
left,36617,4fd3c63a23639acb942627850086438e519d5aa4b025aa4cec47fc33a07dec71,dev
left,36620,13d7c218981e4ba01e3530df8f96be65db4e4a8938b17e0a86eb8c906130f306,test
left,36635,7fda2dcbb6748d317e70c9e33d1cc3ac6264cc180102a383e21eb944c176c0a6,test
left,36636,1d6dd0b343daef816e5c8d2fdd87ece29a6e5703ecb49f8682f68e1ceffabfac,test
left,36637,82097afb8d614d6f78a0cf4ab5cd1a74c06df541384bc1ebda50f3fee11eb6da,test
left,36705,7f263a34f77ae5d8f345037262b01ad22d70e3e6ce0d7e49128297586f741b5b,dev
left,36718,7638aaead2871fe2815f8f02bad88de4564835b837e20c1101e5f7142dcb4316,test
left,36722,e2cd86c563bc74f4be5a42d0fc385658859c447b208a34674f3cc7036060fdd6,test
left,36746,ec07f74446489be815e551b4c543dec65ae238e01160f6a10d404501fa99a1f6,test
left,36761,6747371eeabd25467c9d2729d7935baef97a46cffa1fd26b9ff0a5fdfaf57749,test
left,36789,e95605c026b235edfdbffd9e15b47187806fc1c57e6fd5a2922bdb1a7d300f02,test
left,36796,70e0b697d36fc95b984323d0cbe5dfa9fa65eb4537b5744cac7ee35372dd57d2,test
left,36803,ed798ee8289368960d663d9e5dbe5e26bec87d6e101c39d200de657e413568d8,dev
left,36808,9309152dd9f5acee74aafd4cefa5a25d619ebf5275e5854738e3038d967a7796,test
left,36811,f66a55e85fa0928e722f7a68ff976a57ac9def2a52b8ba64208f16bb84e65df3,test
left,36812,9bcac712ca888dc84fed52c4e323c5027094bfba614621d1d37eb2663774f80a,test
left,36816,e30702e1dcac9942405c3bd17988e751045793e630801571473eb588e0c192bb,test
left,36824,46008aa38151e5b9faa199655c58fb68923efa2a2f4ce9e11bc675c34c845ebc,test
left,36859,4057d2a2bdc9cd14436d77b682926feba49feae7af93b7897b37ace10fa6c1f3,test
left,36861,df3830fefdc758322a74677fe844c5a48c74d9881a5b4d64759787812db88869,dev
left,36862,11b541025ba35218f30d38bda4ed427f9f558d8c9b2a5d04be6274e5ec034ad7,test
left,36864,c57345dc67b6509ad0e3fd75aa291573b5b09e739059dc6f0c62059afdc3a756,test
left,36906,984ac39642a6c086bdaf7d343817c7b0c37407655f23749d4990e728f59b61c7,test
left,36909,5b34cb50648abecab5511651d5482e89fbf304c63abca49c86cd8004d6531e6f,test
left,36931,0a3402a716123e138b747c5cd1093adb6327ecc4c598c7085cd8787ba1a60b47,dev
left,36957,c9e1e1fc002ed84069303605a68ff66a8612685c6576e1aee60025dc12110532,test
left,36962,6ee948a585e915ac80aa70afbdc2ec6b0fc96071780fc8df01783cb66038ccec,test
left,36969,193a73e34cb0dcb8a043f079908f06cad4802c326c5238819c8454192859eb6d,test
left,36988,44b52d93a8ccf52607b44ce715d00ad925afccdfe123caa857cf4e10b62b98c2,test
left,36990,37f5620c6cf765545f8e697cc578f3c2e77535d4b3d7439c44dbf95cbceb7917,dev
left,36993,7ded4792235ec205bdcb56d11209781f131376eb671b1eaa4e081e216723d67c,test
left,36999,fb8a37f111bd57ee2226123005724cc43bfd5ae032383108cb64c54d0175ba0a,test
left,37010,06a52c17b544c26816c43adf2374ef78c29ca08fe5491b2e0746c6a87f81886f,dev
left,37039,3c0ed77e1cd1af450a7f854edf2d6a9112ce39a996a65d2637f29f3b76c3c738,test
left,37045,1ed0945153609b90e998128eadca8699983a906e7389a17f90cd2eb6e3b611e8,dev
left,37052,8033fa20e11b8d1cc0e45222b2bf6cda220da83b5c266215978d139ffc57b900,test
left,37054,7a813df2c04bc1228076d0adc971e6cf962c2e65e7f8173d1ce4cdee04651a20,test
left,37055,60f7c217b47dbd0f669b90e61dd02b890f3dd1d2a5f93a3672c1ab97c1b94c73,test
left,37078,de0da793f55d54930be22ad82676fe978cea0abbc9a27891ac0ade4b23ca6736,dev
left,37087,2a3a90d90f44403558d221e2ff9b7da86b20cff072c864ebe2bc3b40c6da34ca,test
left,37091,009ecf4114010a118c9c5ad599ff6f656b029f4a7277f06fdbcc84ce1b9fef74,test
left,37110,b4e8154754651ea218dd753b90684c48b127cefd967503a124f5ac6d04b9ae1f,test
left,37120,b4e8154754651ea218dd753b90684c48b127cefd967503a124f5ac6d04b9ae1f,test
left,37123,114664af71ae01ba78a033baec8293ec20d8f389807a2c2b0f75e0672bae0a5e,test
left,37139,68bee35c91a5b8f53b0ed49acf92c6a759fb4a3d670d76d616ab9691dbd46d42,test
left,37141,ddadd1279503eece2e4e3d52df63f4d365124fe9260f03f6b8924de7b301678e,dev
left,37142,46bae6edaf003aa703aa91c21901477a95db39c5bc5be5ff6e6d528f6365a6f7,test
left,37145,c66f4f3e4fe875883924768385f47434acbf388d57c8ed0cc7baf760db105f15,dev
left,37150,56014e55e1aba5be4507e85e928c46a9e32c101e8390d787f95e60c4ccdd09f1,test
left,37162,92f7c3a6f0a2b65feb1c45edc2907d4522cc8cb7a4086a9593d9c1b870b9a90c,dev
left,37174,9b2fa67abaec4edabab5ff2ffb8c3573307e93d48513df96bad6e15d00743c03,test
left,37181,81e70746c4aaa032eb418b3da1249949a4ce79eeb7d7b88ce27c82bdd50dc74c,dev
left,37182,4afd50ce203b9c476d524e3fb35c2afd4fb541b62ba4bc1773f637c39578b5a6,test
left,37183,5f5621c9fc9b24365794a4f6817fcabfbedf9e3ee3a9e56331edc6cbfd655297,test
left,37187,528903c3e433556e9c52ce4072adfe6043a512dd2750f26b77a8284180136706,test
left,37192,ded97e5643e3bdefd53991d23869bd59e72c3ed71a86a1a4b338c6ddfb52c3f8,test
left,37196,3b9fd98b76e5c4c8849910c37787627b099373c9505d2d2aa3ee45593ae42925,test
left,37198,8c6831aa79f46f7465e39232c3993750340211f92ec5e9ee41a629b97934304c,test
left,37201,860111ce01b5f4a701c26939b4f913c0a1c06fd81947d7e9ca85cec98da15d5c,test
left,37202,474f0af55dded4c19db7520d3b5d007e3c6c6cd141f792f6b202acf6160ffea3,test
left,37207,c1bbc71cb52709389f7765fd5b9df1a700958250b36325bd077e21c26422cc3f,test
left,37208,dee881f484f1799342d67e5620dfdf7147d875b20f9f9db8ae9f2bbba2ad9b48,test
left,37210,c06b8c2a89d7bd4f36c65014b33203ad4d8a9a8a654e7d58350429dffaf71fa2,test
left,37211,1e6b16cceda15d2cfdfd86decdc23e4748610adb99d6aec0295227a64da8b5b2,dev
left,37231,5cf06d58fcb29ff3ac83cb13e78fc1489ff619b4ac68a84b47db67476c3fd3d1,dev
left,37235,70934a28bf5fa81c393ebdbc930a5e7f929094aebb90b7f6a3805d06bc8be31b,test
left,37254,725a55d561387c8b2303cfeb517edd4bb89f858e4cfa5f188452ed565d6cf245,dev
left,37257,28723cb62a4067404da1c3b39a69a41818faca41b1f9904b4fe2fdb8c1493603,test
left,37287,eb2a78d515ceb203ca278ee91e36808905c64204081ecc93ad30b890a0e7318c,dev
left,37293,5dd07c3bfe503705da61b06b686e11fd8327d7fe46e83249fb93fe42c47404ad,dev
left,37301,1cbf458c0947f9d507768c6e3f4cb2cad654332a4439e6f130387b36e53a6bfb,test
left,37308,c0ed7075ec1d795841dc687b977f08a34051650914439444fcab323dbea5a855,test
left,37309,ec8f39c274d1e386e4a20a8f20e3b6c531a33e12c90231e7c03079d40ef6a989,test
left,37310,8a77a3d5805daca8229c2f3b72d2581f927798a62dacc878a1795bd37c6c505d,dev
left,37311,8e7917aa5ca151edc2f21611d6b5fd29004aa84c3a2a23ae9f6e8d95096c9aae,test
left,37322,f322bed32aadbabf6074f417f79e1ab5e83fc9934efb195e4a49be0d5ccf2beb,dev
left,37331,66e76d9f58761e7fa1ba31d299b17e96965c3d6ea973efb4612b4a205d89a59a,test
left,37340,04ebea60058a045ac067d98dc881ec47297e0a3a82d0057043a83bfbef8fce3d,test
left,37354,217f139f155a5a666f09a87125392fb5ba7f82e9373e20afa810d02c52f80ffe,test
left,37360,4d1d8dd6221cb506659d3acc5c9e688c56e2c3ce0db91f2405e93ce5a98ec93e,test
left,37403,a48ac631194d1388d2fa898b249feae63f884113a7f6e15df20fb3699ec74e92,test
left,37404,644b1c5cf7b738f734f051058b4336131aeab20f71ffa7796a360c81ee87e19e,dev
left,37405,39ea7cd318726a06d3dd4cd8b4a69a30818f0ee0e0fb5066dae3d77454719bbd,dev
left,37421,2725da08408a300bf0200f8ed662d2f4212d6e2e086a6ebaba92f485e1708a89,test
left,37457,25b66767c7467c0d3e4952eca5ef21560c0971d2153030ff1830c0601ef699b0,dev
left,37462,f875c587d367089db41918299a5a42521dbf036ebfbed1c795403f26cb8e0df5,test
left,37468,dbb67945a95d0df5d720b42a8cb4fb037fe78522e50b8a4ffb37ab1388b68019,test
left,37469,0a34dd5349ffc9ba7e1364dbb14516e813b9ffb2ea6605063d31268af6241457,dev
left,37474,cd70fbc7e6a19ccd7bb936d5a1fdf258d50037169c372432cca8f6f4fe699c2d,test
left,37477,92c70d66b29e619ca90a0eac89a36b9258eafb63915ab12f57451ab05ce20178,test
left,37495,03960285548339e102aa0ef59cf39c8845265a3613fb08bd081ffde93266ff26,test
left,37496,e44433554b77505b825c52ac6a430bd7f2e1d1b363ee4bafe14621ad6953bba4,test
left,37497,cc3567a88bcd9655b865c8f2f87e9c1652be394f855261b1edca81ef980b5c0c,test
left,37499,e91d08100908130dd861367c6669deac8c5d825109535ef4bfba5b5fcb6b95c1,test
left,37531,937d9a8b83d818d6fdaea7aab5be70ce8954da5ac32f3294fb6fc20ec36fd03a,dev
left,37539,289da25b880d16a050f30fe8c88361650383ce35888c45ee2ccd3a07c8c62a3a,test
left,37558,4b6572412610cc0a02ff954472262a5a74c3f4f917b4f5da726262d6d39db809,test
left,37589,c8ab4b029041f145e2d19a914c9fb5a93d1725d46f5200f214e957556e050eb4,test
left,37606,b0a5ced7362526baeacf48c3b7035a381741a26ba852b1af4893e89b338dc527,test
left,37623,8a0ed3cfe76e683159315af8df466493c408596655c25a17992f60193264dcae,dev
left,37646,f06b7bc2f9e874c9eb910caafe5096593363afe9d05d3771dbfbc24042f264d1,test
left,37648,ef4a15d3cd50bb4690239fa70f88878e3a480a1e6eb16593987efacd6a9e32e1,dev
left,37650,ed08215a9bbdba712afb2bed265c4eff3186973fb71f157cf6782707d464fb16,dev
left,37652,24a5254bae149f9cfc4532b251cd6bd58b5919248300a338d0ec88f42da0012b,dev
left,37686,4eec001396e6365e3c2cfc58d3034b92863aa3dec61e8547c523bb4dd619d658,test
left,37716,6ed85c0d58b97a85109398d4532ae0f2be69dba311ccdd75bcdb9662e5c59a7a,dev
left,37722,6ec4bd695c6ea59759a421afe813c51d492b996fa0e4e12eea4ceb0db34f7ac3,test
left,37749,21c54f63a06bded943d3ae78c5530820ee92134c4a88137fe697d981d4cd82b2,test
left,37767,83172c4a6f794359bd9cb6f11cb9730c6a2293b691409ccb5a53bb9ce1d176ac,test
left,37796,b907abaaf204d11cdd5f3e959174de3bf517643faa76449b4ff2495bd504b746,dev
left,37803,d36a6f8652c9f600f6fc3742a5f0c7e8cac7f38ebbe3537486e348c0ef9db84c,test
left,37805,067a8ee1d94cab64ccda2994ee560525f0e2599448d32484e8344deeb25a023c,test
left,37807,13f4c1485f74f93a9ddc8e43bf0c9bff5d91f7ecc48c86abac9191bed65c7cd5,test
left,37808,e49fdfd163ebd2bd81db04da94b03cc578dc592c69c06b4b4a934a8b84e403df,test
left,37810,cd3d0f123b5973ab5f421366ee298d31f52b1d0869a0ed82375e85f3154daf04,test
left,37811,1151f13a9b293cce56d0523374218704de63ebae144934efad407f63c7d84d1b,dev
left,37812,0d7149e79e7e28eea295fcdcadb7d8f7bbbdbafcd45da725f5363bd0a5882069,dev
left,37825,9658aee1b8dd2fd2922c16beafd3fdbb416999025dee57627ea7d762ee5687d6,test
left,37856,fd2d42006af2aa6f8311299460e423c1afaae5fa6488357e25bc263a8fa8f663,test
left,37859,9398e0ab54b41326ba8aa2566e90d780f9e28e3c2a0853f66bb82cdd804e1312,test
left,37872,3076e733b5b8825cdab210f7fda3d672beb1245b5ffad2902dc5606dace28d0d,test
left,37877,24374b8108ea9e08031d411291ac03eac0b84cda1bc983ef3c8d7cbfb505dff3,test
left,37878,522b09e1d9453cf13d969043dc3d7fa808e571814322bd9e21be3b5cd079ad0f,test
left,37893,1c4bb15277ccf39d9dd5d24f92a518d12c80b47ea3c7be4820f682fbc5112d3f,test
left,37907,0831e2d955bc31417818faa46342605b4853894fd29e87e27d30e08bee347fef,test
left,37915,46de0c991567b850705cdff652b7857b18435581fcc4288e01a04a4245ca68c3,dev
left,37934,58b4df51d78c1f6ce4b75892bb502270b7f333fef18d72de336d550f1f7596d4,test
left,37964,4ad1247c9ab40558dd8bcef53573c60f5657739920d79e5d8e5343f6d5d60d2e,test
left,38001,fe58bef12bc0a3d1d545181d6578f7ffd7b92d2b5d5cd033378a2a175a7c1aed,test
left,38003,976fded836546640f5cdfa2dd597e64c828f4b9903c4573127ec0e87e5ea8b99,test
left,38008,a0228bcd57d738b65b7bce3a1764b0c78bef538bddffe7800f61ad40008b3c19,dev
left,38096,0eb2be61f83c035add62107a2e3ec192afaea18cfdc3e3fbc23929c5ed689e78,test
left,38098,bee4aab92ff4f9974cd39b566ead5e3cf1bb6151bd17df43b78a832b6ee7a13e,test
left,38106,c5f5a69235b168ca299be09e2cafa6f401587a0c24d9bf43e0b2b04c52041607,test
left,38108,cc3e8bad70a0d4584a3a1444de5dfa32a659dfaf1b50ab272eb632270edc04fd,test
left,38127,87618b1d527cf3dcaa1818b24783f6cc34d094136b113840a1060e77c2fd9633,test
left,38129,2da2df31d2c0ab370c48d0933a87b82f9ad40e36abeb7137c55e4b8b0ff55f1a,dev
left,38142,ec3483ecf670f0d33558129c7f8a4f5d2daabb2ca5409e2acf690495def84f86,dev
left,38164,ea8b9f5a15dcf24e876b73f277b3869c202832e380440655b1060b519514cc68,dev
left,38173,f9b76d49e8d3c725614ad9e82617aba4e8b6ecd61d61a894a1925c8f729571c6,test
left,38208,cbdefba165e80f659ce2476204cac07453182388776c740eb93c4881406e9ee3,test
left,38214,2c433336b7bdbba3b12883c7a2d4a7b82c82d1ff17bdef281441a0fba65e2fe8,dev
left,38221,acb38c7bd64e7fe3661e9fa0a2fa80ea6ace2aeb897398a6dc07c72e178236fe,test
left,38231,53d3c81aa3ebbbf39e1016a6ed06715fe02fc3e49aa52475c248b48ee52a4481,test
left,38278,9a6df7e390f2ff5b2050c6f2533ad76d43fc9d6e1d3c02f20d615ec0732b81a4,dev
left,38295,17aec8f1261853c96ac266faca6a8d60688d26a6adc6f0a7e9c235a082fe53d9,dev
left,38296,fdcf967dca32bdebca5a5c315582877f1c287ccfae7f42919b4341fe46f88de0,test
left,38323,81fd67a64adfe2fbc1bf16108e8a130fa223af502ba598bc53f0bbd103a7c794,test
left,38324,5dc9cbc1a23d2995a856ba2bf722a90d1839104212524fc7678e9beb9841304b,test
left,38327,d72d320fb021a86da9d010a0b2717f7513289caef6591067989eaeaba23ba5e9,test
left,38329,bd05b5deff53f25234faa467fed1bfd503d0f3c912ea991b8846764dc8fb9191,test
left,38343,2973d85cf6409c9a2d33fc5f43d0777b5218211d790a71a75daeedbc2ff24b2b,dev
left,38345,37272f6f4d1d57e6484e874b2bd42dcc7104d1a444c16b9591aed5165dbab618,test
left,38346,6386e94b1674675a13635a68511bf5589bc7b3b1bb59ee12cb9a90b7976b9718,test
left,38388,ca632a0035c886bfdfa45c69b2b8d968694d14ba664a06b39bf66ccc74a658e8,test
left,38399,3263ee63bac7dad1b09552bee807cbefe8fe52bdd38a277600e293ae2b88c04f,test
left,38400,373005051effba9c78eedddeef751894561fae55e4bec7f8943759f4c1bf7395,test
left,38434,b86c5ecacf2fd9faf727d33ff706147695a7052c4ba07b5e056407f7334f3b81,test
left,38449,4ab112fe95f8fa0bf254d18bd9514f3fe49b9feea0b2274446058210ea9f8ce9,dev
left,38451,4c8bcef42eac02e234956e27fa5f85cec27ea89a6c8f29599a188a7055285c0b,test
left,38452,4b55c187447a3a732beb216a116984dc66d210bff16ef92d8895f69e119e4d39,test
left,38455,b23d26aaed7d4331f6f411f7d64a9d51e2cbcd08f6e009e2c67a68bccfddf8fc,test
left,38457,ace364e87507c35dc4f38e7ff3db2942e3214e6f3aa0454cdb2004c8b225e2d7,test
left,38466,8c7f3adab3b8a894a43ec2cc882c33878df9aa71ae3f39b5b471f792bca6ff59,test
left,38468,e7fa8f51f1990e767a43dead238f93f4c59e17e5b21d2fb42a19c1185f491b99,dev
left,38473,41801ef46e1d5b60d669bbe1935deaac16536604d068642230c2c434ffef9731,test
left,38474,512ffc0cf1678bd3fc727493206e34bd4cf0f790d7983289dfdc40756431c695,dev
left,38475,a47ab2d7cbc54ce15e4d4ec12b7079ef990f5608c2c358d001fd596b6e36668c,dev
left,38477,9ff8326f05047f98e34bbddbb87caf7f3574e7504696be26d82da105c967af06,test
left,38480,6f21a0f14898c8b633ef41e761b34cf5e32b3c24f4a6a84faa796b03d4a5f3bf,test
left,38483,29fbf33c63213769bc83ec0fa73482893702a5dad81469a483219f410bd4ec23,test
left,38486,2082224fc1c413891d5da81ebfa05da381a840601a287f29bced93a46a3d0972,test
left,38492,e07e88ee9b6b770ee46f2ecc8c47da523fa924f718a97f373109c9606d8dbf0b,test
left,38500,80d2d4c340f2cee3031e692fa91e8ed99e40913be593d3a04ac06a6f94abe7ba,dev
left,38507,1a973f05a574d1a3148ab01ee2b31064498395ea7e2b34c07452622ea2addfab,test
left,38511,968dd28166284547cc03613c9533b013f901e6336b1357df2b0fb5057ea8deaa,test
left,38522,b1b0823f48723be114a5a5699afec47dab045883b8c34eebcaf4410c3da48732,dev
left,38550,4a1532a8ee066ff641a9eb7138222e3fe983f6f346291519ad0f00315a41bafd,test
left,38574,2c68049cb41ee64353318a86218f55880bcc311c118b834b71974375156f658c,test
left,38587,c5e31dc9e240790430216a613ec6e56da07619469fd63ecc34381f77a9b5ef9a,test
left,38619,25235515f35130726aa15211e3c81fb914a481e3e10e2305332f522cca6ab5fe,test
left,38640,1cbf8b6430e81a38f84a89fba23e01af154dd774e0ebe318c91e901a212f683b,test
left,38644,60a0dc571d64ed5c0ff0496295079a85bbc16a869224035419761fe6251eaadf,test
left,38653,a9882c7dffb8ec741664cb2e438dbf8bfd4237f29cfc72f673630de54cd51dc4,test
left,38693,2248fb69b3f2bafc00dd7e0ea8f6d3798c961717c035073f6cc6b90f71d0b3c4,dev
left,38697,551a1b99d8268550253e159cce3c70a7c6129e8088e7e5e0aa714694cf5f5171,test
left,38704,f933953f53f9b9a4dca4c348e10aafc1255513632651dcfda00187b88afd049c,test
left,38726,6395521d1775e54551a540c70f7d36e98f41843391480dc4b6ca96f9c0a21220,test
left,38733,2f5cf26accce56c643d63357592850c3a36da110014ec120aa1acb9d2b1c2eba,dev
left,38735,8a5a7a8ff548a58ad1c3579001b4766734cdbf6878449d8d6b4581aaa10aeb4c,test
left,38751,f8f5f47a53a7fe13ddb13a0de3a2a8b947ef7e03f5ce4aba449de1d6629c54d5,dev
left,38767,f842ff0ea3506083d945a4282e1b4ff40750e8f0a5e7d24bdde5f89564b6970e,dev
left,38773,0dde3a5e4e9ef68942b14829edf13d7f5cdd67b8397f46df3dbc5988758cde4a,dev
left,38777,21c0b9ede8f03b30a90df0cfc1148db85d77ce00f699feb713f4308c789e1059,test
left,38781,accb72b79221ce57da3d5ff6639c3f2703c1f1c43db5c89012b5e14399372515,dev
left,38782,9bdc4eae389dd28ee1c79cc008b6524196ffd639c92beb33d64f26786e55c667,test
left,38784,193b1ae2e56340ea60605cbbacde95e8adf5ddbd53d9ce7be004decc488415b8,dev
left,38794,20686df902794b422857f2327b1ec97573eec31aeab2749ae39a5a27ec7baed4,test
left,38796,4e88509d43a1f3300f74baede4a25dde9afa776d7ad7b06fcf01375acebd3d3f,test
left,38798,2e3b9790a6c4355d7a2dd2dbe9a517d2061ddd304112b36a0ea7c97d3f7c1844,test
left,38800,7cea86d6a12de14b8c2da8b694a792e3506e6338e15d0eae154e4aec719fcc16,dev
left,38806,89b957ee4baec2f3213995e9cfd2d79e2097cbde6f05b0aa5a90527607ec1d7a,test
left,38813,75bc46aa18a327693c4554fa176b4c65c7c4df7be6c64033c4415c75b05f9e7e,test
left,38826,13d2ec74600742cf347381a34a2568ed505dd1eaef95c406b001616917571f06,test
left,38831,ad87531c61c3a8ff14c5ff73158e3433bc14ef42ff20d6630c5966bc49298b80,dev
left,38834,89ec26200f4943b30351c196ecfac7d748c5cad6f478587bafae6704ece9ff65,test
left,38873,4598e536cb962ed18a7fc5e3aa878453a64bf1acadc2859f973b66f9d9aef020,test
left,38876,60f4ac574538f684d1e98f7eb43ce539ac576d62e4dfbdfd7ddaee083d634405,test
left,38880,b6678fc99fb4c7249579c4ef6ac4aab4675f09dab878f80aabbe9b34dfdbae74,test
left,38920,392c165b7c3914f5034e245a4cb9417968c2d57f44671bb5d8869254bac0b920,test
left,38939,bb40e7578171e80d8d5d7353dec54dfa28ec3aca35dbb89b6d71a210ced584bd,test
left,38944,2a5f4e55dcb47d928838f2964192b16e81742b4f945d118ea47e236e4b6b4104,test
left,38957,4ec8e400a2fcdecb4e1849df2ef0c85b700da142024d1c51bc1cdb73ad2e4dad,test
left,39038,b59c3eacebd9e06d28ac93a49161cfe588c81e0cd7e881796fdfb00a61fcc9e2,test
left,39039,0710c8e12a24f6bd4d65d7db1125f36c1deec9fb98ff8d2a200560fec5465457,test
left,39054,c4db20c32d9bd26cba8313ee246b5e57a61198ed3e0f556fcb53b6e1a7c19e85,test
left,39088,3c16eeadb400fe507535b39120b51a01fe4cd665405bb3ff21fffa794b516b10,dev
left,39090,87138a1552e982e29b179600e8ca13482ea5758f9e97c7ff717229fb4685d63f,test
left,39175,851c31ebd48078ee1aa0d0c20bde57f032f2c10f84a30b195d47c95cc0cedc87,test
left,39176,de60643b39f7b63c4c76fc4d74b7170893b962616446d9f52c17b1d7b4592334,test
left,39179,fdabf04646de142afaf438d1ee68a3ec880050ad393ce958cddaa0e95aecf27f,test
left,4696,30c6732a42f7fc8a1b95392eab9718448850882e8c9bb4238c50d975dba5e853,dev
left,552,2d166591aa0888b46449754ee305c53e5eea864a2fd857c25dc604e520dea71a,test
left,5644,0079b9bcc66c9d5b584490a4568abc6d66449b56e951c024ea672a70a5d8a298,test
left,580,f4f14ff4757afbd0830315c19076d4e20e3b8e3509612d64223d0871936ff11c,dev
left,6284,a49b3c369a551b39f0e263bbe600e68940267fac06f629c5839cd703182c2f82,dev
left,6493,7c72ed5e678adee3f84f5cd028e0804d9dc35a808437b4efe5e6e0d45a28362e,test
left,6726,e4c0e52079129467445f5baaad094a49af57b32c3aa47c8fa5af95d19c380980,test
left,6742,dccff81133bb1fba0048a2e03665c10c6a6309500308cfcbd5d1678ddfcbb77d,test
left,7195,8469a2f48377aa13a8c7761de38e1890cbe085a6cfd96808fdc8495590b07861,dev
left,7783,34d6dc635c9f343d8eb2d639e8b192760650f4c11071cc0630d8cc61766fbefd,dev
left,7936,c364d61022367428ac57324cfb44fe6534cf64700183174eb1e6af405ee6e2b9,dev
left,8060,388c161fbd7e6eaa1a1c17c45ad196e8ce822c1bd238559104fabecc57970c84,test
left,8552,6c34848e1908e58ceec95e4555339b30571a87e77b51ee87f53c141c4df5e313,test
left,9071,507610b8c15eb01c8676c1ca9fa1a2d896d2a9c31e71aa0b7ef875a3e8ecca6c,dev
left,9312,6128688cf89c5c0872fd5e10e44ba394b59e103354c7c4f8e2b5c575e39f5f32,test
left,9314,1eb34fca42e9411baff015331fc696977b56aa10ee55744ea6de0e2b851810d2,dev
left,9355,2d21f0fe71765fd04549e35300c374ba27ebb378a338b15a6712adaa22ffa56e,test
left,9546,b800679b345e67d0905cf3115547496d155ad725db1c16e22bbb1420a5ac02d7,test
left,9646,b1ce1d0ad57272bc24101bc8214fe8ba980240b1863ce4d9bb6cf79b4ebd59d9,test
right,10011646,9ff8326f05047f98e34bbddbb87caf7f3574e7504696be26d82da105c967af06,test
right,10140760,a47ab2d7cbc54ce15e4d4ec12b7079ef990f5608c2c358d001fd596b6e36668c,dev
right,10221960,5f24e307112fd2fa4c4e054aa13e8485fa8ff1e751c069f464363eb22f7602ef,test
right,10246269,9839c72b9fd08a85d06b21e9d87156ae0795d1ef0c01418b478a6df535ee2137,dev
right,10315184,731816d95aa0b581d86c041d2c652688119df87eb9612166f27a8f391eef7375,test
right,10316920,c9aaa559b69620a2676e70c6daf2b5e6ca789c20ec2cbbea77223073180fa160,test
right,10326220,2248d38c03217b334b14aa9e5102fa405f2ac316d5e7d4a1b2f356b2c682c361,test
right,10333368,d3a56704f55fb602925bc985f93bf2fa368a109e14e77de78c9c94c5ab97c5e0,dev
right,10333846,41801ef46e1d5b60d669bbe1935deaac16536604d068642230c2c434ffef9731,test
right,10333848,7e37119453cab6332d34e2a1049b26fb01fdad51ecd7ce8fc55033b16c7ca99a,test
right,10343605,512ffc0cf1678bd3fc727493206e34bd4cf0f790d7983289dfdc40756431c695,dev
right,10346525,d1a3452668304aaca5aceb2d55ad884676cb63fa86cd16501f169b927fd7c4ed,test
right,10351869,fa647ba85b6a7f63b177bbcbd516eadc6f0023273162edb30c67f4b200eea0a9,dev
right,10353206,b0a5ced7362526baeacf48c3b7035a381741a26ba852b1af4893e89b338dc527,test
right,10360978,09d368fc9648a269883ecb507ed25b2c08b1697f0f6ae96ea11d51b03a45db96,test
right,10363070,207ac42292149c4c9fd23196f4cdd8071da1ca299ddb71f4bd5b88ce5c178d71,test
right,10363243,9aa55fb305c21cd1267bdc558e2eed339beaf8caf7f993e157c8b0ab99335b85,dev
right,10365096,fdabf04646de142afaf438d1ee68a3ec880050ad393ce958cddaa0e95aecf27f,test
right,10373002,3d3accf4e369b27315eae29847dafbad167ccafd77637eb061e15f5d3aa4fc87,test
right,10376165,dc62f9cc95fd512f2207a7b5e4d241a4d7141845b1dd1236b9a4549160a8621b,test
right,10377226,d62f98f1b242b9e64c6207ba6cdbb95e6cfb166c66b60698fc7b446549f2249e,test
right,10379358,d2cfe5c1ce775faa638839dbf34024cf3ef1f1cad00d04c76398e1e4fadb080b,test
right,10380060,de60643b39f7b63c4c76fc4d74b7170893b962616446d9f52c17b1d7b4592334,test
right,10382243,c1427ac473867429f7e0ea78aceb5a5d516fff1f6eaf4ea085dcb2ed896d4ae2,dev
right,10388980,8fbfd1899415da612fc8d167521e607dec7253fc5197bc1e802ead6b5e73cf1b,dev
right,10412590,e7d540b8560ab8df19119f73a6c09a09fc930ec0f7229de73f7305f3c983f52b,test
right,10412788,ec47aa6f7a072c6dfecb9421a3e64a1095f5a0cf041efb0355974fa46411bab7,test
right,200924629,68c43613dad16b0bb8ee44c7bce46d6331afcb30a88cd86cd5b722369572c530,test
right,201647442,533855219e95da4bf69f4b0f5c6fd6f531bd9d68d48d7bed1b7d060e142cfe23,test
right,201692648,ee8e6be7335956001f32e9d352346a1d78f0032e42cedc3b820917a34ae1daf2,dev
right,201692660,73defd0121cf508875b54c503025b0a8b5649fbd8639f84569fa8c630400145c,test
right,201692665,b44800e5c76ccad4a0eaba2f2f7f0adeb219290f7ac7dbba70ed0b82aadb3a98,dev
right,201692677,be2c20934cf38820564154685217a4f2eee9e6296d366341861db9599c1b4ce3,test
right,201692679,72e17b53af6108b35628ac071693b27d3a2fa48ab1ada6b05617ef6a391084cb,test
right,201692695,9c789fcf56cd580c0e3273c06537d9e6d5e661635e220a98dec9bef3e7a5d75d,test
right,201692705,418144891f82f85e40a25238a6b5552f3684f35e9b7f949ee2e5ab93c9572ddf,test
right,201699873,47485ce5f5c7fd1bf2e4dc1c457a1c0aa5bfc6b1ef6a22ba2aeb763927fa33ed,dev
right,201700823,6fb6129e18ebacc1fba42311b389c5fb198d85e7e9ba40f61e975bc283f69494,dev
right,201701865,e90faee7bc8dfeb39d86f7fc9faeae1eb79f9ad82543c08555e28417c63e4783,test
right,201744288,53d3c81aa3ebbbf39e1016a6ed06715fe02fc3e49aa52475c248b48ee52a4481,test
right,201854347,ad87531c61c3a8ff14c5ff73158e3433bc14ef42ff20d6630c5966bc49298b80,dev
right,201935116,ed2f00f10d19bc2a6db251b4b879575292fe4bcf1268c0abea5946d5dd00e6ae,test
right,201935171,ed2f00f10d19bc2a6db251b4b879575292fe4bcf1268c0abea5946d5dd00e6ae,test
right,201953021,568a7a1ed6cd679ec5108bce8325c22d9be874a1d6f821b25b55d0bdb07fcd3c,dev
right,201953025,e9f035c1bac75f8b484ab66df482ae484123cf1d581d87eef78a8a25a1a23bd7,test
right,201953026,24dcdf1b2f17fdf2aed39cf712a978c6326736a97ca5c3d772729e6287c2ea31,dev
right,201953029,73949e7edd4e35871b82c0de0021d32b2ffa04402cbcf1a7e7ff71c17dfd6a76,test
right,201953039,e39e250dbf0d9e1f989d0ec8aa85678571692a5ba1032e366cd56ebc767edac7,dev
right,201959840,a4fceb4f093eb5d65fe5d176e7425b7e6b4ed41271258c2fba2b4b532eee01bb,test
right,201965217,2a5f4e55dcb47d928838f2964192b16e81742b4f945d118ea47e236e4b6b4104,test
right,202003159,5fad16445f64323b0d7393b92b1653121dbed79c54082f208ab14ac86f512224,test
right,202026554,c5f5a69235b168ca299be09e2cafa6f401587a0c24d9bf43e0b2b04c52041607,test
right,202041195,ea5eda7315b4afcc633bc1dad1a75da0e916eff92429ce402509a12171276f31,test
right,202041204,bd0b9674aab93d0b65481295edff32d8056bceace529352c68355ff16b695ecd,test
right,202045862,1bb5677785f7bc8320d1dead13c536c9248bcc95cb6e3cbc0f67bd69913b53c9,dev
right,202045875,53c8a25d0f16844391d9a42c75f2b548917b4c1a39a32bd52499409f59b8cd0a,test
right,202046565,ae65f0db661c68c69f003ec2c2bf161c57316c6997888fa75a3308147473c78a,test
right,202049393,69506fd3377708cc6ceaf73b7032d7e7e1a4d5f3dd2045513292384dbb0ada57,test
right,202067544,67e5740b018efb31c9005f6741b8590248537cf9167e41358e66e0a109bac53f,test
right,202070149,2ae1887c63bc48a65cec7a7e65d98910050a75181aeee0e69843d5732654b9e9,dev
right,202070807,d8880c506cf32a59e43f7f2f78b1a01dd202b006f7c53d8345bd267f63dc51f4,test
right,202104453,b23d26aaed7d4331f6f411f7d64a9d51e2cbcd08f6e009e2c67a68bccfddf8fc,test
right,202106724,eb21bc248f79e921af33a12df0aee1976011c6807c32a5b6c0c3a94fa89ad365,dev
right,202125720,27feab619bfe6abaf13bd1b6ca570df5a14623e0de5eb9db485d556c14ad08f0,dev
right,202139744,4f9216729410c4d18290e929d67e28494d0478a0b17da9c2ee513f7f744190ba,dev
right,202139765,31efe39530fbc961cdd0648f297e142bf5f3c720dfc41e1828476568f2500581,dev
right,202143942,0234f12ea465deb301e5a26730010ec9b0754264bcf0007d8b3084264b313655,dev
right,202143947,0b202a293e6e6f44d0e90bfe268828688b38a45c3580ac927442ee01dbab9d72,dev
right,202145734,a723a52c162954aaa27c453d56d4a0f2a978f14dc5b10f6dba7553f14cbee629,test
right,202238311,a723a52c162954aaa27c453d56d4a0f2a978f14dc5b10f6dba7553f14cbee629,test
right,202291459,6c165bcf78e996a42a15a9bd8a68906594c835dd6faff4b3394722aa5dd704c9,test
right,202293522,36efb435bbeef7685cbb767f0576594ae0e5ad5b4bb9dc70b274a4e668312f32,test
right,202434158,bcfb2d435df3ebc870083eb14ef2d17bb932842e8f0114e1c36b012eb8bcf978,test
right,202451162,f001016b668c6643680243da4b006829820d46c73a46c2c9bd1738dac9a9db1d,test
right,202456880,53f9838b4ab1158e4ea9eeff7eaca6b7b0d212e7c4740a39513ab6dc8b3aeb6f,test
right,202456903,c0d3d91d957b0d40bc177ae59928d482f21d869e60e8bb088c38aa152d762673,test
right,202472204,ed20ade2d11b60233bc990c6c9e813c21d066bc0fedee9bb6d4b69dd40ac7e6b,test
right,202473822,6c65635058e169186a0bb1687a5db0ed82bb02f1e315448b7ccc80a62378d11e,test
right,202479411,f03c826ce2c6f931e82c4bea7e4c544a50e0c90197cf80b5f1d19959ae16192d,test
right,202479417,b014cfce665056a622b39b265da9f38e82629922f38b3f849f081f4c1b4fb289,test
right,202479418,b9a3271094ca5f14874b451838bcebad667203d0cded90de2d4ed3a6a2ab84ff,test
right,202486964,5a9721de6f7cd81aba8f51bbebffca2ea6a1a13c4cd6591f4c67c2fe2ead1414,test
right,202502745,2cd8b03e962fba53835f9f418e310132eca7b008e96dee73e67ab2ec7636780e,dev
right,202515446,8026eba5d0dcd8f6c3c6486f940062272f95f2f2c757cbef0233d06ebb1648d0,dev
right,202537952,d0b75b16d416ca91888cbafad3b7c728988ecdfdf354a9c05046f1f6b43bd21c,test
right,202537962,50c0428f65afd8bde835fa6b3f1d42259b2a8c8c30ee5b6e86f48327dac15337,test
right,202537967,782aa69a36822e19af5ab033acebb197793cf170ab2ab3ce0127fe21ed412e6c,test
right,202537969,58a03b7f808776f8f837583b43a8f20e963d6c0857b6fbb4bfe57a58c99113ab,dev
right,202592070,8b28034faded3b22f6ed58ee4ee9b008e895828e885c2510f21bd1eb0f99d83c,test
right,202592699,693aa74f5636626aaf695c9d05758b320abefde6516ec3e3c9785dca754d2790,test
right,202619749,3a031baae73d4202c7648e6bfa55d567e4bc83296eb98a49192e5d51e20ad684,test
right,202635467,1a65aa959a28feb5f18a3e6042e5d44125481277d8748d0b4024167b2e3c18cb,dev
right,202635701,8026eba5d0dcd8f6c3c6486f940062272f95f2f2c757cbef0233d06ebb1648d0,dev
right,202755491,3401ff0a8a35f2b9ea83a98867b72cef576e73645e32900ca8db45d032b7dc89,dev
right,202778257,08f867adcfcc1261982de290a7db0ccf2a4016a3c91b5549f3e2f62ad077a332,dev
right,202778315,c3925f1435df0597e86f72036520a6f8f606ec0f8e2f3b8068610315281ba595,dev
right,202784218,f5d6076ad1a91e54f72eac08239cd3bcc28bdc4ff555874af17cd9d87ffcf0d3,test
right,202784323,4d1d8dd6221cb506659d3acc5c9e688c56e2c3ce0db91f2405e93ce5a98ec93e,test
right,202785722,1a6f3f5ea190a7adc9a5254fbcc5a05ea5ad064b7b2393714726415de4e29f39,test
right,202812567,a49b3c369a551b39f0e263bbe600e68940267fac06f629c5839cd703182c2f82,dev
right,202812620,f4f14ff4757afbd0830315c19076d4e20e3b8e3509612d64223d0871936ff11c,dev
right,202812646,2d820623b94e9d0c14b5497426e7b710370fee2be3d6ba9b2a52e9e133c82c63,test
right,202813304,12fbce05d07c04c702bb1afef55ce342e5dcd941e3ffadbec2173a122356563a,dev
right,202827677,475862009e79402327106f532957bb7809baf699e3351d2292a4e64475ef2acc,test
right,202827684,0ea5dfa95e7348aabf972a30920eaf6d6a5fd0e0ecb4cd662a3078fbb88fd870,dev
right,202827713,e4af0ff751a79a68eb67b71adf5fded4500a4871e0c2d15c417512648bc00945,dev
right,202827715,e56d03718d49857c19a30995c19668667a6701eeadf9990db97575882d8da465,test
right,202845629,dccff81133bb1fba0048a2e03665c10c6a6309500308cfcbd5d1678ddfcbb77d,test
right,202861078,f40f0a79ad99d38d8675fbbce016839030443b8e4d0223620aeaab80fe047f8c,test
right,202870170,f3b4fe47149a30d8b91203a2f10d6923eca584982568760b361482e1c7533202,test
right,202870171,3d8e5a63e5908801aa1aaed75fa537eb4489e3f308c7ec4df8c922ee3fc6f874,dev
right,202870172,7c68212870f3adee391a5837813b2940654d1f9fe39747987ae5b72fdaf993e0,dev
right,202870173,9649e0db9ac3128a72b78f53d8f7239a8c24ee46626f660464a735a874407dbb,test
right,202870174,0ad5921e8e8b80ce546ee09239de40e0f01381f78a10a5eebee0378a8c2535e6,test
right,202870177,afb0634c6e93a1befe9a98ea2908a258d0a75903c989d28ac204aef4b9f86467,test
right,202870184,ddd69d846a6fa359f05faffaf2517850373c1506e0322463da62b3b3ce194c26,dev
right,202870448,c1f4a3f165843c3bd59b3bce6c7737e6c667c956d8b826afe657900b10f3f0b0,test
right,202882380,ba3c4f2946fe15b731e7e14d68c8092f51a67316cf1ba9c71eb58eb1edf2e33c,test
right,202899626,5ff6c20951924a2453ced63a2c2ad3c8cce3017b978fd47e900eb759077ade92,dev
right,202899996,93c6e1497beb7b5a508ed15a6cf3ca8d5abc9f984d8b4841b81f6944026c260f,test
right,202899998,401b6dba3f5e7cf1a4772c48572e8f9f84019f38107980b860d9d8506b0893ad,test
right,202900002,ead2e235b680b20e9b81df3869ec0f57e95fe5cdd5028695c775929c0a97d764,dev
right,202900025,6976e21f6a9ebe147de5547f51f1b9cf828b19a6aff27ea9e65f1d383f47d350,test
right,202900030,b8c63ae93a295611b1258d91857ceba2eed0e2807472208804cf558b47ddf76d,dev
right,202900041,662f5b87cc33db1646bf1d313403b71b583b9bbaca9469195466bd4e7ad8fd04,dev
right,202900227,34d6dc635c9f343d8eb2d639e8b192760650f4c11071cc0630d8cc61766fbefd,dev
right,202916534,577438881ef1e942c507b2fcf7e6a3245c209490eed71eb4ba4bb4fcd742952f,dev
right,202916547,8018202e9b3cad902f3f2a43e5452017ed5b66553fef51ae6d97cae54c4d1c28,dev
right,202973389,3387861822af3b61a1f0b7a97879de1117d8bbd12c4a8bc0928ff0bb499c412f,dev
right,202973396,5749d8b9c33983ef7671dc0de55909fbced157fab7a7423c84080172832ee72f,test
right,202985798,1c146b5f3c31be589eedfc26d2ae1b1934e78628cdfd95df8610e429c82593b5,test
right,202985803,4c75c4d63b07dc6a0e01095515a515f7bc2aa8d8d21b24117805360b8a577acd,dev
right,202985806,25235515f35130726aa15211e3c81fb914a481e3e10e2305332f522cca6ab5fe,test
right,202985950,e44433554b77505b825c52ac6a430bd7f2e1d1b363ee4bafe14621ad6953bba4,test
right,202989028,fe03d3f848c7c7173278a5b45a04033851ac2b1b1d05ea5c9c1b67116d0e08bb,dev
right,203017911,61eb5bd9e66bb627f105494c289a1dd7d33f174370e30cf52e4838beb3efb255,test
right,203017912,c1a488934f5c97716d7e7fca8236f79fa787f0c130cd8398eae9fee7ae6064e6,dev
right,203017999,7c72ed5e678adee3f84f5cd028e0804d9dc35a808437b4efe5e6e0d45a28362e,test
right,203021705,b8d5f819773858c4e06b605568fc965f0b77a1e3d012493b658d101f9b633b1b,test
right,203022202,4d69bc0cecc3c483e37f3370e082ae81d7f8e6d68b76773a208c73f09372986a,dev
right,203022472,4c54072e520b16dd46abaa481c91ae8076146370987514e77b995ac83987cd8f,test
right,203023505,0079b9bcc66c9d5b584490a4568abc6d66449b56e951c024ea672a70a5d8a298,test
right,203024425,c163ce15d2998bf1fe05ca4bc18e707264f66199b27bd3e7ff92d188a34099fd,dev
right,203024998,507610b8c15eb01c8676c1ca9fa1a2d896d2a9c31e71aa0b7ef875a3e8ecca6c,dev
right,203025174,1db811537ee2cac4e431df8eb9544bdf566e26ca56b47c2e13480f7f79879717,test
right,203025423,acfdd89112cbff422b3e1f3676d6aa9de4716768f123eb12b804611594b4a7f6,dev
right,203025446,198a6eb7b28d1d738472452d0183f84847fae99aef1e2c6eb647ff8831d5f134,dev
right,203025617,a5068929f3b0dded8733083675e52eb645656d284a34157d4de668c1041000f4,test
right,203065730,608b86b97ad4d3fe6b10c3191c781bb709bd94c639586bfc42e53760b5bc85f5,dev
right,203069939,faa485ddd90f2d46839e9cf3fc57ec7551ad0fac89911e4abb4f5538e173fda3,test
right,203086405,60885f087d723c3458878beb21c0cb5daaa7fcdc6293d1aee608cdc5395e2f1d,dev
right,203086857,eea71cfeb65b75ade42228de317f34c5616cced370b76436a836b56df34393d5,test
right,203087319,838f8c3fca8eb7563ae872ffeb49764df4687e49c30b0bcadb569cf5d9724e5d,test
right,203087638,383163ca89054631ffbc03d497b1f11094a61675ed74a5b91f13efcd46da973a,test
right,203087681,bfd28535f777e7bc647c623cc9d9148a6a0b36db187fc1d707dddd5b38d466ce,test
right,203087865,1035d3d72aac2e3ae769d9e0b48555658ab3df9c311595befcb88906593532a5,dev
right,203088013,c85431849e2d56596b064b0c6ef212c5236f8252658fa4eabba720954e617e21,dev
right,203111113,b1ce1d0ad57272bc24101bc8214fe8ba980240b1863ce4d9bb6cf79b4ebd59d9,test
right,203111424,32a1b4722282f1107ba294928ce13155b2e85f39c49f7e442a7313cb1a32b7a9,test
right,203111433,e4c0e52079129467445f5baaad094a49af57b32c3aa47c8fa5af95d19c380980,test
right,203131412,704dbca4e3baab61a52833433b433c1c135d376558508efe65a3a45f110d8a98,dev
right,203131413,7550a07e9984546ceb6f9a3fc03edf77eb60a97989cc8ac9f868c6dc84ad2ed5,test
right,203131635,c9fdaa966c3d9ec85df100794e93375ad146d014ed7cd3a7094aef20a7bcb029,test
right,203136102,940830094fa7da66c799b3ad5b58ff814221b0541606042024ae06ebe8be2cb9,test
right,203136103,65b79a5ff17eda46ffb88bc6d64fbf068d724f824d8fe96eea8c2e740aa950d2,dev
right,203136113,54b483c1d1f9b13de176e60dbb805890e88e58c3b3f5eca7bc67556272bde557,test
right,203142438,5f12c7bebcca120ac9f954023c3aca833e8f0e24d36baeb29085aeaf4a69ed0b,test
right,203142471,65dac405554476a0306140f3ef925d22de25241bd64870329f14605942f830c0,dev
right,203150909,b079078bc840530d88f5f7216c82b9a9e8f3347afe1227be2f83d9fd272efc96,dev
right,203151776,2d21f0fe71765fd04549e35300c374ba27ebb378a338b15a6712adaa22ffa56e,test
right,203151779,70c09a6f42e7599c7dc7b8a95fcb952bbec9444c789555b997fdde689b759526,dev
right,203151930,b41bfd7515a0c2e1d0b2e4c13e5c9464e081c33e58563eb59b494a670790edba,dev
right,203154818,4b5c74ca286618d9e6842921fd0b7fa302908b0f967b4cb7e1d44b088cdb0429,test
right,203155653,727bba9b9d81b5e9f19c03babc61f166e6f12b188c22994108f9bc173af07fb0,test
right,203162678,ef7f14ba896ea4a62a56f45d935ecb320b575c8fb7e0ee444fcbec6b32ec20cf,test
right,203165921,500e151466465cba2981eb9b36ae0c3886825be619a814a9a0f7b5cace643c49,test
right,203165922,767e1eaa570b340286e59d9e7f47eaa9b757b72baf53af2d3c0664fd3d78803b,dev
right,203166120,f92000621af863e186d152560275e453621829cff42f2c46214e2f3e4a86ae2f,dev
right,203185276,e82bb3a52a1080ff03b48956854427be483849a70005850436ca1b2c9c4f3227,test
right,203198950,aee4eb1c6d092e58fe136f036e5e9fbbdd0a1752d1c97b1c202bc39d97865d7e,test
right,203199121,1a0362bdd11a44e5280a87645cdb19b9fcfbff32657bb35c044b6d02aab1f660,dev
right,203201060,7007aeeb40ff8ef2d4f8dd28012c5c776194b795d84209abf278eb653ab95715,test
right,203201062,440e07ccfae3dea7a7cf079e0369b2337a3680c02eb270ab4bf1f70cdf06cee7,test
right,203308084,3469a26fcfb1bf7f0ba945e999f9507ec7e32eb5f30937f1443efb95b015ce25,dev
right,203322272,1e143ee97689a0acbf6e466d6690ffbb2ad483f40687a5b49ff1930faf328880,test
right,203324800,57d73ee0d3097765c0e3ca1963bc5d3e29b4385e466b8cf0049c4ddf3f3bbf56,test
right,203324914,24f0afb51533b336055e295155068c94b8ec20383f21e9843e35c264380d7f68,test
right,203324965,d996bff5c70fef6ad89fabcf03329b62e86f13f7bf6cf35c1dd15e8875c5b7de,test
right,203324970,ebf9a4a7c3a09984499dbf5331b011c346c0e4596f5326f447c3f5deed35f764,test
right,203329569,d7266c64909f6b48e50311e63eb01fce1455181efc80b42f614e73500f9cf664,dev
right,203329570,8a5a7a8ff548a58ad1c3579001b4766734cdbf6878449d8d6b4581aaa10aeb4c,test
right,203340101,e047c1eab94a7f6c872a35bcc9f447c9636fc7b5ad250533bc47ea188fb1c243,test
right,203340555,8e1c955cd02cc3c9bf100c41008de4dacaa9172c98d2cb552067da745754d921,test
right,203340806,3275c3958123c5bff81cea4f8eaf67cd929cd8abbb3a1dc02959021f2bffd8aa,test
right,203341506,781973b278d03539f3a90204aef6fc11b2f9b357c537d567941e9f51262c488b,test
right,203343197,acb38c7bd64e7fe3661e9fa0a2fa80ea6ace2aeb897398a6dc07c72e178236fe,test
right,203347464,1e1efb66bce9fd7fb3ec96a9d4b70d50b74afd26db2f0f6d98a924582c19faef,dev
right,203379234,81fd67a64adfe2fbc1bf16108e8a130fa223af502ba598bc53f0bbd103a7c794,test
right,203379237,c45f4c2e985d584eb75074546f03e4c8ef8868d46847ecf4b7a2aa40bb77dbc7,test
right,203379249,6919db67a637be53e09512c6a4bf446c1e58e8056958457ef44919d5033d0e38,dev
right,203379250,edc9b5e2c06feea3cb1c318fc844e2153db726151537269870156245a1cdeee2,test
right,203388440,46f92811d9ed22e21543143c97e54bc1bbce7d006b48d04b6f8bdafc0d8113fa,dev
right,203388612,4bf19f80d08d071354e7159580b886f6647a20a2a1c9c38d0ac503884899a009,test
right,203389382,8a1c1ce35a6e3d6a9541510b5500a5e201e2b87cd35a4572587127ca55cef10b,test
right,203389465,4eb183255d5abbff14e2c2f227f9d7e72396ca5bc52669a35c68cd9d48d811f1,dev
right,203396159,484409af17743bb3c69974d7d73bb58f3d584bb39f99ed952d44007ea371645a,test
right,203396327,86d79ad0b9e068c27c17bb2843a50ce52dddce39cd2fb06cd81e0bd026b8ec5b,dev
right,203405814,4e484464e58b6209d53b13d64f0972d463bc6dea7140b8140bf4b4fb58436332,dev
right,203405815,de1d7a7c5a3cdf03fcf12df3764350935fcc91cf187307b5c4d57bf85d0489a6,dev
right,203407043,bb47484edfba0f1ec516889833a33bad93708ff9913a63fffb2051fe0c89090a,test
right,203407045,c8fc9b9576e47edad6c6755cbc7f12376ebfcfca01f7bf5a7f3b243ed8bf6d58,test
right,203445749,220bb7544167b833c927dfbcacbe6b6acf32a24244aff5b611d28d8081caeb27,test
right,203445879,63cbde7b903a989efe43ca2de6a517226e24a635c507fb8b3ca1bb229e54e6a7,dev
right,203459314,04177f7b6e53b943afa1bf2ca6ab78f34ad96737e1da77591f3e48576791b017,dev
right,203472622,c483b43162f9bcdeefbc714c36fe586a415153c135cba9d6f1b32581ab37a5ac,dev
right,203474227,193a73e34cb0dcb8a043f079908f06cad4802c326c5238819c8454192859eb6d,test
right,203491687,05d39c7ac5445bee68472d11bdf1878cce651e77b25dce24c7636fdbe33daa04,test
right,203514304,024b0953aedbf181cca9355ce5470d7605c54ae2432ea57a1cf3151e069e411c,test
right,203514305,352b6c0428ecde157cb8bbe212344b71db08f15769256d15d40ef7a22aa6a2ad,test
right,203514371,0a515d9b26710fc33326c1fa4093a7eee62ca4d6f20bd811ff5be84b0e394a17,test
right,203651765,79b64a14ef87332d6e58bb087ba29808b8f7fe9b79cd91e397e4d07465fd31df,dev
right,203870569,000b4d9a4f010b6cd51081daf7ed8f6bd95eb4e60d7a97f4fd68fadf966a640d,test
right,203884610,7af259d792ab0957066a6931d6413d7fc3b9642880e046b22eba2c8ba7e61e6a,dev
right,203888987,4c3895f6059651511f97b7d07eb925be0904d3cde01ffe027ec8a4cc78762ee5,test
right,203897877,467bc1b2ad227d330ce61f8af12ac9fff2201acea60fc1e0cb068b7a6454d3fa,test
right,203900180,79aa0c26b8aab65d0540b7764879f0fcb51cfd341378f9c17e2281fe3a10f939,test
right,203900792,e8b4fa55e46280ca8d32d3ddcdfe33d41ada86f617c116218f954921a52a16f0,test
right,203915639,7d526a5f6f9cf82e8dd0bc4bcdd672fca3eecfa5015189166422070e13434ef9,test
right,203920144,63cbde7b903a989efe43ca2de6a517226e24a635c507fb8b3ca1bb229e54e6a7,dev
right,203921172,d302eb26de45a775ec4d3417bf798bfec99536f628082d8704b57634a8576025,dev
right,203922244,e968a760977f26f13c8aec69f42a2a3f4125bf3a84eaec309e2cff8c72451a34,dev
right,203928709,6b6a3818f841c7d85412013385152c535be5fc113dd69bd9d993826b0395b6d2,test
right,203930685,05df1c0c45411ce0ba1e7e83f15c7fada7858ec430d93088536a1d8680f551ed,test
right,203934122,97c5c44e97ed405d04f7a690104297cd58850d0dc6e97e74c0c87c01bc5b8a33,dev
right,203938179,5d4959bcfad482c314de87891b039b768b6971637dc5fd2edf470879f41fd131,test
right,203952966,4248c0f97b7ddc0a5c20be4bfc101ec1fa5d6bc7598679de9e4cf2c2f6a5e129,test
right,204020411,45098313386a60becf916984024c2616dacadb4593e14a0ade99c296a75aafaf,test
right,204035273,57ad53a71867417f765b68ac2bc69177dca9e954e659e9e51b54fd25883748c7,dev
right,204049431,965c31959a832ea902c9c1ee5ffcb071c2c04cfdd1cd8488cece3f8ed498a136,test
right,204049534,7dc24a6aba996a23722e2a7f2f3e3065a1c07f6cda64b441ebc7df30e4627459,test
right,204049780,bd9a9ddf1d33cb4c2dff5ed9874ccbd40d55c8206f0bcd6ad77409fad7fef1e1,dev
right,204053338,0c1a165bce9ea1f591d0e12e5b8f7154e77afd32f5479856a704ecde087b3b0c,test
right,204071217,c8a99adefa229c8447a3d349b42c710b05dea070974e7297f2dc76f5e22d0f07,dev
right,204080936,6395521d1775e54551a540c70f7d36e98f41843391480dc4b6ca96f9c0a21220,test
right,204154429,f842ff0ea3506083d945a4282e1b4ff40750e8f0a5e7d24bdde5f89564b6970e,dev
right,204206934,4cfcc5f20482d9810dd4740e78be3d854c89e9e08ba580682d3790ef37c3b9f5,test
right,204206935,0344f2c9499b6eb901e1af40c33631bf6884ef4ef041bb06d7d96df065d5af1c,test
right,204206936,8a4d46814b32d3169e4396d90b6fe111e20a912176f495411bae66be782388e2,test
right,204206937,615fb821efbf0e575b36d59e46990fdc0feab426f6799420242895e3bd846283,test
right,204219387,4f1385fe121cf25fd25e176d7e259ea1d0bd3258590d86c9ebcf310effb2d671,test
right,204222207,a7756fe4e9b51a330084bc3ea08924ed3ea89e2121b9d6b212af719482652cb3,dev
right,204222472,d93c6fc27dbe7656de5dbb9a2a2a8057248d2e438219a14182590eb67b3e3ea1,test
right,204222662,912e2c0e54be17decb745866406f2260a49cb4aa85d8631c3f75b35e381f3471,test
right,204222897,193b1ae2e56340ea60605cbbacde95e8adf5ddbd53d9ce7be004decc488415b8,dev
right,204222915,4a9051df11aa29131de4a3b08d41027bb4102991ca5b9a92f19ba4f5f8c1949f,test
right,204226641,937d9a8b83d818d6fdaea7aab5be70ce8954da5ac32f3294fb6fc20ec36fd03a,dev
right,204230770,ea45e09cfc9380a22be99cd645152bdcd5d360b53f68d09bd55918d19e25f92f,dev
right,204238996,7bff9b1e8cfdbc8945888b4b7b7c504bbc5cbd8ec9f19f078ac8c0884cdeb57b,test
right,204254634,3726f0e13d4a5dc4c276100f2fc5a22fb9e0fce04bfa3bf30f15feec252c9222,test
right,204254738,48a8dc7481f6983feec212560186865d01ed40650247ca39efb30ba7b56208ba,test
right,204264643,a34344c59fde2598c94472a6a3fa6671dc9c9a8bc0a4e8b1c95ddd8632c76a38,dev
right,204272122,bf9d46a9c07ecabee92f1d48dd7366a3b34e1c858cfb40b687de0ec55f645eb8,test
right,204274644,8b07c99d9ecc7d67474ab1e6f984ec9ddc80810dfc400ee8d28090caa61adf58,test
right,204274645,682c7a287697a8f1615158474ac576468741514cb29982be3f8acb2cee88fcc1,dev
right,204274660,d87233296350dabf69b7edc12e384e74cff393afe60e5a969a164a7b724f5693,test
right,204292470,7f429d591170b7f97fe238597f9f47096bc6bf72104efa2b0c87e4e25948ace2,test
right,204292472,cacf2bdd504374bbc2ccd46180540a12ca6cf06d781d0be7f35916923d4fc1c5,test
right,204292473,edbc54c71b30b82169a1ba8555747d9cfa8b09064261a98c6fdd476148e86cae,dev
right,204292477,62c47a104026e41d3e52818842eeeca8fedba23fca1a087a3aeb95188e554c93,test
right,204295637,b8cfac9053900611baafbac1588f9d8fd14c70170aedb10170de4f0e530f9063,dev
right,204297424,31a55dae1307587b2a111ce924bb76c9848297b618ca76e327e99329aba4d685,test
right,204318283,5e26dc9c9dafead0a0ed80040879d53d75a5f37e19722c49b78bb75a1eca330a,test
right,204318286,25fcf91090d12ad93f26727173ce3f37489aa2b3a2e64bb28b251d2da11578ab,dev
right,204318288,acb76ebd709c88ba28613dd48882112c8fed2ac51019bea1ba993448a71dda39,test
right,204327516,db3265e3a28863dd0805abe446d602dee0d61d1e97e9f331256446c2bf9589a4,test
right,204345240,16f1c9c1881eb396f1e69fce5725e5ad2fda53352633953f4fd0cfdacb51d165,test
right,204348269,b59c3eacebd9e06d28ac93a49161cfe588c81e0cd7e881796fdfb00a61fcc9e2,test
right,204363358,5b6500947d04f359bff205f6eb7101d4efb3d247c016bfea68e7d2d73bca4ddf,test
right,204389692,f8f5f47a53a7fe13ddb13a0de3a2a8b947ef7e03f5ce4aba449de1d6629c54d5,dev
right,204407682,8a89fcae0b81b453338f57f98434d3bd0e10455d2df4ad5d4c40d7f812905412,test
right,204416098,217315b4dc8f39b3c388431ff8ffb2b3ca39bfeec54b9368af76aa48c468baff,test
right,204419878,c95c90a6554c406f57145480693ded04d17d15d22e69d0318f59b49123870b4c,test
right,204443417,cfb828a9a82f6e4295d82e238de6684a135089f4ae00f03887c9339ede80e2da,dev
right,204448530,e54a1550fd37b2254968682d497b5a7e76039e3eca18beb0bffb3afa2fc40f9e,dev
right,204465488,a7fa283683800b5b8b2a9905c03fd8e0fa58c9b1de0c9ff079c16240b326bd14,test
right,204505951,05939446720ab8e5dbec3617976bd6fa4209276b169564cc8a55d3e4ed6b85a1,test
right,204519849,d9247af6af19be25a234531a420f594e23422a5a8b72a1401ae4a11692bf77c6,test
right,204549804,57c3dbba1ca334bde26ed4c39d0a883d0867a7f9630d9b0bf8511b56c30df36b,test
right,204556588,28485e2c6b94c2dc7c6271d7d7436f675b85edfb3289ac80bcb3764cafdaf040,test
right,204558176,25a5b0e867b1016dea55fd7554e76377f7d2d22b30cb840d740421366055af6d,dev
right,204559208,65facba314dcba419095d2abaa0b4940bdd81254505315ed2420431a8298086a,dev
right,204559209,e1deed7ee83ff7543d88ad28715ef3f4499c4e3a4340049778f2536456139f8e,test
right,204559210,cceeb1f92667039e0ea5d0d821c75306889ccf7a872a78acb7ab6493ba1af147,dev
right,204559211,6543a29a5454e96c80d88a7065a347692751c12b9bb4cb3dd21edb695e7aa503,test
right,204559213,9bb966e606d6529e7efa4325187da7c9a01221eaab398f1964bdb2a27d3e8d5d,test
right,204559214,dc9d730f2009a934541721a7e8a95ef0518a80267c6eca7fb1d025ba1732c7c2,dev
right,204563763,5b625e235238a8950da1dd096cfc0c6fd87754c9949433537608712d6214f192,test
right,204563770,1486564c9a9ffeac7538e568eabe7e01bdd4e80f8755f5ec1a1a3448b8fa0797,test
right,204563949,7a82975f2e8c6282fc2b88a8a9a558b2013e0e1f68486ecd270c20973228b2c9,test
right,204569292,13059b1d20d2f2ff80d763796cd458404a8b99a40b0375f30e3c1b0f935fa264,dev
right,204569335,2970001261d8143ff7ac02b9b02e8c9af2c23d3597c63e2c67b7a3f9d6bac9de,test
right,204587803,41bdffb25eab3a000a35369caebf2afb3920ed2216c972f017e4af62b237b12d,dev
right,204587909,b1294f058bda94ad1df4e1761b9aa8adb0cb2ef7833eb906f596a7fcc8e5a611,test
right,204587960,21c0b9ede8f03b30a90df0cfc1148db85d77ce00f699feb713f4308c789e1059,test
right,204587971,09a9d3a7e279256ab7c5480d012fab5c6ab1d887eecb2c7c230a4347cce2e1a7,dev
right,204588748,83172c4a6f794359bd9cb6f11cb9730c6a2293b691409ccb5a53bb9ce1d176ac,test
right,204636071,ea3ec448bf37c1c4ea89b052ff992e4581a16d76a18857637025752331b5dd32,test
right,204644752,3a1dc72c95994fb511039af82c7eec96cc5db28776e1fa578ae9d5aeaa5c44be,test
right,204647332,6f21a0f14898c8b633ef41e761b34cf5e32b3c24f4a6a84faa796b03d4a5f3bf,test
right,204679142,44f97d44562aa6e31ccd232b2a08d7c53f42b92d4c12934af9d62d151735d9a0,dev
right,204679144,5688ebbcf32951f69c201f6f43050fe93143d210f3d6dc36291d0772bd1c47f0,test
right,204734549,aa0f268d00908d5df95f97e8b8259634e32a261a3e29cef648fd0d4ab64a49e6,dev
right,204736197,e82bb3a52a1080ff03b48956854427be483849a70005850436ca1b2c9c4f3227,test
right,204740188,e49fdfd163ebd2bd81db04da94b03cc578dc592c69c06b4b4a934a8b84e403df,test
right,204740191,d570ac2e3338baf9e20506d1faee860a0ee14429b01f7889198a11458e963d6f,dev
right,204740975,8e9ee8539b18e128b7f840a345c364373576bc9867a6f62745ef43438457609f,test
right,204787744,c0d3d91d957b0d40bc177ae59928d482f21d869e60e8bb088c38aa152d762673,test
right,204787746,53f9838b4ab1158e4ea9eeff7eaca6b7b0d212e7c4740a39513ab6dc8b3aeb6f,test
right,204787802,a80227011a8dd78c3cd59b56118e01a5a70d8189945a11e2b21e42e71fdda606,dev
right,204791586,272491e4207edd0f472dc10575127c0ad7e6ad3365a49acf974454d29d472437,test
right,204791643,1227fd0acc6bafe4d5f051d199bb307094c59f6ebaa7d9abe79caa9f8b0778eb,test
right,204792876,9c70f65d5fb4467a6bc1ef3f10d565a5ad6593addd6708914d93ddffce29ddfd,test
right,204792884,1bfc4f05834c1cdf37d8fb74e990e09e6193342862ee37c7ba09e154c1aba479,dev
right,204792885,a7bbe9684b153e6230dc26691a4578ce3316ca151baa7f26d70640b5a2bf19ea,test
right,204792886,bd663633e223dffc6b70b60cbeeca6991b2ac10888737e39c9cce5f891a5ecbc,test
right,204793090,183f658d06526ec3599d98df14843f4cc5e7024ec9be85d835f2d48091169737,test
right,204793355,c16f771ba68a15bff561e34944e4d74a8c4cc7968953495fa3b121ff114e9f0c,test
right,204793356,c74e9876c63627b2cf0e8996ec967fc71467a7a79b7528224abd4de7af361491,test
right,204822679,851c31ebd48078ee1aa0d0c20bde57f032f2c10f84a30b195d47c95cc0cedc87,test
right,204823067,bb40e7578171e80d8d5d7353dec54dfa28ec3aca35dbb89b6d71a210ced584bd,test
right,204832843,b237a65f6c90356bbb744398c9f02466c49e31b594e32e034650a8422c96d379,test
right,204849801,71c444d5353f2ed01b9ef774d919cdfdf119e27be4fc618d52047819bd76097a,test
right,204860316,34c32ba21c4250d3c3afdf6e368c4b29ef1285a0b4a1211e0a30d55104624c84,dev
right,204884519,6edaf18c329ba7d72455b76b584c83d52640e4104d3afabcf805135611b40952,test
right,204937142,4224e88124c80c7d0d199489895bfd00ee5ec1aff361ab3718a59b908ec74d20,test
right,204939361,96739c8637eda979fafe90b37325d2bbc53342cff8373d7ffddcdd9566be1fd1,test
right,205074375,693aa74f5636626aaf695c9d05758b320abefde6516ec3e3c9785dca754d2790,test
right,205074757,3c16eeadb400fe507535b39120b51a01fe4cd665405bb3ff21fffa794b516b10,dev
right,205083947,0ae33994b639d91501fb6e0b1923ce58e424a9dbab25df6b444c74bebe59ef0c,test
right,205083968,6fe4d8a42a393e1e10fe754855ebfa307455fc0a3c337909e2432c627ca333eb,test
right,205106045,1335de69c2e82f02369734364989db7e4a24e1a7789ce6c298a5b8c009c49161,test
right,205106048,ded6c5433d1fc69da1a4a0fd401648b9aa02d5d6b717d7d3f7828b0ac1f186d8,test
right,205121310,41055d6893b0a637172dc6a98e9a77a81073cd97b291c3b3bec166fe3b84b8d1,test
right,205131849,859650896cd4e366a3f38f6788c8d92b1129d21232075a4bef35808e93432709,test
right,205144562,2ec401a3b6ea76261ac277a4ff86c4a0ae69ded87e5477b2ac1c985841121c7c,test
right,205145879,0d0759326b34611d9c0c6a300e2147b43537e2d750b37bee27b305062883309f,test
right,205466519,05fdcc5c25dee85ea75cb869039d668728cce32898fed2b35b267033d3e0c8ef,test
right,205467942,c38f95ed6e46f4073a046d2175b49a1b2c9d2e73b2e044e810a7d86f00c89062,dev
right,205505156,9658aee1b8dd2fd2922c16beafd3fdbb416999025dee57627ea7d762ee5687d6,test
right,205516750,9c9c4b66caf6e9ce156c53c13c23caa4bdc462f337754c704ee517855399d9f5,dev
right,205520997,51b4674a30fd87c9c49c9ea463dacf5aef3fae2d941f989928ef8ce0c3cfc8fd,test
right,205521002,f435f8d2c8f9c3f6050732042d3a8e6c175734169944a5751c2450a6d18d4382,test
right,205554287,192d37005fbbd1677f0d35268578ca06041f32df9c4174c92227f5803cc81bdf,dev
right,205554724,bac2c7e9d1dd74e1754fd412bf60c2cec751ddfb8ebb168e1c3f02636fca019d,test
right,205557530,f92249253745006c9f92f0d3e1d127a668b34213664b75238fca7941428439d7,dev
right,205557539,64ce70448412d859421f7a043e9d74e712069077715b81366ba2912984de52a5,dev
right,205557540,5eba2d4b5a8d23917f97c4f8cd5e1afea9b2d6803ac20720478a950481cc7da2,test
right,205561996,2e5e08439a7804b4835119e3752f84eb15c6691357394399a9a612acf2683889,dev
right,205562000,4d97a2ed4f027ea8f435ad3a7ed8b526f332776323716001aae52a048e380e11,dev
right,205567912,500e151466465cba2981eb9b36ae0c3886825be619a814a9a0f7b5cace643c49,test
right,205592435,152ee28b275233f54aac7c380779005e40501ab1a8f7ee492d90622f836e9282,test
right,205592439,7cdd15dff8099c3cf6c6b6bc591936d7a66129662a28cdde827c7aed94a33a05,test
right,205593354,9a3faba9c048ab50202665138454e9a6565b542af2003d42eb6ea6e5533b0a30,test
right,205593367,3c2afaad77727047163cf5688c812b01e28ca54a8132d6a2ddce233dc7d6a0c4,test
right,205599984,c8a09f7b95600b548b7f80e77fbc017c91bc0497bd028bc70f409af81ff1b091,dev
right,205599985,86c4e56c687694995589c553b0acb3de826bcf81ad7adc9cff142a12a0d64332,dev
right,205664913,aa758f2d8a9fecad98d5c633f577fb6b76449d8877a0633013269c97a48c73df,test
right,205664938,c88460d6fd48f6f6562736a220734730920a951691dd192300813290a913e9f0,dev
right,205664963,b6f3881000946210a07481e1f6439ea7dacdf77d986d73d327f4e0f4eabf31f2,test
right,205664964,76cd5011819a680e745ddc8c7d64f86ae223f6a02f457f1e637e3db91d7822f6,test
right,205664966,94c69aafcee3420c510d1d654f91d4ae12d3d5663c96caa59b7fa18e90617761,test
right,205664972,a99a48c8f2298a99456f30ad2838b7fbdc103ad8ee55da3bd87f97fbdce012fa,test
right,205664973,d671223b976139782a5b8b85bd4b8c1ef7204cafe3e82e24aabaada965814c3b,test
right,205665803,2ec401a3b6ea76261ac277a4ff86c4a0ae69ded87e5477b2ac1c985841121c7c,test
right,205690063,4b6572412610cc0a02ff954472262a5a74c3f4f917b4f5da726262d6d39db809,test
right,205691190,52c9fdd92420406771f092ec92b838ccfe701a6f9cad9595ace0d0b0481dc341,dev
right,205728900,82097afb8d614d6f78a0cf4ab5cd1a74c06df541384bc1ebda50f3fee11eb6da,test
right,205729817,62dc401e5321ad041165fa0b98739d2f792bdcadfafc3e56d3c0a8fe10bd0bd1,test
right,205753566,8c801d70a35c8027ad5edb17bf2ed5ea9e2e959a318dcd6d98707151b02816ff,test
right,205761272,05f825c6dcf3f206c20c0c662ace1e8db19a33ba8d18b20190de93d94b99b928,test
right,205761530,d4bdde356dfbcf32337582c38fa242fc2c8dd72276a2d20acbe34921c16f8b21,test
right,205769439,95895f51d2a8f9f57ffabe560142f8351e36152407ce59fd30db0b4ab6a18ce0,test
right,205777541,d033e5eb6ba941a74d27e83b570b94fc0a48a562ee64e5737f9ea95268eebd19,test
right,205777549,e2bc485ca1ea77c1145a5413bad6ea10b3ea210f4a8ccf3b0a6edf5e79c91cb7,test
right,205809367,ee2def5defad1306ed308eb0b6b25ee305b3118cb5e2ab0fc905afb852c9e06c,dev
right,205817166,4c8bcef42eac02e234956e27fa5f85cec27ea89a6c8f29599a188a7055285c0b,test
right,205817784,7207740188a84742c1b4e7da9f8e780f0cc4b4092e50a2a955c5b140ee959114,test
right,205835447,9513a26e48edbf71c4ac2de385210b00a59eda20c29c3e487a8a508cb021d181,test
right,205838157,8e255d056697b5fb9ec7cb409d5dcf8649e364e7e8e90176af363decddec2872,test
right,205844265,0f5c19ecdfd881119c3b5341d9ccb6f5cda177d4b2e2166add27541a087e1d8f,dev
right,205844279,f25f13b04e56fad39a13aaf869623c7443d5056320e7d1ce6fe0eff8c947d04b,dev
right,205844282,d6639b94171ba803502007e3e2050d0581113dd7700ca724aa043febe1667d94,test
right,205844283,8c3cc05b37fa7b9af5af2719978f15187dbbad14972cd64c9ae778b01ccddffb,dev
right,205852250,2e3b9790a6c4355d7a2dd2dbe9a517d2061ddd304112b36a0ea7c97d3f7c1844,test
right,205852387,15f8403b9ccfd4a59b3bbbe7d6e080681b3fce3e8a4f631941eeabfe36310600,test
right,205865183,a1c743ec4621d72bdce15485c22ae4d9a8fad0893fe41a6d008d46a03b4eaf65,test
right,205865187,2082224fc1c413891d5da81ebfa05da381a840601a287f29bced93a46a3d0972,test
right,205886768,ab25e703d2924753113a8bb55055f885fd4674a715caa6a38bcc8e8648afa592,dev
right,205888207,f4791df450f6c6088376bf9f5d1e159c930c85db19951b317768b8bc784851da,test
right,205985716,40f5d809390dd6036545343ada1580820781aa8748e6bfd0a8fb340733848ce8,test
right,205985717,effa7314bf49a033ea578309260773c0da833447fa254d50c28ea5494f1454f5,test
right,205985718,14328204cdb5682996bd8c2cd825ec465e706aa70e66adca7a59b54b728dc580,dev
right,205985719,14328204cdb5682996bd8c2cd825ec465e706aa70e66adca7a59b54b728dc580,dev
right,205986339,3f3f13714d06ef3ca1ae023bf091a9f02d29a559c7b97a780a8486e4e077cdd0,test
right,206120294,9402d71916310833e820131f9e398068779d81b3b63652cecd7d7b31f097ca52,test
right,206160056,a6ac6288ecd848bbf499e3141ae8fe30c10f49fed7c271993af18eba40bc65a9,dev
right,206179521,7630801f433e0f66d91c507b1054677cf75d722dcde5453e2d8d48796f3d4077,dev
right,206179525,999d95472d79e7410ec0bc3fc0690a18d56508440cee0415f6f9f388172eedc2,test
right,206179562,80b5f5d1bb352291c23012e111fb4efdb17a38ba249428e64e5631b213a9a5b5,test
right,206181767,1a973f05a574d1a3148ab01ee2b31064498395ea7e2b34c07452622ea2addfab,test
right,206356229,49de7433da360c1883924bd4a1395144e3a2b2c6fbafeffcb4482c53ea6ab296,test
right,206356230,699e0e627e67df3aa48bfa7da9d3444f414c96c0689c0eff7ea166ad67fe550a,test
right,206356232,4e17299e3c91692ddca740f3992de1cf45e093bbf7644f3a62f70474c3378703,test
right,206356233,f5eca613e432be7b1513c987e3244726a72565ef7269424fc2707fcf6bcdbdbf,test
right,206356234,c137bfdf0bcaa644fdbfe6bf7890e477e4c6a8e2990ec28fdfd43f1e4f689055,test
right,206359209,138838c1a7af79eff8da825459fb6321f2f745377dd55187ce8b6837988347e6,test
right,206362623,e98c39985bdc38b087083b3fa39ba6aa349556ef51adcd7f047b7855768745fa,test
right,206362747,e90c7e3bc2e2965c8b91699185dedb16004c3406d2f7e99b071b71a549cabb66,dev
right,206362748,4d0f41bf44b4c71e091a0ec3f2f5a04658cfc893d44f0364f16355ebd184ec74,test
right,206362749,b37c466857b13f89438a9bc86597d7df555b5510364141f65fe7b91a5f51d872,test
right,206362873,b1a6813d1fbb111ea93e1966989a2f21ae73ff40011c680e3386e02adfea0f7e,test
right,206419131,6aece66ce914625493162b25baad19653cca0446ee8dc4396be73234cda9e6dc,test
right,206460113,79c865cd60afd39470cf6287fdee86d960cdbc313cbcacb638d990a4b285d164,dev
right,206460118,7c7058da36762cce3d1de7de68677147adaad66bf9cf110e57c5d75d1f19d1a8,test
right,206460121,9a01191faa6fd16b39aaef63c864a5fd4a9ef571e143f546bbd8d52d3c029dc4,dev
right,206460124,a49487c3860e19623260e92c388197e069218ed51842c1816bcff99dc6041eeb,test
right,206462228,bc9bfe28c351191948a9036ef0346ea36ce636b83343067247b5ff14cc5ae674,test
right,206481908,b6ecbfb36a1fcc9c342085201c84b24a36bcccac09607db07cc5e388ad6770b4,dev
right,206526266,0be63f2ee0f2cc3a570f04a69ec51b9c9b16cbdb60df711ceeb146ededde55ca,dev
right,206575951,8c1c6e458a85988bd9d8ad28fa4c1ba0fc39fa9dd16f7273d863d08fcd13121d,test
right,206576716,8c7f3adab3b8a894a43ec2cc882c33878df9aa71ae3f39b5b471f792bca6ff59,test
right,206576717,4ab112fe95f8fa0bf254d18bd9514f3fe49b9feea0b2274446058210ea9f8ce9,dev
right,206615080,8c96d5c55dc3d6d4e53c610fd8db37dd34ade575773b3020aaf9ec0cf2fd54e5,dev
right,206615085,516c300363822dd865ff42b53b49d0d12866b864a757010b14be40696cd47024,test
right,206639246,2e312b9c550f68958ca254d105562542d9bbaa048c294ed1f695bd1afaeff391,dev
right,206671732,ace364e87507c35dc4f38e7ff3db2942e3214e6f3aa0454cdb2004c8b225e2d7,test
right,206678505,600d90e5ee1e759df5514922bc59b696db735e425d9fadb0b54c74f8ebce7c8f,test
right,206722262,eab96afaf46439cf90b9cf18c36f975fc39afc7ad22364116c4c157bd7ce6573,test
right,206722263,151636f46da2d3f13148f616434bc9b48fd04944fc4cf21357d494fb4b2fdcb7,test
right,206725196,4f0805e374c62245d64135e5fd8bec3ef22d9b28f2b695a8a9255e03d8a42397,test
right,206725198,98774b7f3928a666eb4e9ee0d3c10e62715f3e513174e28906e910140ac31325,test
right,206725724,54186ecfad3e872e66f1142e58974faba59bc5a094ec0f7e6fabd101fd877101,dev
right,206725964,9a6df7e390f2ff5b2050c6f2533ad76d43fc9d6e1d3c02f20d615ec0732b81a4,dev
right,206725966,e07e88ee9b6b770ee46f2ecc8c47da523fa924f718a97f373109c9606d8dbf0b,test
right,206728281,db1663ec7113d5ec292671a2c753eb6282692524d4e27d698bbf01a74d603959,dev
right,206745972,0429532474e872982c86a36dbab3d1fa4e7c95953d08eba668027c39784ce553,test
right,206746475,03960285548339e102aa0ef59cf39c8845265a3613fb08bd081ffde93266ff26,test
right,206761808,fb8a37f111bd57ee2226123005724cc43bfd5ae032383108cb64c54d0175ba0a,test
right,206780877,3e7bc3e1ddeb1b89076589d7d0219bf95c2a79c965c2b51ab5d269ef594f4072,test
right,206783256,1d6dd0b343daef816e5c8d2fdd87ece29a6e5703ecb49f8682f68e1ceffabfac,test
right,206783262,35039fd69723bfe2b0ce148d6b977a16a47f445cb30c999bea9702c8fc4eef45,test
right,206808430,2f87f9c26a1904b69f6440be908e3831ed6e2fe237ef0567a3140e71c2ecebc1,test
right,206808431,776fcb86f39b0ffc2b7305e32db898a0a87100b0fe731d96baa826b0d4d4c2d6,test
right,206808432,fdda49ec5cdbf2d041c3ba724a989b5f3478368d47d0a69ede1dcd830c66907c,test
right,206808434,3d8d548c8372c127ca780552726dcab609a8c092a3851407ae318008580501f0,test
right,206808440,a40f379f25acc4136e863895ccd9da9551d07dabc698a0bf9609f4489314dc11,test
right,206808441,421f7c906441bff0a16e38ac7f3ec52f9388be40fcf7f42b8d2736f6e62874b6,dev
right,206808445,3eeceac09009218ee2e58fb71f120eba92d8f3f8cc441212e4750c90e9bac772,dev
right,206812380,60833f59cf0bf37d9a00f904a7ef13d15f3a345a9b2f1a9963f752b3035866ce,test
right,206812505,25338c6241f5a75e29828efb7e4610135c235f7cc39411406891dcf2b15f1773,test
right,206827757,cb0d864e5a8685d75df8a65584377b1f12e1ae9d74a848d9c5e2436224a69e36,test
right,206854515,e95935c5b9bdac0e2b97a9a8faa0752aa65329db89686c787b2d4b4625163598,test
right,206854516,1b44071f492a1e2927a1e40df06b7c4b19eb12ae2965c76babc5d8b97eb678da,test
right,206854534,6d9b4866aed694ac71031b7fbdd2bc9a5ba4a0ec87c12fbd86d0d72cf98f020c,test
right,206870284,392c165b7c3914f5034e245a4cb9417968c2d57f44671bb5d8869254bac0b920,test
right,206870289,df52d06693a820d08493e2b5cefebb6fb5838d7d61d9aca0fe7638a3006b512e,test
right,206887553,dd88a9de659a8087a2be239462c0581d886311266af6c6f441bd19e76c94d835,test
right,206887905,58d93770ee92bd0aa2d1d367d80942d70b1ce645807565cb54c8615f1391bc96,test
right,206887992,a9882527ebeec7be42ea9b886bff111e47980df7309c6945b569c31addf90ba3,test
right,206888001,f8415bfccdd0ac907ca6d3085e0eb5baeb2d682af49713db77bc224b23f21379,test
right,206888011,b7e4f415c1d4c93f9027d68d8e3ec2f51522f1c73d130c0614cf0b6639817eb6,dev
right,206888012,7f4909677a07bbdb42319bcad6e69232e9887df3d33a1e3ee1185d0660a7e5e4,dev
right,206892248,551a1b99d8268550253e159cce3c70a7c6129e8088e7e5e0aa714694cf5f5171,test
right,206892902,05837f7929f929233396fe5aaf3e2375607f6971529cc20658b08b37ba58d539,dev
right,206895864,950f97afad8ddfe6e683bea5dff6126157cd38ceb4ae975c7075b142f7b805f6,test
right,206898357,4efaa304ff513f07def00c51445c6c8b6dd007ce9f2a3270edb439d7086c3b93,test
right,206898358,6319fa91e89ab1e96c226851e052f1a9dcbb3d5d6c6f5063d1019d0fae145c86,dev
right,206901613,2456a4977fb87e54a61482cb22f6619fa5ce515a8a0edae4d4dc7e9c5a3600ec,dev
right,206901618,8718d7869793617eecdd1e5dce408cac6104e36efff0f8504eadaac4ab765839,test
right,206901619,c025a6edacf9ff547440fc075cc74599dd777142801cf66cbc17fa700185bdff,test
right,206901652,14c8267b8b617c327befee494033bb1f84cb548d3c7bdfad12f385c493b7c3a7,test
right,206917814,cb8bff24ba16f2ed92a2e093407c28feaea4edb92ac21f8f799101381e9fcdbe,test
right,206917815,e52f4bc0ba517aa152abe2c62c4c68f4a15fdff2be9211e69a03ad9d942868fb,test
right,206917816,523351442812c00f013958b3385a0899dbaf8fece3ade5de19bb9d8db823abd4,test
right,206917817,fd012cb1835addc216895c300a5b288fdccc31775c72ed837b30773c6acdd1c3,test
right,206928359,252f68640cd42fac91e8f4c5c73cefa2d20da2b9a7d8e4c4e9168a8bb5d041c6,test
right,206928378,7ded4792235ec205bdcb56d11209781f131376eb671b1eaa4e081e216723d67c,test
right,206928380,1be0aeac8ee0197b0efcaca3b7eb7bdc3b490d6089114d1722f1f3da4162d688,test
right,206928384,1a59e0f6f8dd7764ec85c7bab7486f2bd497bb05a65684705be2c245a147b87f,test
right,206928388,ec3483ecf670f0d33558129c7f8a4f5d2daabb2ca5409e2acf690495def84f86,dev
right,206928390,3b6d1fce64f7a6b735c50d688f41bde98365239538e3eebdfb2be9c22ef38c0a,test
right,206928452,9beb3de935ba1667148d511bc4f213ff2941f52afc82705b1db8435ff8223dfc,dev
right,206928604,e2eab3b59e7879146bc537601db390a81d82aaaf6cc0f3309d08991c8cff07e8,test
right,206928605,feae162c964c4b5060e9345ce894114feb08f31ec85ca49b1858c91bed69a240,dev
right,206928606,e93f21fa2d86dd98dbcbd7306781a47875a1466d96d7ee171e6925c71950a6f1,test
right,206928607,38b5ef1f7f109638af78b5b0b739bef4af92d6e3539b3cbf6567682c2eee6c17,test
right,206928608,d4d547930ba5f0e9c7b25724b338f517f84a101d5851d1010dc8f42d69b480d4,dev
right,206928744,2f58b7cfe3e1caf396a3adb5eb2de7854888e1c9e9d6fdc50b0ee27b56e1bdad,dev
right,207338879,5046305bd154e721231b16652023f6f58d01db2f4fc2fcdead3bdf36d5856033,test
right,207338890,ba5d935237c952122211cf0dfaa94bf1b6747cbcd3029d71439380175cb33eab,dev
right,207338961,66e5b95617916785535f4e1b5c1e379019f6dfd125dda041680ab15e8b0335f9,test
right,207383660,98d4b3f9e5e644e820f685eb8dc1b42f015d8ae706f5fa05d34d021958de98ec,test
right,207388752,623a78e2b29e1595e8be111122a5867e0c9859e098ab9b36256763beddc95b27,test
right,207388754,6bad215aafc0eaf3f69dd08036c364d272c36f5dec8b3dafd780552cce8015fa,test
right,207388755,1a2c377c8dd0ffbcc2891d1c7fb4d954c09353a117a5577e5ef043db33679002,test
right,207388756,6ed3d873547c3075329f72e7cb2152f957cdb9e7669289a4ee033028d922f90b,test
right,207388757,9131ccd7d6483cd20f60e7f1e9e12a51fbae17d2b8b5b4fb6cf694d986471a5c,test
right,207388758,0f6fdb9a2b91565678032bd71ac868d39abf90722e21b9b856d0987121d2f50e,test
right,207388759,14a31c627f0ad521b5e02d61a7a76910b5c3913980a50cfb83416ae76f8cc26b,test
right,207388760,89f2ee21ee83acfb0288abb1ac079e4ac69be158a9b660705a56e7aa0cc29bc7,test
right,207390171,c3f94e1e66ddcbb54f253f1bbdb16f7d6691a3d58de8c7515dffde5bb499c73f,test
right,207390180,34726b6c4a31133f57dda1310943514c7f2d172ba6931f668e49fa65e0d78b55,test
right,207390184,217f139f155a5a666f09a87125392fb5ba7f82e9373e20afa810d02c52f80ffe,test
right,207390309,b135e5ea7aaecdd5ee3d87196a40cc1f6d128371ac5db095c9a9058722bc2958,test
right,207390452,b5e8d55da9b784e08d33ff5c3d85bbf42c249cea06e53db32525eee2795b2798,dev
right,207390496,c4db20c32d9bd26cba8313ee246b5e57a61198ed3e0f556fcb53b6e1a7c19e85,test
right,207390502,e7f1942ab33fe8a389aaf2e0cd79d2295ede8f1ef5e77add96e633fd73bb8544,test
right,207390506,6270a70b8cc57b576fd580873c89602bca07870bb6d67a3484eb44626a9a2b3c,test
right,207390507,15c7a7cb645354994ebacd4d200c90a9a9c48c997dc966384d0ef66abd3a6f4f,test
right,207390617,b5b6270a70756d57c4a778fa59efcdc0e92cb12c20991c6328bb2a0ba49dc0f8,test
right,207390618,009ecf4114010a118c9c5ad599ff6f656b029f4a7277f06fdbcc84ce1b9fef74,test
right,207390641,2c3b0a9657ebba74342a7c297ae1614deb99aa06c4179bdd9657418cb972629e,test
right,207390644,53856f6e81ca52dcc58f3e93a869770a078691a0b4707109381f6639c9237298,test
right,207390650,ffd5085bc46d879f41018f3782b16b349462bb13c451ca462f436856337a6bb7,test
right,207390652,f1357f91cdfa0b97e2ffd27b5369395ec3c36f3135e5d079e9d5236db0a3e121,test
right,207390654,d1a8fe523d38ae0bc2664135cccc8e9bb831951422a864842737f2a0359baebf,test
right,207390655,ccdb3a1de01112de84b1c67c2712811e9c0c14129abc78f5437623125f59294e,test
right,207390656,855716d2b0f743d1b54453e62364ae4f6a8430faa8623bc3687eacd732579dd7,test
right,207390665,950fb2bcdf2b306c28d713270a8c3420ccf9de0cfa9d1328c744ad6432d3ee24,test
right,207390671,d72d320fb021a86da9d010a0b2717f7513289caef6591067989eaeaba23ba5e9,test
right,207390673,78d6f5ee002b23108241a24bbb2fee343733996358ab1971d19858e7eaf6e403,test
right,207390682,b1afaa9c64c11ed336575dcd69f54ba38978d72bdde9defe71de169ec88b8403,test
right,207390706,ebae5900ef7eeec976a4e5b57dbbd2b7266b09bfba9f84fb49c4864e33746155,dev
right,207390709,c9e1e1fc002ed84069303605a68ff66a8612685c6576e1aee60025dc12110532,test
right,207390710,e5d1e5682fcc65ce79778ebe18b5fa966a9539a3971dc6d975a8b0e3a3497fed,test
right,207390717,883e66631e6edefff144f92fc5d2c7dde2b164b61d08c1ed37f9cb79273fd6ba,test
right,207391013,272fda52de7f5c1ce6d8cd59f370633ff0137e5c5a5a642b12363a5c0b266bce,test
right,207391014,26b4aa4a2140f7b61dcd76d8d83cb8af8d0923b0809563fbca974cdfe0c7dbee,dev
right,207391015,72e94a6629024c999a52885cead28649a48e2d419a3916603db2be34552f91c6,test
right,207391017,6e58f95f29fbffe9af195ed4badc122b6bfc28d08aaa30fcff3f550f0c794d84,dev
right,207391018,bd49794ee2f7697950ece2e35f490d8b6c4252584ed329bad58d3eff6041d955,test
right,207391019,086c120323d389ee18b5a000ffde2d48d6aec9c2d3243a9379f84cfa7d8fe5a3,test
right,207391020,5f617e2e0902fcacf7b63dfac29e1613144784a581b53ba78d5a9db183ed6851,test
right,207391021,d93df631516d213463c5cc0d74edd11de17e661e75cea26a56722fe1c713704a,test
right,207391022,67907eed54b66cefa553a4336ae4d9db66cd0e09981de0d1edbd83d0d10d39b6,test
right,207391023,d2843666080d7c4cb54fe9cffc22b6fd748fa2953838e5898c17c89ebc2a14dc,test
right,207391431,d974ec1ce92f76478563f1dfca31d1f957e3aa3babcd56310678671dbf3dd1b5,test
right,207391434,0eb2be61f83c035add62107a2e3ec192afaea18cfdc3e3fbc23929c5ed689e78,test
right,207464919,ebf81a44618335ab5ace5a848e423b16817207cf6130ee83dcc1dca96876edfe,dev
right,207464920,4ae7883e37ba64f677c6b0d17bf26182cf9cf56faa2171e4f1ef711f92087402,dev
right,207464921,5623966f8407ba25c4b345b940f4584208224df32143eb4e44ae00c71ef1e7ce,test
right,207464939,bf89b14f05ae6fdc3ee64a37a5c18b8c149a4ce0fcdcf7e590da52ee2220cd57,dev
right,207465587,d7126c127c3dd9b6cbe29b71fb1f4d26ca2366b4e838a14bc7c4a152df84354a,dev
right,207465595,46de0c991567b850705cdff652b7857b18435581fcc4288e01a04a4245ca68c3,dev
right,207469300,ed798ee8289368960d663d9e5dbe5e26bec87d6e101c39d200de657e413568d8,dev
right,207502093,afe1c47f47704e35f7706befb9134bbdefd7dc089229d19f15717b147dc2a206,test
right,207506250,2cfb91695dccfd74dfa4d61cbdbc1eb99e445df5da5dcbe4dbf09a7864612465,test
right,207506251,165c53e31260f07c0abdf7d1d9f612e999ee2c35cf25663f7e7a1be971ca0374,test
right,207506253,f039a645d7795b964806e1a2b74829e647ae8bfc242c903be2d08b9dec2c1f89,test
right,207509842,0329f492dd7743b27210cdcbe500a5c4f839df530cabf6967fc6cb53a6ff18ba,test
right,207514417,10deabda50b462659a90f19ee6b58d27622a56a362fb9fede8f5972a797bc016,test
right,207514563,2442ae7c7b8af3eea49d8c2451b34bd43d0d7612a1b6bfe7ff4fb757f328d9c9,test
right,207514566,5b9c0527f4e12cacb5cc87d534262d3dbace0a2ae373e524d2771ac6a5d3a233,test
right,207514567,2a630372b5698cee974317ecd2d57eb817921c3f3e0a18eccbb8bfae74684f3a,test
right,207514568,ac45b6b73ab10b1b349c7f73a0e03cae74c694338b8b9d5360a9b81583be3be4,test
right,207527632,cbdefba165e80f659ce2476204cac07453182388776c740eb93c4881406e9ee3,test
right,207533462,8f0f26a640172cd139d0734c2f30b53d90ff04f50bae31c07aa5edfbdadf9413,dev
right,207534895,49282f8b9303c2a82c786e0c674779af736f4bb1f8b149924274f0491d382771,test
right,207535170,b3c2f6c2ce582dd58cb1ea8aea940090a4feb0b4e290d56070b1d8b1811d29d5,test
right,207535265,4ec8e400a2fcdecb4e1849df2ef0c85b700da142024d1c51bc1cdb73ad2e4dad,test
right,207536225,81d3f9530a8e36dd2e421efda5c05550476d6546ab647741d2c6d20a30327328,test
right,207536226,a67606e0b5432d34c1beeb3ae7b195b1fc111e30e018f50a37b24c7a15993403,dev
right,207538225,cb2b2e7b68133037fe6ca594d94b62b918a5defaac5aa431dd9f352874bccc39,test
right,207539418,b7db90b284576cf021146a327d7702de24ff2b1b119cf5b479618745d2648005,test
right,207540310,1fec515896149e7ba4a846ddf4be438950b3216f75aa4b7be638b9012f713a2f,test
right,207542597,e6e1b27df907bb799076ce36d61b9dc2250af645daac6fec54d5391689e155fa,test
right,207542598,a9a7ce213d5ff19352d2ea37bc12b2ce303422e164e24a7586ea4704bcea99c8,test
right,207542599,9a189bdd8c63d1b2e7770f51d003ecb5f0db732737b176a4b676e11d237ea76a,test
right,207543188,b401d513171684e7024e90668ebd19a5c3fe0be6a753e3844057f6ff842ddaf4,test
right,207543189,2d0f4c1889fd7cb2e6c40b9e71f6d50a84a1c417af5307d552e0dc39fafebf7c,test
right,207543190,3e2ed7799248a5627df71137f8553d0059d7ff0112f48fad3a740a478d1fb97f,dev
right,207543191,d6dc7405b5eedd3527d7789fad228702b9581df1292756fc7504ba8e9cf65e17,test
right,207543192,320b5bb758df6f4168f319e5721b702d0fd57044534f62dc9969d9c3d5ea6d76,test
right,207543193,4109d2559b08a6fbec781ea46db3ac1950f4f2313cd442ddddb1081b0cc29ff9,dev
right,207543196,d73bc36bf9ee8f3de29900b2031526dd95f49b16f8ee469e749176406f465654,test
right,207543197,bfffb1f6fce3b3c7df854ac2f329cd1309fdd701b5ad62b89df48450182816db,dev
right,207543198,af88f2d81d39e40bc99e3e6b2c894d333c8d362ea3cbc4cc6dfb37a74ba2e8c0,test
right,207543201,223e7bfcca70d255b3226fd55c3f284ba8f3951a28f69c6397d56c1659c584f2,test
right,207544265,518a2735a3759c0516dcf898567c045defbdec6cb84a80d90f724de1bc9fdc68,test
right,207544306,d28967255200176ff85887a126d1ee5fc74153a6bac51e433dcccd4a2caa558c,test
right,207552185,da36628790cb952097a151590a45e49e8fba7c989ee45567227e3577617cdf7d,test
right,207554111,64b4e811cb44a2be6eba76a43e5c6ab0275a90fd8f075da659c32ab54d4fa98b,test
right,207595882,2f02036f89c897981559a9599cc6a3c3c359f731aaedfd0fa226969853ebe3b3,test
right,207637777,72847c65d203bc876e50c9306fb2f88e3d2931522eeeed1dd2e2a9113626057e,test
right,207637793,527f1969d23df4a87c1da65c8dfdbc04f8726fb1b5a8a5197e19ae708f573d97,test
right,207642166,55dff2874b0d648dba07696b203883181e6437dad4f7807fe5ea3e096dcaa353,test
right,207642355,334b1293b0d53db108eed6599582332ec83ec7c1d3cd7f70676aac9be61e46d4,dev
right,207642358,54ade10e30b94ee194fbb94371d57f9806255bb18537df694353c5a7870b8609,test
right,207642497,0ad898eaa06ada0238ea250c746893713b98ae91ab9074889dc3947f6a1abf6f,dev
right,207643190,aa107d7733ba8e96b2794c3f23316d511a89edf5bb0bed2139466b8afae1c5dc,dev
right,207643194,6c8d10fc1f0bebbc0b81f61d3d763eb2fc49f7fe638b4b44f0f7a77e78413b65,dev
right,207645242,e126cb7f187028366ba069661494ff3ee3b37c086b91cfca3b0e5d73d068da0a,test
right,207652053,92803885b687a7411b8b9d0f0d9596042c82246b37e8652570d44458f9e16485,test
right,207652055,c5d35e8ba4b7253415eeffd0bf5eb31f265d37c815ea46178e47c07aacca698a,test
right,207652056,e886a4fca7e0770621a5a88eadd034a2d4bb73761eca81f8fdd317af4610e234,dev
right,207653535,28f0015e390e986f6d51c4c6bb0d70bae17f0068474d4ef348fb6fe57d20cc7c,test
right,207653548,851a4cb23571f2ae9940fd499e44355e7cac80720053ccde5bd40793f2aed9a1,test
right,207654105,7cea86d6a12de14b8c2da8b694a792e3506e6338e15d0eae154e4aec719fcc16,dev
right,207654106,aa0bed6c9105a167b1974d2e411165280952e3883994e9a80dec91d1bd87f00d,test
right,207656388,a13e4a707c7b950ead4786bd00a0c66172200f2c43bcab0faaae2b28a45418e8,dev
right,207659192,b33e8fc578883b36e38f77182c83b2d8060577da375454bd822039307e0b2fff,test
right,207659194,1ee26dca7b7483ea486bd080e686749d8730cb05a6c479fb4f851d818f106f2e,test
right,207660497,6fcbe950f5aa4ec43709fc75830e48b45ea279fbb25b714c6805518239689b21,test
right,207660498,7ee099303ab472249ccdcefefdd21d417d0021557934b014b15a2a5f13bbba85,dev
right,207660499,4a9aa745ce049758a4902d464839f1c1c90c6403e2fadd49a84a5e51c612fe6f,test
right,207666379,bc4645825914ec9e8729bb1595f67ad1f589868d2762d597b5d42e4537f1bb7d,test
right,207666380,f656c3ce636bb8ce5fff014c519f498853073a8cda17c05e64a54ffdd62f08fa,test
right,207666381,47d5f929a5d946bf4ac0ff3a7e19be004baef5218bcc04257cdb08b8a254fa7c,test
right,207666382,0fe01271cf6d4c161023013f6f24ed9a697b86c403b41084fcc563c2370e3aeb,test
right,207667994,2fcd88c0fb064d24532877ef2c926b3436ede292cd738e6a5b96a7601e0a658b,test
right,207667995,8a93ba9d25b017787a00f1be01a19615678c9f5dda27263f2a1059c6079c94e0,test
right,207679756,cb262d61e746e6da499ef3e50e6c704615f29c02e05b8cd7fc8e2b0b762c03cf,dev
right,207682339,ddda287925e5285909f1cc613c058b370ade771ef3787f53002a68555c1bd229,test
right,207682340,f3123a76260fdc2406634d5f9a7ae61985febe8d0f40b2b266ef881164ed0eed,test
right,207682397,13f4c1485f74f93a9ddc8e43bf0c9bff5d91f7ecc48c86abac9191bed65c7cd5,test
right,207686035,ed4d77d4644e084805c479f80c9f36b8fffb0ceaafab497d86fd5d2029d082ac,test
right,207686156,945b22d548b98825efa55ce8b766f3834885daf0ed8288c5641af7af19639995,test
right,207686317,66e76d9f58761e7fa1ba31d299b17e96965c3d6ea973efb4612b4a205d89a59a,test
right,207875395,d36a6f8652c9f600f6fc3742a5f0c7e8cac7f38ebbe3537486e348c0ef9db84c,test
right,207876534,44ee9fdf8e0978e9f7b710b84d1af6278b388dc1f49b7334ba0d520f4f0df231,test
right,207876535,db4c764497031f746195bcbfd24992b62824eb1f7f3493e611855d6f15d627fc,test
right,207895085,f5b8ad4a2d98bf36613bfa32ffebf98a76e7283a27c04cde1f32c501de2c8fb8,dev
right,207897315,eb7975c196343871baa8dff4c5d0144356aa9173ad5d1faf3875e4a106f0fe0c,test
right,207897840,3211ae4ba496af707fa8aec6f406aaa285d1b7d3f3223973e07ff8d3f5aac6cd,test
right,207899810,6ed85c0d58b97a85109398d4532ae0f2be69dba311ccdd75bcdb9662e5c59a7a,dev
right,207899814,6ee948a585e915ac80aa70afbdc2ec6b0fc96071780fc8df01783cb66038ccec,test
right,207900170,dec0aab10e1e5ac2213eedb98f1e00643f637b2b17e429474d0773a0d7c92216,dev
right,207900171,3b7985524abf4b4220ee2fb9a37c35a2df076e1d6fbc649da57b3e492fc3e226,test
right,207900174,92803885b687a7411b8b9d0f0d9596042c82246b37e8652570d44458f9e16485,test
right,207900175,a1cd8c4ea43a6259a8aba98a37d28fbec6edeb635264ac7958c4105762b97168,dev
right,207900176,e85e037d53c2073b6b7f9e70875db201df9e0e576223f4d493c0ba7c32effc1a,test
right,207900177,6f82fb7c91fe54c98e4ec03e38d552d72e9082a4c5272963f99a2dcb118516c9,test
right,207900178,6bc52cdb6d83f578e63849ec210756cab195c59185536233c59610782fe5b91c,dev
right,207900179,479ddc0b63e407ee5e62191bbc566415bb65f0b99f3926a91c525d5ec5936844,dev
right,207900180,8e7c5136268754310ed9224f0e5b3654655085dce857bee3be610fefbf6a5a0f,dev
right,207900343,0001cf71ced9f1a95b0fea8fce32d8f1ca4371944d4dd2ef3b926fb9036c9764,test
right,207907430,890fdd2fe73f046267f402d9c3ece158078fe433cddf25ff5d94863af6056f7e,test
right,207907535,289e30fcfff484eabb402e3a9042e7df49a95c6b4aba30f2947b6f0fd9f594a9,test
right,207907548,dc47b80d8c100d6356eb47402be62fdbfc6bdb0942fee56c3a9502ff64ca48a9,dev
right,207907550,380695c88d8e16109a3ea7b533256937474f4cf56b07d7506b56eaecd605bb15,dev
right,207907552,15e6059f9c93a44b5867b77dd3871c40739d95cb4453ce151ffe3310bfb124aa,test
right,207907555,515edca123403c61ef9e5a34ec3b019c129f1131fd182d011ba83fdd678d255d,test
right,207907557,acc8e4022e7428a1020b79abd2ee695e9185010ff78d5164a690b9fc1f113bc7,dev
right,207907558,e0671330c847d7f96cac1a0f862c25e953b7be2c9563ecd71546a5c50c19f857,test
right,207907559,ef1612bc261b68051c71f966e380ad1d55975475589af20f7d61c4d5963331cb,test
right,207910212,43ac6e4e86dd363bfdb0898eeebd700a344bb1cd2202961d1d24eacd7633a612,test
right,207910213,7fc6183ab624bb5b2ed801bf0123436edda6316bf5215ec4a123014dc00c9d0f,test
right,207910214,4ce39baa4dc944f1d590cd770acb7df2aa924f9a83a23687eff76c038e41b698,dev
right,207910337,4b8ca88ae9ece885b45939d97744218181ae4fab96ea179009d92de424d6bbe3,test
right,207910387,51b4d2d2b153886f8fe8f73661dabc892bdb524463a9956399deef647572b6f2,test
right,207919773,e13242045729e77fa763c5793adfb3093942719cf1fd6ffa797a8cbdd107906d,test
right,207920831,accb72b79221ce57da3d5ff6639c3f2703c1f1c43db5c89012b5e14399372515,dev
right,207925431,c8ad8c873d18383a9df76da331ec66833c229f9d2fb4e662341a46773d43b178,test
right,207925432,bb5a7fb71b221b91a793c72d183f751fbc216eaf2357524f859f8e3f5a7db752,test
right,207925440,7323fcf87075bf1de874c6ce4589e6fc370b0dbf162487cb73de24e31c52ce11,dev
right,207927557,fc071eb2d9723429869c1bdd04d4d81bd6f871ba915240f51aeb80f8ae89753a,dev
right,207929461,451cd2f78f2dbc9dc97f59db14aa841c03aae4d353dd4152de399336ffa23bcb,dev
right,207934190,25ba617a51b53dc22ed164600e1bdf67e000b4b2e0e6213a72c300960aa90de1,dev
right,207934191,3e6d343b6a8200bfecce61cd3ab3da076aaaf3c2ec83d4036ccb96f7fa348cff,dev
right,207934192,95daa10c5d7bf75225060b501f1cf2045a3d60c363a1d58e475698734c3f76c8,test
right,207935920,2973d85cf6409c9a2d33fc5f43d0777b5218211d790a71a75daeedbc2ff24b2b,dev
right,207936135,be498e769ec6ef9574e200cd45eadea686a5f3d4f4ae51626dfc808894fcb0a0,dev
right,207937885,b9351693bafd235357de717753d9f2fd57434f72a54b6c110f00eeb2d42d7308,test
right,207937987,38aeae438d3d3050c5b47cc454cb6549a4f35a0db19cd9ede0311103493b1766,test
right,207938488,f373e80b7a9711f890843f31831ee3b19271b9d592a23ae85c8f5fb2c3106024,test
right,207945552,faa3da65f85ab8488b17ef3c92d1f9b9e8cae0c97dbd182efed2c27c27b620a8,test
right,207959750,adda1bf42c1ae5a1eba60ef0e551c8aa53ba05b7b309e125969117b8a0b7081b,test
right,207959798,603216dc110cc7e95ed2f82e6283ba6ab5854cfbd602eccccda63312d1341ddb,test
right,207959814,d9b10484d8a82ff0291a8f18e1414dd72921e9229b095f70e988ae8bea0d2f8b,test
right,207965387,8e194336a3b89d81b6e011a23ff552d3bd673698188524ac81c82bf0629d9c57,test
right,207978102,af329d0a89e278cf622dbdb93283cf3ae4239b60aea2afe33384238c86328e70,test
right,207979206,2f5cf26accce56c643d63357592850c3a36da110014ec120aa1acb9d2b1c2eba,dev
right,207986293,aa0bed6c9105a167b1974d2e411165280952e3883994e9a80dec91d1bd87f00d,test
right,207986331,3ec29c3b223a33b0892f5ca72d74a617a2644288103e9f124d5d67db99f274b1,dev
right,207993409,1211029e8c985f194230c6229eaf3132dfd2c84479491be3acd8de4b8bfcb778,test
right,208033486,817846afa993629df065dc0443e26c9e6b90e43fb95ff88f904947d3ff75de1b,test
right,208033806,cf3dbd521cc2dd48a3d20ade6d5cd16e53d203564b9ab3968a97f9c268112f2f,dev
right,208033808,03cbd2caa61b44d70320c4f34c2929cb962505c41da44086fccfba7d35bd58b5,test
right,208033955,2ff8fc8c7ef0f243b7d62947ca9a2d15619fcf974a1b204339171f8e491175e6,dev
right,208042911,e559cf1a3f35467bef45c65f75083afcf56e6d37876313a34cedc3f6f897e403,test
right,208042977,9800ed82b4462e132f67e8a62c5fae79fbac9427a99dfd26ef036c528d797b4d,test
right,208043057,e91d08100908130dd861367c6669deac8c5d825109535ef4bfba5b5fcb6b95c1,test
right,208079230,622493cca39ef663f96f8d5f3eca976f4c761d75006c26a1e952056f6475b666,test
right,208084021,91ec87460ff1cc4753980abfc929de0b6f8f31f5d60a0796b3e54ccd2d10601b,test
right,208085175,6f685845319d0c78ad9d7532d31f0557b17849f720d2dede63b235746da7ed13,test
right,208085178,2caa0fb04638a2076ab04618cddc323f39e056fa6018793e342e9970000b1b56,test
right,208085180,a99ae120dcae92973c49e6afa84cf398e3a4bd352b3ce882df287f2a82669b63,test
right,208085182,6cda46bdd4d75a809193010d95a01f20d42f75fba02cd978e52b0dc5c8ce7269,test
right,208085253,45e6be003f48e6297ef3f852d05bc57d1afdf9796180ec0d2bf248067f0c90e7,test
right,208105467,494cbbd3854d16365d8d735ae688c6108abce988205f5b5a46237365b4071c75,test
right,208105573,ae618c281b15e64d9680ab521e55d9ac5a632e2abce0d9b3526791ee38254229,dev
right,208105630,7971a3e5c51594b7185b223a21bbc6894d90de044e096b69c49f298c52b4885c,dev
right,208111279,37477da6afc7ace8eb87889cc4da1e9b44a37771765d72bc633d275113aaeffb,test
right,208111280,aab02e1470e95e286e2aae55fec7cb61936d48b18dcf71787079e35454ffe8db,test
right,208111903,77e882637bee5d50d6e7e5b96c37acb1d8522c6b7093ef5a6de14ba38dee4f02,dev
right,208111904,9e031b68dda32bb693c02a45c1ae0e6ce4c4f3e5eb1fb5422d795bca4488a4dd,test
right,208112354,65fa89af4c2869c12f152ee4a914a39c2d046aabffdad585a5e20a97621ac0fc,dev
right,208112355,5fb006ceb15a6cc17da4ed6ac80f04123884d65980fde059f4d96d3091d4467e,test
right,208112356,0258d215272b0a5342d252b6ef6a0e769d4afa2da257634465bb193ca519e4e8,test
right,208112357,d23ad9388f1812155b4d650ffb409eb16d53a977ea3b7e372ed6276f72bdcd22,test
right,208112358,0b74e6adff6ff7e4ccac62c345d4e7e786ee27b61bae7da9c91e4a9ee929d0be,dev
right,208114664,73ddfdb0b798b3f04c7958eb5687cc846dd661acd20549251a4a10c7f984c458,test
right,208114670,bf122b810685af6b527a2d6fb4c837a039a4b4113bf6205cb5af7b703771287c,test
right,208114672,1348218828d573f6affc87f8e1bcd8ff228b9569dad2e9adc8d56f2b1ad802d2,dev
right,208114673,1348218828d573f6affc87f8e1bcd8ff228b9569dad2e9adc8d56f2b1ad802d2,dev
right,208114674,1348218828d573f6affc87f8e1bcd8ff228b9569dad2e9adc8d56f2b1ad802d2,dev
right,208114675,1348218828d573f6affc87f8e1bcd8ff228b9569dad2e9adc8d56f2b1ad802d2,dev
right,208114681,9820c601689ceb9aeb230bc5a1763e51ca4fc0a9b0ffa979c5d087e9aa091060,test
right,208114682,2f66895544c9cdea97df4265fe54eed0a58a129945be8119c897e6b57bf9ec9f,test
right,208114683,1efe027232446be4acc6164f516685d0a97a41a1a53f143401915fe13427065c,test
right,208114686,58d1d7a8505c9898c0e0537efa04c7241558a645dfce922f978537556cb8ecdd,test
right,208117918,18228bcfc559a9aae7c9b6f7c78e553f53fc5c847e71b6aedaed1b911a686f0b,test
right,208117919,7ff457a355c002a544b6caeba95204a13d8d9bd203696549c433be35ef7a8f5b,test
right,208117920,7447c67667ae2e378ff6f17b6bed8c553d28826498cbb9177a6203bae77555de,test
right,208117922,bb6cbd9ad412b1376abd0a3edfa017e38aa2a47664449f513731dce41fe9a17d,test
right,208117924,83b8b533b37e5e3acb48e9d58bb9ba6a594719495f8c4d148f8d37cfedee2df5,test
right,208117925,4570ba2c96fc6f5d5ca66287cfab2d626bbd5cdcad21cf463886e336a548846e,test
right,208117926,f403dc2f11a04fcb23a9397bb19e341aa98573b8190f7e604b747a19ad770d39,test
right,208117929,e60188253b6729927e36bb3a01a8c78ea356df37a2b4c555579f6497fa7976c9,test
right,208117930,e60188253b6729927e36bb3a01a8c78ea356df37a2b4c555579f6497fa7976c9,test
right,208117931,e60188253b6729927e36bb3a01a8c78ea356df37a2b4c555579f6497fa7976c9,test
right,208117932,e60188253b6729927e36bb3a01a8c78ea356df37a2b4c555579f6497fa7976c9,test
right,208117933,e60188253b6729927e36bb3a01a8c78ea356df37a2b4c555579f6497fa7976c9,test
right,208117936,421a470f2471dc13c6183a213355dd33c3dc652cbd2987f853c24fc5e464f78e,test
right,208117937,421a470f2471dc13c6183a213355dd33c3dc652cbd2987f853c24fc5e464f78e,test
right,208117938,421a470f2471dc13c6183a213355dd33c3dc652cbd2987f853c24fc5e464f78e,test
right,208131008,8e255d056697b5fb9ec7cb409d5dcf8649e364e7e8e90176af363decddec2872,test
right,208154550,ff5e5be619eb4e3bfbd4bccb6f8c9a9cba036c7e241525cafcad9bc3676f7e3a,test
right,208154551,fabd03f2b6233b327eac20cd6388a1e9f3be8887705b22947736134ace161766,test
right,208154765,b7103c9efef15994cd09a1d8770ff7e64e5557bb305679be14e8e828bf9fda00,dev
right,208154853,70e0b697d36fc95b984323d0cbe5dfa9fa65eb4537b5744cac7ee35372dd57d2,test
right,208154854,e95605c026b235edfdbffd9e15b47187806fc1c57e6fd5a2922bdb1a7d300f02,test
right,208156275,aacdc20f7f8fdb9fcf99be6f557f5cdeb3965a0dd655534dd895a1029e88387b,test
right,208156276,83bb7dd7725b3db66bb053ab533b53338f2002e14e14bd7f04e76e434436633a,test
right,208156876,cb15cd0a6eeb58ca2835dfd1eeb4b29e4be88cfda6a546bfc73107148a316980,test
right,208156877,216f5c7569a26452119c67f4a7e210d03cbf04e1cb562f9063d7ad1ecc5017e9,dev
right,208156878,216f5c7569a26452119c67f4a7e210d03cbf04e1cb562f9063d7ad1ecc5017e9,dev
right,208156879,216f5c7569a26452119c67f4a7e210d03cbf04e1cb562f9063d7ad1ecc5017e9,dev
right,208167531,6386e94b1674675a13635a68511bf5589bc7b3b1bb59ee12cb9a90b7976b9718,test
right,208171630,dd6b9f14d3912acc81712880860e03d4226784f2dc16c8c9365a03314921ab03,test
right,208171631,ed418c5c1998bdabd1c83646b79e20b7f97febca174f10ae6863b43daee92af5,test
right,208171946,2966001e161f078815a7dd64e4f63ecb1fb3e2e7c1ec237ba22b54a6117f9f4d,test
right,208177785,46446728bb06311e9ec2c32dcbb1ebaf7f38151987806672a618a8644395d7da,test
right,208184891,5ee3d9b8824baade320bdb1833c199135e41f58d9f27f2b410dc0b18e4666406,test
right,208184892,17f774deeff39d91c16e31671285c1b485549424d1de0b06067365ef3942c55f,dev
right,208186248,f496715b7f68c29dd3b95b2f897fd423133e90d7b606ffc793bb6b42e32d8cfd,test
right,208190046,c22e9d0a8a797d24cbe25044a91dbe2e4134caac3b33f9da5f1aa68d5de4303d,test
right,208226457,38b358cb8462084d8fec659dede12c53d3b31559a608a865076fe595adb23b4b,dev
right,208226458,6a072d2aadbce29c3f7d42553d2508bc4073aea2a63efe922db562827b10d649,dev
right,208226470,4b55c187447a3a732beb216a116984dc66d210bff16ef92d8895f69e119e4d39,test
right,208226689,10e3e77973d53cbd321bb3a1560570dc2dbe9896ebd0fa4327ea2433065da0c9,test
right,208226690,66121c157abe6a0101bdd7ad7395280018b0037a7a4d095126cc0efd26549e64,test
right,208226692,39457f144ac28b3a55db153b41cfbddae564f274ba536a7f446f87fd6f2de889,test
right,208226693,339582b501a10049abfe55ab7578fa57aa04219e4aa2db565305210c6ce105b1,dev
right,208226694,464a4b72deaaba8cd14f0132f6bbd2a922e67ad9220a1d743aaeb17985ed2fa1,dev
right,208226695,34df9ad0d6a0815809648a1a0bc8e9522fee25508cb44853736362b810cd760f,test
right,208226696,b476a2ccf5b03ae62e6c2704e3a8cb80f9f8876240aa1d248fe6a3ba750c0726,test
right,208226697,a93c33a6ac38630cfdd0218c1c1e0cb466017ca6af6e97623d570788f5392eda,test
right,208226698,7a13287abb69460b9d389ee536e6048cf7ec9bdfba61648d71797fcd11cca123,test
right,208226699,b6020e8ef6c01f303e3d1508e084343ced840e5d3fdd11693c7ce9cf2c1c9829,dev
right,208226700,634aff80aaf7ed6dd14749adca3e12d7eaecf4245b89a7f7b0fd571f036e9878,test
right,208237792,554565cae3c86a08b4f2c60387f61318ccd5a1abcac5093c725035f6b6438cc1,dev
right,208237793,3ddff3963872702f9868723c84d15c314ef35c34340ba1257d1631de1b5f2662,dev
right,208237795,ddab10b63e1c115281052d22f0cb2d7e78eb5e92b59d965bd6e2aae387023af7,test
right,208270234,7198c8f3b50a87ae9417062c73cfc0ba2ebf957f74c3c027949d8bcb8a8b3c38,dev
right,208280406,f4604d844e1df36a747cdb34d396a80ac103052e47e435bac1f81b2285c3dcdc,dev
right,208289950,c38462de13cc8cee3ed7400689f165e6869b0ba8761de896f79b33510c77e8e9,test
right,208289990,b358d694164f9deff862f492a3119ad1be862bde7c1a360067d3564a8780b41f,dev
right,208289993,6e03b6f66c1e466dfe744f87ed5e88f1a1f75e6dd0a4f3e8f398a719e1a0115d,dev
right,208289997,d7a5be0327eb8449888fb08c160726c9fd08e07878ef69fd26fda42759276d36,test
right,208294698,12270d0849db10eda345c1ac1e1cf8a5a04eb1e5cd6733f81fac0e6908a0b289,test
right,208294701,0bb5a7f6f8a50537d08e2b5917e028b30e206701d32d76f3b79173fed058c372,test
right,208294712,f1bcf90a372a0852e9ce24e028a33139fdd76c53ae30f23ea02c928ef026b7ba,dev
right,208294715,6e0c928894da371f8ef21e719d7068c930122954faf40704aa803cf4e2d29ab9,test
right,208294716,36d69014c94af443601a45f3183297bac026ec72091f253608fb259d8bd97250,dev
right,208294717,250f9cc22aefe23d8d16d3fe0f179632acffec9fea039daa675c8c75d01a9736,test
right,208294718,4406ff53a7a6add6e111d632b3f6cae352ae326ef67928e7810c81b30cb3b060,test
right,208294720,4e3cb249a698c0bc8261dda963058a67b90d75743397520bd3ce2590463853c2,test
right,208294722,4f0ed50e84c2025de99629b8890482316481f19070146d49b1739ef7311ab72f,test
right,208294724,1bf92eb109234187e404ae92c7a216c4cbc12f9b7957e32ec6e24b5f8fb6610d,test
right,208294727,f46740266bbc02a970f0efc2447b447fccdfd621aa27db4fc28799d8f7421510,test
right,208294904,b800679b345e67d0905cf3115547496d155ad725db1c16e22bbb1420a5ac02d7,test
right,208294927,4f671efe2b055f9b46adc0289c46e9a109529c517cc51fb71697c126af916086,test
right,208294970,13d2ec74600742cf347381a34a2568ed505dd1eaef95c406b001616917571f06,test
right,208295050,b92b2a2158b8eea932cb1ad1f003d05808c3b477073e76b043d74d1e24faf877,test
right,208296017,4a1532a8ee066ff641a9eb7138222e3fe983f6f346291519ad0f00315a41bafd,test
right,208342520,11b541025ba35218f30d38bda4ed427f9f558d8c9b2a5d04be6274e5ec034ad7,test
right,208342524,2beb4d5c008e0e6c4a5ce423770984e1edb848148ab4f23040259d2125f0f369,dev
right,208344063,60a0dc571d64ed5c0ff0496295079a85bbc16a869224035419761fe6251eaadf,test
right,208370418,0a3402a716123e138b747c5cd1093adb6327ecc4c598c7085cd8787ba1a60b47,dev
right,208409750,7fda2dcbb6748d317e70c9e33d1cc3ac6264cc180102a383e21eb944c176c0a6,test
right,208409785,db31503086d30ddbce67b06b5eef53c0081f30731730c3aeb5d6b31daebe0d19,test
right,208410812,cc3567a88bcd9655b865c8f2f87e9c1652be394f855261b1edca81ef980b5c0c,test
right,208453643,4fd3c63a23639acb942627850086438e519d5aa4b025aa4cec47fc33a07dec71,dev
right,208453646,13d7c218981e4ba01e3530df8f96be65db4e4a8938b17e0a86eb8c906130f306,test
right,208453648,6747371eeabd25467c9d2729d7935baef97a46cffa1fd26b9ff0a5fdfaf57749,test
right,208455791,5c9557a5b1fbf241a5e6e04e0c37b5108d66afa951207fd3702fad81b51a53d2,test
right,208455792,86ef3efa794f18d563d34ae9d724a35bd3979cae5f5f2a0143a7fc86142197f4,dev
right,208455891,29fa2e2f7da4483203135deb2a2764b3beebe2459549d169bc96451073101004,dev
right,208455893,6999bb81521eab4a572bdbea6ce50b4134b64306997289062e96b44af5c73b5d,test
right,208455894,58988f6af58ec795780a9d8a59bb5d774fecab296eb680ea205f11eaf6d45554,dev
right,208455896,a04bba573757cc32ae60fca72cac2d2de1419d5ae9dec7e6bfa9a33cde090643,test
right,208455897,caa50dacc5daff051f920c1baf0a0c9c610fbe5e0dc0517900fac10ab6567a6c,test
right,208456130,c30bf6cebe59dad02a614a2644d4fad6551719f798e322bc102eb87165e42f07,dev
right,208456185,6134ae175a602ae2c878bb1cc582c1d392a49209637c4b99c1822396eac2f43c,dev
right,208456199,e6f7d558755ff5dbef0a991f4a9c0c13b0c227fe7888999124c130330ae13b28,test
right,208456203,78e8e8c3792d3d409760586b0c59d3c3e5464af89fd0ae1fd92a2f5c5ae53ddf,dev
right,208456215,b2f113d46fef6656059d5e8b1610fe32b38ac599781edbda2145d2a2df0ff87f,test
right,208456233,7fbbb6c0aa10b058c94b481c57f98787b3f65916fb00eeffb57e0c97e5f0de45,test
right,208456262,4908cae67ae89d0205977c1f61eb93f83ab47e2e7bc75856bfbaee3cf4a5e6d3,dev
right,208464207,6c5478cbea5f8f095e2c7f20d71ba0e3c75bea5382a8730343e3c6281131c1e8,dev
right,208464825,938a16222800270ff8cb22491ecaef9ec98f19e2f30127b0a977c30397c543a3,dev
right,208464828,0213723688d0ab8a2c1346dcc107ad38a821b37eb8b1fd22926a2b56f7fe77fc,dev
right,208464837,6a23d7a1fb05e969e91a894946982fa90aeb05c335c791987b83a13a78793a28,test
right,208504045,51b4b4d9d52c5ce7e1de3ea42783b8995199f05cde662a92becde5244824639d,test
right,208504099,9207d13d413bc659ec9f46e5e2ff7f82e2cd7503d77f67d78137f545043a8399,dev
right,208504178,f334fafee9e90f382802226b90f442b852fb34df143638cc3b47efd7a9c1a508,dev
right,208504179,f2867e2427a6c3dab10d8a5397370caa994f5c717b18ee514d12ae801928cd84,test
right,208504187,0cad0d5b10b40005b935e34a39b68d575a5f0558a34f0b29aa91f9b7b8b12db1,test
right,208504190,b21454af17db19a9d5bd8524284858cb740a4d5b0c00d456179b3ecd4f267bca,test
right,208504191,11a970e700119c3f1d09ef99849541d8c63f9ee1dba476443029eab95ffb27ce,test
right,208504297,5f3c8a4ec379ee79b2141d90fec3d1f9eae4761fdf1c5e00a78f159b798a8390,test
right,208504300,701e5cf09f61a0bf600f86569b34031268e51aa84bf03d6738fa9c7420796bae,test
right,208504304,6ced2284640d1f0007ef618682ac668879d4f4ce9ff8114ca6fc7fc857d38133,test
right,208504307,b72f4ee51917b39d11189b1336d35a4f661a271db4af77b3eac7c8f3ab353242,dev
right,208504318,b82c65a1bb2c34f7eea83450f43533b53a8d15e12b45494b31d64eef6e67fccb,test
right,208504334,8400536bc9f79185c53ed964cc1af425673bb29658ded6ce8d4dfc469258d884,test
right,208504339,85eb142193f59cea3b538c6b0d2a1902cc071a59eb0f404700062499f43172a7,test
right,208504340,5cd02f7472b0bb59bdda9dd46abe4c2c81e91cf06640d7d12f03bcd83fd252e8,dev
right,208504345,dc4824356c1b7999e50a9d24553d35ed8746d89216650f6421d598316dacc62d,dev
right,208504369,8e4ed6f65c444eee7e9414ec55c737d3bf81881037c38e2d06deb709d8ceaf61,test
right,208504370,7e47bbc64035001d682672cb08dd006bc9ed2b90d0124311802171231ecd2b8c,test
right,208504378,ec619857290e2b5c88250c5e2c6f951c3f5594b60e7803c22160359fa4884915,test
right,208504394,87138a1552e982e29b179600e8ca13482ea5758f9e97c7ff717229fb4685d63f,test
right,208504396,af6e3b42e04de8240a9fbdac1b1ffff203bd573b30a8270b2f942c5456901396,dev
right,208504407,9ea1c9381b43056b28a3de6b64a66bf2bee49c25e8445f2af99a52296fc9911f,test
right,208504421,056f973855f46274382cb14a9b422e917c51dde2ad2b38c51943dbff5ef93320,test
right,208504422,e5284c680bf405cdc87c5ee64627372534cc525e064a22f962388401ce4d6feb,test
right,208504423,a4088244e216c5e7c77f26c59016a759a25927f51371ffcc63597f6ce92c7914,dev
right,208504429,12591bf2714dc32f26c227c835fad521de49d19e4d2596d8bf56e9c83e112ad8,test
right,208504432,c452d902c520b08e87cd10bc89294357061f90da6c1bc9cc9590a2f5bf21291d,test
right,208504437,1c41dab5285b28ab9885646f6be024c14ff479a2750829ffdcac4464203f2504,test
right,208504461,3c0ed77e1cd1af450a7f854edf2d6a9112ce39a996a65d2637f29f3b76c3c738,test
right,208653765,6b18cfe962421c2d1cd717458fc05aa7c5ec68b6e0fffab809d3b2ddd414c894,test
right,208653767,29f0cc48e520b8565aaf55feea2af24d2644b64160d019c042b208ba4275ed9d,test
right,208653775,97784f6a602785a171987272c42b29363362429ee8c845d4820e52b929d98312,dev
right,208656495,984ac39642a6c086bdaf7d343817c7b0c37407655f23749d4990e728f59b61c7,test
right,208656497,5b34cb50648abecab5511651d5482e89fbf304c63abca49c86cd8004d6531e6f,test
right,208670546,621396bb7b073d205e48c409c8630d2ea4acb6e5e5a92b989eb2940fc8694afe,dev
right,208670548,289da25b880d16a050f30fe8c88361650383ce35888c45ee2ccd3a07c8c62a3a,test
right,208688474,ab6bd97d155b691f776a0defec9e1785036afa2dd9f38c923ac201d4adba4f6c,dev
right,208710842,2248fb69b3f2bafc00dd7e0ea8f6d3798c961717c035073f6cc6b90f71d0b3c4,dev
right,208710844,58b4df51d78c1f6ce4b75892bb502270b7f333fef18d72de336d550f1f7596d4,test
right,208715736,440d600cd50085f82da63d25f8304e821ac1bf4ffe0c1579a1cd3b45ea63013f,dev
right,208715747,27edf7f83a08abdbe237c1cad3bdcb9c28f6580ff8869b2b9062066048f9e9de,test
right,208715855,2b092a189fb62f2ee521ae95505d55332d864d521f75a77c0827874f52135820,dev
right,208742932,4e335026a57a4d608fe8ea05526920dcedbf0b82c7fc0109b4e14832816b5c0f,test
right,208787116,80d2d4c340f2cee3031e692fa91e8ed99e40913be593d3a04ac06a6f94abe7ba,dev
right,208791918,56014e55e1aba5be4507e85e928c46a9e32c101e8390d787f95e60c4ccdd09f1,test
right,208791919,1ed0945153609b90e998128eadca8699983a906e7389a17f90cd2eb6e3b611e8,dev
right,208791921,1adc4eb119ee4cab60c36b4afc4013287c9988f3b5f2a829971a502130f81412,dev
right,208791922,7e84180827bccbe71310993249bdf9e3cf2614ff565eacbdbe1b898481f35515,test
right,208792604,6428305f19fccdae2f14a95615192884f4c4123f56dee4cd9497a115bd9e738e,test
right,208809705,8a0ed3cfe76e683159315af8df466493c408596655c25a17992f60193264dcae,dev
right,208890628,37272f6f4d1d57e6484e874b2bd42dcc7104d1a444c16b9591aed5165dbab618,test
right,208890876,04ebea60058a045ac067d98dc881ec47297e0a3a82d0057043a83bfbef8fce3d,test
right,208893644,1a5d69e55c1ae4a0969a54d3dd933a589d39254a3a117a29152a8e9e2bae146b,dev
right,208893656,e30702e1dcac9942405c3bd17988e751045793e630801571473eb588e0c192bb,test
right,208893658,68bee35c91a5b8f53b0ed49acf92c6a759fb4a3d670d76d616ab9691dbd46d42,test
right,208893661,cc3e8bad70a0d4584a3a1444de5dfa32a659dfaf1b50ab272eb632270edc04fd,test
right,208893667,4eec001396e6365e3c2cfc58d3034b92863aa3dec61e8547c523bb4dd619d658,test
right,208930714,f66a55e85fa0928e722f7a68ff976a57ac9def2a52b8ba64208f16bb84e65df3,test
right,208930717,ec07f74446489be815e551b4c543dec65ae238e01160f6a10d404501fa99a1f6,test
right,208930722,7f263a34f77ae5d8f345037262b01ad22d70e3e6ce0d7e49128297586f741b5b,dev
right,208930723,7638aaead2871fe2815f8f02bad88de4564835b837e20c1101e5f7142dcb4316,test
right,208937347,c5e31dc9e240790430216a613ec6e56da07619469fd63ecc34381f77a9b5ef9a,test
right,208937533,eb2a78d515ceb203ca278ee91e36808905c64204081ecc93ad30b890a0e7318c,dev
right,208937534,1c4bb15277ccf39d9dd5d24f92a518d12c80b47ea3c7be4820f682fbc5112d3f,test
right,208939028,682f3f57807289de0e6642833faffccf564870f714c1c9e992abfe41d8136606,dev
right,208941074,7a813df2c04bc1228076d0adc971e6cf962c2e65e7f8173d1ce4cdee04651a20,test
right,208941075,60f7c217b47dbd0f669b90e61dd02b890f3dd1d2a5f93a3672c1ab97c1b94c73,test
right,208941076,8033fa20e11b8d1cc0e45222b2bf6cda220da83b5c266215978d139ffc57b900,test
right,208941079,2a3a90d90f44403558d221e2ff9b7da86b20cff072c864ebe2bc3b40c6da34ca,test
right,208941080,c66f4f3e4fe875883924768385f47434acbf388d57c8ed0cc7baf760db105f15,dev
right,208972043,21f979a5a8cdda3ced2538ea813d3db2d6d8135dc6cb6caa185447c78dc2535d,dev
right,208973561,39ea7cd318726a06d3dd4cd8b4a69a30818f0ee0e0fb5066dae3d77454719bbd,dev
right,209000383,df2859726ee7d1c3df60ed43837e25690adf91acebac092cd6c00f81d362a81a,test
right,209000385,9e0b4ce833e28b09543eac86db42dfc3dc86de7e15f3585b21bd634032ce27be,test
right,209002546,4d0679fac1376918938213d1fb058a7b491ed316f3b26a564964f13f37d39f73,test
right,209026630,bee4aab92ff4f9974cd39b566ead5e3cf1bb6151bd17df43b78a832b6ee7a13e,test
right,209026634,25b66767c7467c0d3e4952eca5ef21560c0971d2153030ff1830c0601ef699b0,dev
right,209026638,f875c587d367089db41918299a5a42521dbf036ebfbed1c795403f26cb8e0df5,test
right,209028436,5b46f86eda99957f1a7c932868c292b81d9443479f398d144ffcd366105f8ca4,dev
right,209085175,067a8ee1d94cab64ccda2994ee560525f0e2599448d32484e8344deeb25a023c,test
right,209085184,c8ab4b029041f145e2d19a914c9fb5a93d1725d46f5200f214e957556e050eb4,test
right,209114390,5cf06d58fcb29ff3ac83cb13e78fc1489ff619b4ac68a84b47db67476c3fd3d1,dev
right,209114551,b4e8154754651ea218dd753b90684c48b127cefd967503a124f5ac6d04b9ae1f,test
right,209114552,114664af71ae01ba78a033baec8293ec20d8f389807a2c2b0f75e0672bae0a5e,test
right,209114575,f933953f53f9b9a4dca4c348e10aafc1255513632651dcfda00187b88afd049c,test
right,209122918,f06b7bc2f9e874c9eb910caafe5096593363afe9d05d3771dbfbc24042f264d1,test
right,209122921,ef4a15d3cd50bb4690239fa70f88878e3a480a1e6eb16593987efacd6a9e32e1,dev
right,209122924,ed08215a9bbdba712afb2bed265c4eff3186973fb71f157cf6782707d464fb16,dev
right,209194240,ddadd1279503eece2e4e3d52df63f4d365124fe9260f03f6b8924de7b301678e,dev
right,209194241,46bae6edaf003aa703aa91c21901477a95db39c5bc5be5ff6e6d528f6365a6f7,test
right,209199789,725a55d561387c8b2303cfeb517edd4bb89f858e4cfa5f188452ed565d6cf245,dev
right,209208547,373005051effba9c78eedddeef751894561fae55e4bec7f8943759f4c1bf7395,test
right,209208655,ca9ba4e4934fc4d7f5afebc4ca95de8ffe5fa9cfcc160f0880fd948622ef79ac,test
right,209208661,87bbeaed8adb9a169f10137e35eb644f6ba85d93293e0ce638c6dca898cb92ea,test
right,209208663,9b2fa67abaec4edabab5ff2ffb8c3573307e93d48513df96bad6e15d00743c03,test
right,209208718,92f7c3a6f0a2b65feb1c45edc2907d4522cc8cb7a4086a9593d9c1b870b9a90c,dev
right,209208719,28723cb62a4067404da1c3b39a69a41818faca41b1f9904b4fe2fdb8c1493603,test
right,209245958,0d7149e79e7e28eea295fcdcadb7d8f7bbbdbafcd45da725f5363bd0a5882069,dev
right,209245960,1151f13a9b293cce56d0523374218704de63ebae144934efad407f63c7d84d1b,dev
right,209245965,5dd07c3bfe503705da61b06b686e11fd8327d7fe46e83249fb93fe42c47404ad,dev
right,209253738,37f5620c6cf765545f8e697cc578f3c2e77535d4b3d7439c44dbf95cbceb7917,dev
right,209253739,44b52d93a8ccf52607b44ce715d00ad925afccdfe123caa857cf4e10b62b98c2,test
right,209273200,e24707b83c3fd814df001294ef09e95e5e7a84f1f65d38e694bd136bbdd06749,test
right,209297152,dab581ca420cfe45330e0bd0f2af9e7a91a72498022cc3ad52ed2c6ee5b4cccb,test
right,209297154,33fd3d0c55c0e0563f0393f6947e769bdafbd3e04cce07c56fc00a669cc119ab,dev
right,209297157,9726701734c3df0fa76f0f53408f6a81fb47259b63c35404f25bb80de3ef431a,dev
right,209297200,9405639d5de9f861a16944cfc3fcd11580d6e2933211e572a39cd7ebc926a2b8,test
right,209297205,59f5bae2e2d9f73acb9a12c9051bcb91798e6e842270cd4512d002a334ca5305,test
right,209301534,75bc46aa18a327693c4554fa176b4c65c7c4df7be6c64033c4415c75b05f9e7e,test
right,209302310,1cbf458c0947f9d507768c6e3f4cb2cad654332a4439e6f130387b36e53a6bfb,test
right,209306028,46008aa38151e5b9faa199655c58fb68923efa2a2f4ce9e11bc675c34c845ebc,test
right,209306029,2fbdee6a38845da5c5526b4871c96d2725a2f0a649684e04153c0db2414749d5,test
right,209307663,f322bed32aadbabf6074f417f79e1ab5e83fc9934efb195e4a49be0d5ccf2beb,dev
right,209310241,dbb67945a95d0df5d720b42a8cb4fb037fe78522e50b8a4ffb37ab1388b68019,test
right,209310243,4ad1247c9ab40558dd8bcef53573c60f5657739920d79e5d8e5343f6d5d60d2e,test
right,209310245,cd70fbc7e6a19ccd7bb936d5a1fdf258d50037169c372432cca8f6f4fe699c2d,test
right,209310248,0a34dd5349ffc9ba7e1364dbb14516e813b9ffb2ea6605063d31268af6241457,dev
right,209310260,1e6b16cceda15d2cfdfd86decdc23e4748610adb99d6aec0295227a64da8b5b2,dev
right,209310268,89ec26200f4943b30351c196ecfac7d748c5cad6f478587bafae6704ece9ff65,test
right,209310279,4e88509d43a1f3300f74baede4a25dde9afa776d7ad7b06fcf01375acebd3d3f,test
right,209393521,5dc9cbc1a23d2995a856ba2bf722a90d1839104212524fc7678e9beb9841304b,test
right,209393872,40a2c7e083730444710a05aff8d19d8b8542a0eed8f6a144e28cd7673332c0ce,dev
right,209634135,92c70d66b29e619ca90a0eac89a36b9258eafb63915ab12f57451ab05ce20178,test
right,209656935,e2cd86c563bc74f4be5a42d0fc385658859c447b208a34674f3cc7036060fdd6,test
right,209656949,5f5621c9fc9b24365794a4f6817fcabfbedf9e3ee3a9e56331edc6cbfd655297,test
right,209656950,dee881f484f1799342d67e5620dfdf7147d875b20f9f9db8ae9f2bbba2ad9b48,test
right,209656951,528903c3e433556e9c52ce4072adfe6043a512dd2750f26b77a8284180136706,test
right,209656955,ded97e5643e3bdefd53991d23869bd59e72c3ed71a86a1a4b338c6ddfb52c3f8,test
right,209656956,3b9fd98b76e5c4c8849910c37787627b099373c9505d2d2aa3ee45593ae42925,test
right,209656957,8c6831aa79f46f7465e39232c3993750340211f92ec5e9ee41a629b97934304c,test
right,209656959,474f0af55dded4c19db7520d3b5d007e3c6c6cd141f792f6b202acf6160ffea3,test
right,209656961,c06b8c2a89d7bd4f36c65014b33203ad4d8a9a8a654e7d58350429dffaf71fa2,test
right,209656962,c1bbc71cb52709389f7765fd5b9df1a700958250b36325bd077e21c26422cc3f,test
right,209656971,860111ce01b5f4a701c26939b4f913c0a1c06fd81947d7e9ca85cec98da15d5c,test
right,209687172,b6a1f49e735eab29259603149aeb104380a28fc6f542268e5d66a95a602bcdfa,test
right,209700735,ea8b9f5a15dcf24e876b73f277b3869c202832e380440655b1060b519514cc68,dev
right,209704118,20686df902794b422857f2327b1ec97573eec31aeab2749ae39a5a27ec7baed4,test
right,209705773,81e70746c4aaa032eb418b3da1249949a4ce79eeb7d7b88ce27c82bdd50dc74c,dev
right,209705774,4afd50ce203b9c476d524e3fb35c2afd4fb541b62ba4bc1773f637c39578b5a6,test
right,209705777,a48ac631194d1388d2fa898b249feae63f884113a7f6e15df20fb3699ec74e92,test
right,209705778,644b1c5cf7b738f734f051058b4336131aeab20f71ffa7796a360c81ee87e19e,dev
right,209720586,87618b1d527cf3dcaa1818b24783f6cc34d094136b113840a1060e77c2fd9633,test
right,209869342,e3d752f4a4252495400efac30fae237bd26eee5abf77398fd6b4761597addbf0,test
right,209869989,19bd049ac368236cfcae3b02f79d07313c3e9b42653667fba77faf96187760c9,test
right,209871973,fe58bef12bc0a3d1d545181d6578f7ffd7b92d2b5d5cd033378a2a175a7c1aed,test
right,209890560,1cbf8b6430e81a38f84a89fba23e01af154dd774e0ebe318c91e901a212f683b,test
right,209890796,4abf03fe360305faba62d34578ccd7607f17ffa215ee5d424892f77748137df0,dev
right,209891039,6087bed35d6a40e1e56b36a59ce5c76385196165df5b557d86764762bc22c72f,test
right,209891040,983615a4ef56dd85251c8f93d3e686edc697b565ce6241eebe1f624e723a7891,test
right,209896109,cc14148cb71bf57319036dade6ddc09daafef5edd5bbe19b92c564df711d06f9,dev
right,209896693,2725da08408a300bf0200f8ed662d2f4212d6e2e086a6ebaba92f485e1708a89,test
right,209901963,8e7917aa5ca151edc2f21611d6b5fd29004aa84c3a2a23ae9f6e8d95096c9aae,test
right,209901964,ec8f39c274d1e386e4a20a8f20e3b6c531a33e12c90231e7c03079d40ef6a989,test
right,209901965,c0ed7075ec1d795841dc687b977f08a34051650914439444fcab323dbea5a855,test
right,209901966,8a77a3d5805daca8229c2f3b72d2581f927798a62dacc878a1795bd37c6c505d,dev
right,209934620,0f04fc08f4d9ae705a04338818efd383d6e1147bf6a335a62bb9b0400cd227b3,test
right,209934621,3ca2f97cee39fe2aebd783aec619f97f3ff4105abdfe990118bee2be3eb61f24,dev
right,209975310,a5d654bfaddc4b54e96bbc3616dcc41db2c06c0f83aac6e24e1c5542e720adb8,test
right,210190784,2c68049cb41ee64353318a86218f55880bcc311c118b834b71974375156f658c,test
right,210190818,3076e733b5b8825cdab210f7fda3d672beb1245b5ffad2902dc5606dace28d0d,test
right,210206538,8e60d11f4bcfc694d47fb8b465b165473621f38a3abfc1faa22e9c329bf1e1ad,test
right,210227260,0831e2d955bc31417818faa46342605b4853894fd29e87e27d30e08bee347fef,test
right,210227261,2da2df31d2c0ab370c48d0933a87b82f9ad40e36abeb7137c55e4b8b0ff55f1a,dev
right,210227271,a0228bcd57d738b65b7bce3a1764b0c78bef538bddffe7800f61ad40008b3c19,dev
right,210227282,bd05b5deff53f25234faa467fed1bfd503d0f3c912ea991b8846764dc8fb9191,test
right,210227285,b86c5ecacf2fd9faf727d33ff706147695a7052c4ba07b5e056407f7334f3b81,test
right,210239335,b907abaaf204d11cdd5f3e959174de3bf517643faa76449b4ff2495bd504b746,dev
right,210245837,0bf23b2a0ac758e91747d29cb1447fc44db05d59ce1d27440d9cf2385c3b6f00,test
right,210251970,f6d329c3a68ab2c853c1d4ecd1daa78300095ff6d790d5426825a7880da7ecd5,dev
right,210252184,2907949b2a65013a707aa98a4c6aa0e9f02a0e58e5d014520e6a3646e8f5c3cf,dev
right,210252356,56390894cda4968f4f25bb7dc5b0aa25b43a5a3e02981f57bddee1881b1dfc69,test
right,210252385,fd2d42006af2aa6f8311299460e423c1afaae5fa6488357e25bc263a8fa8f663,test
right,210254965,24a5254bae149f9cfc4532b251cd6bd58b5919248300a338d0ec88f42da0012b,dev
right,210256478,70934a28bf5fa81c393ebdbc930a5e7f929094aebb90b7f6a3805d06bc8be31b,test
right,210258465,522b09e1d9453cf13d969043dc3d7fa808e571814322bd9e21be3b5cd079ad0f,test
right,210258472,17aec8f1261853c96ac266faca6a8d60688d26a6adc6f0a7e9c235a082fe53d9,dev
right,210259873,29fbf33c63213769bc83ec0fa73482893702a5dad81469a483219f410bd4ec23,test
right,210267015,b1b0823f48723be114a5a5699afec47dab045883b8c34eebcaf4410c3da48732,dev
right,210399743,21c54f63a06bded943d3ae78c5530820ee92134c4a88137fe697d981d4cd82b2,test
right,210399745,9398e0ab54b41326ba8aa2566e90d780f9e28e3c2a0853f66bb82cdd804e1312,test
right,210399746,2c433336b7bdbba3b12883c7a2d4a7b82c82d1ff17bdef281441a0fba65e2fe8,dev
right,210399777,ca632a0035c886bfdfa45c69b2b8d968694d14ba664a06b39bf66ccc74a658e8,test
right,210399818,9309152dd9f5acee74aafd4cefa5a25d619ebf5275e5854738e3038d967a7796,test
right,210399819,9bcac712ca888dc84fed52c4e323c5027094bfba614621d1d37eb2663774f80a,test
right,210399849,4057d2a2bdc9cd14436d77b682926feba49feae7af93b7897b37ace10fa6c1f3,test
right,210399855,06a52c17b544c26816c43adf2374ef78c29ca08fe5491b2e0746c6a87f81886f,dev
right,210399907,4598e536cb962ed18a7fc5e3aa878453a64bf1acadc2859f973b66f9d9aef020,test
right,210399915,de0da793f55d54930be22ad82676fe978cea0abbc9a27891ac0ade4b23ca6736,dev
right,210401450,13633dea2f9a2fcbcf260810321102a481eb3edc94fca4b4a47f46e7c9c78f54,test
right,210401451,24374b8108ea9e08031d411291ac03eac0b84cda1bc983ef3c8d7cbfb505dff3,test
right,210401458,6ec4bd695c6ea59759a421afe813c51d492b996fa0e4e12eea4ceb0db34f7ac3,test
right,210402319,75f5aeb57783d12a8312de5646a64d499e142519c1b7354c140a110fc0a9f958,dev
right,210402579,9c156c37b92df9cbf0d9465e4bbe20603f5bd83d938308e3e03c52c2af61922e,test
right,210404123,976fded836546640f5cdfa2dd597e64c828f4b9903c4573127ec0e87e5ea8b99,test
right,210435432,e7fa8f51f1990e767a43dead238f93f4c59e17e5b21d2fb42a19c1185f491b99,dev
right,210435439,05a0bcdfa21cd18b35a7b94aeb300c1f0701085851961df9f3f1360f7624bd2a,test
right,210441166,0dde3a5e4e9ef68942b14829edf13d7f5cdd67b8397f46df3dbc5988758cde4a,dev
right,210441817,f9b76d49e8d3c725614ad9e82617aba4e8b6ecd61d61a894a1925c8f729571c6,test
right,210442348,df3830fefdc758322a74677fe844c5a48c74d9881a5b4d64759787812db88869,dev
right,210442350,c57345dc67b6509ad0e3fd75aa291573b5b09e739059dc6f0c62059afdc3a756,test
right,210460676,968dd28166284547cc03613c9533b013f901e6336b1357df2b0fb5057ea8deaa,test
right,210461432,60a9fd0fd9262c6b36cf6a8d82546c9d880a38edb16b93cacb91a6bbdd8eb2ed,test
right,210462233,cd3d0f123b5973ab5f421366ee298d31f52b1d0869a0ed82375e85f3154daf04,test
right,210479062,3263ee63bac7dad1b09552bee807cbefe8fe52bdd38a277600e293ae2b88c04f,test
right,210490135,0710c8e12a24f6bd4d65d7db1125f36c1deec9fb98ff8d2a200560fec5465457,test
right,210520736,cb262d61e746e6da499ef3e50e6c704615f29c02e05b8cd7fc8e2b0b762c03cf,dev
right,210521551,3dd4394cc26fe7334c248d2e54fd8979b5de1a020472bc686de0c4aa6e369592,dev
right,210521578,8d1e4c535269c4f70924483f046af11cbd1daa8ac9478b9739526cab6e0323a3,test
right,210536123,89b957ee4baec2f3213995e9cfd2d79e2097cbde6f05b0aa5a90527607ec1d7a,test
right,210566840,9bdc4eae389dd28ee1c79cc008b6524196ffd639c92beb33d64f26786e55c667,test
right,210571462,a9882c7dffb8ec741664cb2e438dbf8bfd4237f29cfc72f673630de54cd51dc4,test
right,210634625,60f4ac574538f684d1e98f7eb43ce539ac576d62e4dfbdfd7ddaee083d634405,test
right,210634626,b6678fc99fb4c7249579c4ef6ac4aab4675f09dab878f80aabbe9b34dfdbae74,test
right,210647824,fdcf967dca32bdebca5a5c315582877f1c287ccfae7f42919b4341fe46f88de0,test
right,50009858,3636e8a37e993f4343d482a68e0af6dede339d4715088995522839ed74015709,test
right,50012447,d0acae02a0e1d103f31386ffd475c2b40c9fe2f2e16873b01fa2574440829884,test
right,50012453,d44707318c36e5b381393975efbfbc6a3a743482a3e93f9218e48dfe65f402ab,test
right,50017228,6012da4cd0e9dec268babb921c9a25e9ce8a5a8c25b3d3a9611c9171330e438c,test
right,90049752,83d20860f8b911546c03f5f6f7f46dd78ff33c8f5d935e7c06cdf2eb847104b8,test
right,90049795,fe20ee039dc0d4a66c978b2bc88e9c184997a5dd2d97e3ad425c34483b67b05f,dev
right,90049928,30c6732a42f7fc8a1b95392eab9718448850882e8c9bb4238c50d975dba5e853,dev
right,90104307,c364d61022367428ac57324cfb44fe6534cf64700183174eb1e6af405ee6e2b9,dev
right,90105056,388c161fbd7e6eaa1a1c17c45ad196e8ce822c1bd238559104fabecc57970c84,test
right,90105156,682a4b759be115b977cd39fe2857b2cd69ee17cca8be24545714e765358fa23d,test
right,90105458,8469a2f48377aa13a8c7761de38e1890cbe085a6cfd96808fdc8495590b07861,dev
right,90105654,b85daa7aff70440805411bcc22ceaa3c0b6df9ccb57c6c224da7a3a80b75a735,test
right,90106172,e42abfab15e53261e8573ccb7a61a9e36e53013ef670eaaa1a02cef16f0a4415,test
right,90106210,118dd77f1b83b66d6315be087b706c575f1b293e2c5dfb10280d50e564f0e860,test
right,90108521,10799aa144438b2765c5ee54c6abdd6264511a9d52ddb96c8cf2a3b7e2536638,test
right,90109367,28522ea0b3c0b80b6f8f3e8abf10fb149bf3c2e87585ba47ecf299b3e478e87a,test
right,90111702,8dc79e2507e45ac09db39f9a6504bf936c576dd01e482c9de9249c8e0378755f,test
right,90114398,6128688cf89c5c0872fd5e10e44ba394b59e103354c7c4f8e2b5c575e39f5f32,test
right,90114631,06d99b8f57e50a6ee588381b38adedbc49586d2aff0a4d470118f74a1c1c333d,test
right,90120953,1ab49ec81ce0b9d0206254e2139fede8f6babe4e0d074b735fa7961d208cb631,test
right,90125772,fde88a6f14b3184092ab3f21b0426fb0c6bbd9a6dba4fe0bea0d244612952104,test
right,90125786,e17e154166c06aa9b36e8dcba7d01cded7eaec5831d293b1df5f133985b1f022,dev
right,90128026,45a90ec303500df48ae526fd39172f8312c4434b1f6a2221fa69d51c96ad64ec,test
right,90128649,b22597559027c3f686babf2f3d5718880ce64adc95ed6c4091c7e2fce0c9161b,test
right,90131741,2da5f1d4b30280226138e4173175e6b676d7b605aba49534c2dfbefd49eb4c1d,test
right,90131941,5bdac303e52742f8840760072dc84e4362b30ec4227cc3431ba7c8d5dd00d438,test
right,90132241,2d166591aa0888b46449754ee305c53e5eea864a2fd857c25dc604e520dea71a,test
right,90136420,f9dd40f2fb34932260ea33e8a729ed33e055f1782c2aac0a3fc669f30f35bf9b,dev
right,90137168,14e96517590a3e30ab7790d3ffc167df089287b462b297a3b80181d290a7b06d,dev
right,90138520,1eb34fca42e9411baff015331fc696977b56aa10ee55744ea6de0e2b851810d2,dev
right,90138537,f5a140ef1d569e8bccf134945386aed360dc9d7c40466b48fa7ac57efec5c8f7,dev
right,90138609,6c34848e1908e58ceec95e4555339b30571a87e77b51ee87f53c141c4df5e313,test
right,90139261,b74bda83fcff6ea39d200e7fce0c52c598cc8dd9bdcfdf51470cfe422e5f6ec8,test
right,90139585,1bc14069076d79a47dbfcc701168a825be6994016c883a0d1d5a173068bf03e7,dev
right,90139860,49b3db54a24c46007ce576f08b80afc761afa59db27334251c13b29400c0e560,test
right,90140166,7216e1128d3a204b3b6d2229dfee64bdd86aa3e4d1af08f19c3c90674ff1b3c4,test
right,90140203,fdd0954bdcc44ef04072a4b6f86fd0b7d7eb929a1ae53c32ff7bd8e2cbb323e7,test
right,90140498,e29ff2d7b41ccbdb453dfaafe6ccd2377bd1b6a0ebc7f267111d1eba90f3dff3,test
right,90141074,e27bbf4a5e17e82c0378538c8ebd6eb768332a12231a09ea27c6c3f2dc220764,dev
right,90141687,fa87a5c760ba6ae87be453650c47c31ad0946ac5e7f8add354a76894d0f1b66c,test
right,90142591,369fe693937b5c3ff27aa61253be9f3ce62c986a082245996573518c68464769,test
right,90144996,f86081cee1be9d579859260b3cd667f0279e37e4f14bc8de078927c163840860,test
right,90144998,4e5eb8e0d65abb682f4b291fb540cbb8ce75e6398845616303e43c8dff18ce0a,test
right,90145444,52c9fdd92420406771f092ec92b838ccfe701a6f9cad9595ace0d0b0481dc341,dev
right,90145560,256ad3669dd4b3a818dc88b1844844b04cea631c241e827099633409150c9d1c,test
right,90145561,bf6819906e197a40137b18097e67e77d0ed303c94f71ecbcc0ac13ef9e5c3175,test
right,90145568,998634fddf453fda9cf3c56e40c7b7405fc48b344447456ee3eb1d297a853ca4,test
right,90145584,5ffd32ec0d36f042cf8a6cd230d5fa2d1d83408c547ffba37b0bb07a7f83eaad,dev
right,90145586,d8876e6db9b94688131ef299ea624de8e02bfb81ac83d688330db502754310d8,test
right,90145909,e725178a43bfa2d601fcbb83e9c42ba1eb4b4efc17f56ebe1aa6697ed7eb3ef3,test
right,90145972,47ecfc2728003338d3099e12d8a73aae76401691d920a93818953d731746cae7,test
right,90146847,a80227011a8dd78c3cd59b56118e01a5a70d8189945a11e2b21e42e71fdda606,dev
right,90148258,6dd8881a390cf2baf8204a626e84f1fa37a15f7f5cb625c0b3424a0655f48338,dev
right,90148541,74c30db2caa6ba5ca385e32e613e98fd95f2dbcfc755007bdf12b7e64b406c87,dev
