side,id,group,split
left,100025,3ed6ffc4f984f40713248e30a8a61307797ce72cef8ba746d141a52ef3734280,test
left,100410,d9a31aaf12efd48a6022bd8c8f3ff1067b8133acd66535ca5102286908e49d8b,dev
left,100730,e52f404986927cd18496938c7b5cfb8495ad51960297a0b1a7adb5989a95da7c,dev
left,100855,dccf99ec86125d7b0535e4a096c6050369c61aea63a391412377c9eced281af1,dev
left,100885,e820283101a5c0defe452a8731e0a80b665fdf8a282578e9ea6e2b62610f317e,dev
left,100925,9352a1dc041113590afaedb86a97a1e054bb1f3675c6dc17455640f370498f9c,test
left,101285,b4c0ad766607a083725d225243905e14659b6d4cabc49825ff794f0278d3b733,test
left,101286,b4c0ad766607a083725d225243905e14659b6d4cabc49825ff794f0278d3b733,test
left,101295,b4c0ad766607a083725d225243905e14659b6d4cabc49825ff794f0278d3b733,test
left,101310,b4c0ad766607a083725d225243905e14659b6d4cabc49825ff794f0278d3b733,test
left,101345,ab39b1c4afb7ff7cb3cb622a27e01625712f898d2966432fd1bdb8589a9ec2f5,dev
left,101360,f1775fb0321571979408fa23e09fd8742fcc431895f6f430adea720801beeee3,dev
left,101415,8c97ac4e4d200f77a4afe66b43bec4254b8a87fad568e57cb45c07c11f6da682,dev
left,10145,d85efcaeeffdbc259c8778b591228406f3fc20e9a50c453c9e412f6c7d8e35ff,test
left,101475,4614d167cbc30a91d2fbb1ddfedf851bc45d53f30b8e00452ed6a30743e0ecc3,test
left,101491,4614d167cbc30a91d2fbb1ddfedf851bc45d53f30b8e00452ed6a30743e0ecc3,test
left,101550,4c53326bdac3f80750747f9f33544b9b9ca00e588429b57a3c7fcbd986e6f56c,test
left,101615,66e8ef33deb45f85daea2704a2883ee7109fde9b2e082586342e2605d620c075,dev
left,101630,2821e72fe669b76c8bc766c9969bb881bea99c25a67d602003b62fb14e333a36,dev
left,101760,9a7fccb53ab2f92b8658efa96b136023270b726c2d0f0c03c995fb9fd6d2ed7c,test
left,101795,2a34ee328e093503eca0e5f2eca4d18b55fccf30db4056968eb16c0f8d30652a,test
left,101856,0bcb2ad5fbbba351a652146c6373ffb1da4a384f413a00c632c4e277a9617e60,test
left,101895,f08612352c5f394b2dd6985e1029d1dda7a2a5ccade107fc9a11e177093b6259,test
left,101910,354ecf4b6ed0fc816184c75cf3ee1e1ef32adf6a1799762ebb8d46eff78a3585,test
left,10240,c4a6c1d1430c73b1f0598cdc03e3372e026d6cc960ed3f80873ad972b2f4c091,test
left,102520,86f97930582614e216a4054cd94c73a48a15928c376943a35342bfeedc35c2a7,dev
left,102555,a16367334f4af27d465a166c2becc04e3e1c81bd6cadf18651407c2ed0f64cb8,dev
left,102565,a16367334f4af27d465a166c2becc04e3e1c81bd6cadf18651407c2ed0f64cb8,dev
left,10270,27b1e4905a1005a6351cc884c74ea54f95400b12e53fa47fb76d002d0b1f3045,test
left,102720,29974b9389aeb770583757d163656fb1d0091d91b173d91f46ee55a3aba6246f,test
left,102820,567da01b2ae835ceaadb42e0846aaf4a18bd368ac3f7be5df8ff5cdd1e56164e,test
left,102880,11c23b44f653ec9f4f7b84f17dd472b60892bff8b1ce4a53ff4438fc483f94aa,test
left,102995,dc727c077a1595c3768a4d7cce89b07e18973b66b64adf858f81c02804b23676,dev
left,103005,62a34f3dd20a81d52d1a4b5b49194e92defd99767ad0d8621dfa8e07e3481a56,test
left,10310,d647ba2568e3480c8963cb29627ad4180d8a228365a0edb061f2da1dbc86380b,test
left,103360,be5c25d422859b95d68feedb5043de9c51dc59148538e027c5bd2aa6dd308f6a,test
left,103380,290ccc5180e17f4ea0bf069ecc7dce4dd278e2d2c8148d908d7e0f2095c962a9,test
left,103570,3b37d5e68752fe0982f2aa106236ad18efecda71f4e8c7d2300b202d45f1950c,test
left,103580,3b37d5e68752fe0982f2aa106236ad18efecda71f4e8c7d2300b202d45f1950c,test
left,104030,9a76bd7b7b41a2e943e0cc085f480c6149c638ea32918404fde332a78342dc19,test
left,104035,9a76bd7b7b41a2e943e0cc085f480c6149c638ea32918404fde332a78342dc19,test
left,104135,080a73b3f935fe3d1a0dd781a3935330735dae22ca647f7f51a0bcc4dd0f22d4,test
left,104225,a16367334f4af27d465a166c2becc04e3e1c81bd6cadf18651407c2ed0f64cb8,dev
left,1045,fb6ff5a9da327ce5b4bff632b50cbcccbf505508bd6e9ddd25a21f5715b31565,test
left,104530,092b3ef6dd142731228c3854af5b9c97edbac524f7fe318e3404e40422d80098,test
left,104625,23083c8300625ab1c141522b7f5bd9ebaba3b36f8ece83081322aae9d88b5c65,dev
left,104645,23083c8300625ab1c141522b7f5bd9ebaba3b36f8ece83081322aae9d88b5c65,dev
left,104780,a7fcc539884e69f20ce7ca8e368b27d479a7c45409ca6a3b3af1128c69acc4c8,dev
left,104785,a7fcc539884e69f20ce7ca8e368b27d479a7c45409ca6a3b3af1128c69acc4c8,dev
left,104795,a7fcc539884e69f20ce7ca8e368b27d479a7c45409ca6a3b3af1128c69acc4c8,dev
left,10490,b7f1966f230656a824adb4482b6b4ccf1e7c90daf351459ef297b1ac5959e9a5,test
left,104990,d10b885578e55f4c6ef0de4db2c453c246103d071db49dd8b97ddf06b9c504b7,test
left,105,62ae8487058b8d77df164c4884157b39ec92585b67064ceeda8c9f98502ad9d1,test
left,105045,4c6d93cb13c24eef128358938bea491eedf2e608a5ec455c6b08f28a96cbe208,test
left,105120,f195259345ce6249d10597b22b0ffec77de6f39f9f688045d7f887b346fcae44,dev
left,105125,f195259345ce6249d10597b22b0ffec77de6f39f9f688045d7f887b346fcae44,dev
left,105180,f9d938bef795a094431e8fa991e641250bad7e3e68fa66e320d1e83252c212e0,dev
left,105280,60f287742f083808840a7c7fa92e9e1e1fb269d9ea711e9154d685ca5897eb59,test
left,105326,da0e40dd26d5cbeeba7fc391c1ebd032490432d15aaf4731a8a8a4c0e8c9a75f,test
left,105405,3cf332d320a823871acb30c9d7a2154b79f0c305e278f3db59ea3fa5cac2143b,test
left,105425,5646764ae2083f53e40dd1a20d66f7dffa3f4d27249761ac7c7670286a46b453,dev
left,105430,5646764ae2083f53e40dd1a20d66f7dffa3f4d27249761ac7c7670286a46b453,dev
left,105435,5646764ae2083f53e40dd1a20d66f7dffa3f4d27249761ac7c7670286a46b453,dev
left,105440,5646764ae2083f53e40dd1a20d66f7dffa3f4d27249761ac7c7670286a46b453,dev
left,105460,63c70a917265ddbdff89979e317d5ac5f97ed6b659e2eaad857d09f51c1b10b6,test
left,10555,780f71b15a355103d08b725af1f831e3e1ec9bdba45d3fc98e295fd20f70429e,test
left,105850,2b797d97464be2522d39b828edc814d4c278d79bc6f35ffe165ef777a62ffe4e,test
left,106185,c3fb1e628458970348f82ff31175e71bbef1877815e5ba80c1a3159a0bf0f968,test
left,106500,c05c675dcba33d1f37785e58f15118edce2963af41f80d82f95650cafec5a54d,dev
left,106540,c15326d26133d7dc2a67490d8113b71be595f466d41c7497497878b639c6551e,test
left,106605,4a49aca534aaf93315ccabc949e5e32000cbe3ea64586eaab8f808f3477fdf33,test
left,106635,3439f65b9690a3aa91b7fee75b71ffc01bb85397864aea2a15314e194c443f7d,test
left,106840,847dac3b565981543eac8c1e1d94a9c83022e06e64bb34566dcee043cc9fe39b,test
left,106910,5efc07c24289c0f7e7ed4f092bdd4c23eff2b981c283b59081069b9177b234e2,test
left,107010,6acf7235fd533186c8b1b79f1b35c02e741c16057369abebe4f7ec414d5b3b43,dev
left,107665,b7632e0e7700191e2e2fd2782214803f8db77ef8c1f22ee0b8d8e971fc593e73,test
left,107795,71b03415b60a1bf77ea3ff20401aa78d8c3d3e9387d646b902df4858bab48e9a,test
left,107805,7d1bd3a7dc791653ff40316be90faf2a866e34d567bbd811e8576551b57be5c5,test
left,108110,21277ba54ba480e4e5b5db522cbec1d48cd9c89e892386d25d85934444d15b83,test
left,10835,242fc6290a195171e38f84e84d536dc4e0ce77ff3aa6f0967f7fb88b028b6d2e,test
left,108405,c18c6492dc27450916268680c1f3da4549b9933d99c934866900f6badb7a6d5e,test
left,108520,d7c96779ad77fa570c34d5a251aec5afbe8a53499175e57ec2dfb0e888d8f133,test
left,108570,44840ad648279ad2cdfac3f01d799c303fbecd6dea784c7c78a99878de4e2bbf,test
left,108755,4b6c88da0705dd803b0e028989eddaa8cf6b77b35968b0f068ac4c73e82e5672,dev
left,108765,4b6c88da0705dd803b0e028989eddaa8cf6b77b35968b0f068ac4c73e82e5672,dev
left,108855,dee73b08e32087cf66c112adaff126061bd4c5dd0a925e60f3d86caee5096eb4,test
left,108965,d5abe0c45341b70541b79ce861a2126849585d5d8106eb3a6e4f034f12a480b5,dev
left,109035,eaf191e0e812a452abfa7c1f9ec2ce95046df947158ba4ded033fea69fbf10e7,test
left,109165,92f669c1ae96bc8f8ca5c3790cec8efee0fc77cc8f9d49e0991c7a7425eb252a,test
left,109200,da37695ab3539f99a1d7049af78d86001fe20581ff209504b73478485bae6455,test
left,109380,50209523864c2468d56c792a8380786c0f75e3681945965cce0a9b7f3f044616,test
left,109460,865ba1d107ffdf83337253ee6f428cddf2dae27c45949a791b61685bd93fc365,dev
left,109465,865ba1d107ffdf83337253ee6f428cddf2dae27c45949a791b61685bd93fc365,dev
left,109550,8b7c1dde14209049babfc73ec4ae72a1595c71a6c2c61149fa79f7d965c87f3f,test
left,109560,1b99950cf6bafe799c3d52b50eebe0eb1596fc98ac5794182fff22acb2455b53,test
left,109565,1b99950cf6bafe799c3d52b50eebe0eb1596fc98ac5794182fff22acb2455b53,test
left,109715,ff06d84836345ee3ab51617e704350d9f3122bad0441295fa5b02c35dbe82196,test
left,109720,85017c8cf055bf84043e336b869069002413dc225dd9a694c567ed26754e8189,dev
left,109805,fe7fa3a79ee2b3f6cc5e82aa95be97bc262e2b77954ca22cd09452fec8d689c4,dev
left,109815,fe7fa3a79ee2b3f6cc5e82aa95be97bc262e2b77954ca22cd09452fec8d689c4,dev
left,109860,f08612352c5f394b2dd6985e1029d1dda7a2a5ccade107fc9a11e177093b6259,test
left,109970,1e45150eb923c781007a7cd89367d39892887bff36dbcaf117ece6b1fdf5fc1b,test
left,110135,54c88087a8fdf6364c56e9a0b4682d74a9a1121cce6f4d9131cdac54518e9dba,test
left,110145,33c556b747ec3ace9d48a29f1f9303633648549f6b066d310e1c3bac54691d2d,dev
left,110210,a4b5fa6a7d55ab15a56b500fa0cb1730b3e024f869a705e2df41eadf39800039,dev
left,110220,a4b5fa6a7d55ab15a56b500fa0cb1730b3e024f869a705e2df41eadf39800039,dev
left,110560,f9b188821877b1df8093932419c3385ae9e3963f1fae9191e2bc9c42fbf3ba73,test
left,110610,da37695ab3539f99a1d7049af78d86001fe20581ff209504b73478485bae6455,test
left,110775,0a31b4a756f036aa0717f8e4220e7ede9c4f94898270eb6963eb4fcb645ac37c,test
left,110855,845b240bb6f598a57f26b1ddab21f438a3114a851a20a1e04e042440bc18e6a7,test
left,111045,86f0e6f16667edab6d6a3042f83e164208f38a844ddce6b943d4afb7f99745ab,test
left,111080,da37695ab3539f99a1d7049af78d86001fe20581ff209504b73478485bae6455,test
left,111090,3cc352ac9fd83d106be8740a1c48d043376b8a010c18262b68c116c28e5322e2,test
left,111125,e64884465cf901734e160a7e8a4911b6d294f66ceb6b21be1906194ed4c89e06,test
left,111285,af70d32d5438ca03c498fb7c5c0992ce80ba5f963fe2876999897e2b649777fb,dev
left,111365,92f669c1ae96bc8f8ca5c3790cec8efee0fc77cc8f9d49e0991c7a7425eb252a,test
left,11145,700d03fea0630886c4bdfaf21b02054b76e9626f26309bf50a1a70a840600884,dev
left,111595,01ad9d506b72c14d05c4765cbcdc49918ce1e519fcc37dd87ac71d97643eb5b0,test
left,111785,10c2c3684a500cc419fb81cdb5c2302cc02da70a918d36cfc35cea1d10f5bbc9,dev
left,111830,e86c20ddb731bd5a1f417295fbc79b5ad1b6bc843da3661eb7d9886982a16338,test
left,111835,10c2c3684a500cc419fb81cdb5c2302cc02da70a918d36cfc35cea1d10f5bbc9,dev
left,111950,7dfd45293c521315728d66398516c629444dd44f9e388b2dfc7cff9f003f430b,test
left,111980,7bd40905bc479aff1dc220a990ab627521d45aa9c57ffe16fb34bc3c75489693,test
left,112180,569be7ecce6ad1ed0dd51e3775d376a7ace6bc3b5283109d3ee2448f7f8a3ded,test
left,112195,73843e4ab026bf5d1297ca3cfb3e19bf95e89a3f2d70fa41cecf1badd86e4dcf,test
left,11255,6b89028916b5a83c896c85a1641d94f2e9b2e3c751a4494247381c91b076df88,dev
left,112595,31f0957718de7781f0eec9ba0a62f5d1cb01ac0c08d120693c9f634242e7be76,dev
left,112635,4b95850358da42cc2d39060af86b31af3d0fd50c793dbc0479a4662686fcae26,test
left,112640,4b95850358da42cc2d39060af86b31af3d0fd50c793dbc0479a4662686fcae26,test
left,112740,1d28ab71643e3fb03bd867b2dfc0f88a5c6fb3a2d98c45cf2f5dcb1ce6b0ff14,test
left,112755,ea9cd57f1f96bad6afb1d09a43bbfbde656d35e2f08cbc3414e7bce52a6c0c4c,dev
left,113040,9bc64306a16ac31fffd3c88dc99da9153e140425424a7718ba3f0abdecbcf9fc,test
left,11335,820593348b39a11fb48e17d691f021daf9b8a5537e82af3bcac39f5344a36653,dev
left,113355,2e9077ee8fa95095a99e1ac69ffebc9612f6d8f18f8db7f1cc8b80e0716b1e59,test
left,113405,1764cb64f5166f2f700740c3d6fac7cce5015e6497b0f5854ae09ef860534b00,test
left,113415,d242fe98e19ac2c74613b068a0880fa7d2ec3747f816afbe992b6e601b6d9355,test
left,113550,0c1a53370855855866b72e75c561a7cb0062c46248dfce3d8a8f0084ab93f23d,test
left,113815,a1fd2db5f323a64586c84a42bca5a85d5fe5963e5e5473c37fd9bac00f7c3199,test
left,113885,71b03415b60a1bf77ea3ff20401aa78d8c3d3e9387d646b902df4858bab48e9a,test
left,11395,ce51c0237a887de9b6276433ac63c0c9f6545d984ee32710bc3e6653741370d1,test
left,113990,822c48037a6f045ec59ae2713fca70bfbfa8efbfe3e0008b80583862e2c28fbe,test
left,11420,ff967de7b495d6501329e86da8f5e385315ad42af73cacaea5cea1c33a6ee109,dev
left,115295,19d06b01a9d9e43ce3e11cc85647634715604656dbfa74753803c86aa49356eb,test
left,115490,35b996d19e012f97dbc135b812f2fd34a117220887275471927cbb4235e4af31,test
left,115620,c5cab1aacfa3cd26110e08e08303085ed6e57633a71330178e874b6c86c83f16,test
left,11565,4c9da84731e4b73185bf54ea4ea771c8f1f99ef514bbfd672d010ec6881a6081,test
left,115730,57bff03e69a8517e61abf738927adb68fbb4c2fdb71807a1037d099e270b6171,test
left,115880,f49319a22ecd80961adefcfb19491b6606ea96d8b71f3a5872067c853b903781,test
left,115890,810737189712c1a0ab7ed56207805f31b008ccf611fe1f678a65a010b374eb14,dev
left,115900,c0c0342930f0a7c2faae89209ccfd3f9c983d96cf1a7d4ca84bcd5e4889e2e7f,dev
left,115940,c15326d26133d7dc2a67490d8113b71be595f466d41c7497497878b639c6551e,test
left,116065,174efdba0754ea8a353fdb65386e55d6779c466097698507cce1ea77aa4be6ca,test
left,116090,291a24c63c4f5af6c4ee617c0e00f69d4270a2bbda931de5803f5eb8d016166b,test
left,116125,72161613a3e739604ff9b75cdbd808f63c0ac5d24a9d5656b24fc646fd069dc7,test
left,116135,1aa5c0dd68b79016f796d66e9d18574f4e4df6efd3e0bd912788970bb56b91d6,test
left,116375,95f9295a2046851c4060dbcb4d524d2e1da27907bb016a6af2f69d7cc9de395f,test
left,116410,fb6ff5a9da327ce5b4bff632b50cbcccbf505508bd6e9ddd25a21f5715b31565,test
left,116415,fb6ff5a9da327ce5b4bff632b50cbcccbf505508bd6e9ddd25a21f5715b31565,test
left,116430,78edfba3de2d3345c571065e389ac0b2ce33196c26655464e89f6f2316b71a3c,dev
left,116545,a1d44cd76209c4b331d3888ee5711b3993c062a4ef39ac72f6961c4d92c3f7fd,dev
left,116575,67e6f4fe6de47933340d3bc0138a63186867460904faf10f040226a1c8bb0693,test
left,116580,b7a6bc03f6a9b3ea00f519fc474b6782491bf0a3ebd85a013724832571af0d68,dev
left,116810,f511428d6033110c06e32b26139fc93ab8c1e254b7f33bce04c994c16198e291,test
left,116890,792babd64cc5e2b9dd8ef979a64afb5fc88899374d0ec1b69fe3b2aa017fa179,test
left,116895,792babd64cc5e2b9dd8ef979a64afb5fc88899374d0ec1b69fe3b2aa017fa179,test
left,116910,ace24218a2940ac8ab4b2716df48b088e63d125c82ae6c3f4b835e3b9fdeeda7,test
left,117105,60f907c5182fe37d5d53ba6ef99638da1c8b3c4f28c5f52ccf3440d7ae1a1f8d,dev
left,117280,df64dc1980540a3289d7b1faec430fd535787c2d96dc929eaa5ac8ec286af5c4,test
left,1175,cf7f74546613e3b48e80289d7dc62e76edc206f5aae2d1f416288a166c44d7c2,test
left,117505,64fc79bae6521049f900bf7e25e62946d30bf36d44e9b074743a815d88755f28,test
left,117665,981d08f8b80beb902f434a571f27fdb25e8d9da859df30484098201fca17ab6f,test
left,117700,5b50fbb76c3f3ac056e0c82422459e4936af3ed9bc48bfd376cd6134cad830e2,test
left,117775,226737b7bce259482b7d31dad7e158d0411ae06bd2ceb1338a3291a73afeb7a0,dev
left,117855,d178a6986d2d47f79528c162c410ea4e9d867e8c483a69514bb7e83c79c695f2,dev
left,117980,26147150afc743ab548276bb3ace3ba102b991b55e5df26f5f33275aa34c2122,test
left,117985,26147150afc743ab548276bb3ace3ba102b991b55e5df26f5f33275aa34c2122,test
left,118115,a9d02dd24210c349575cb0b23c15a41b202c6fa93d2dbc8d17a5e6cbd3c1c8c9,test
left,118125,1590e359db34e5c8382446769e4f0fefda0ed3fc3cde447497aa2f81b39c5eb9,test
left,118145,10394b37c84da2037f223b6cd768dfa4b0730dc6ae542be9deaaec51717d0f04,dev
left,118225,f6e95682fcb8dc5e7649e19e1399083acbadbc44a42ed6b0cb0098ab644755f5,test
left,118335,272524c4af1ad41c8a56b9264d4abade3758810cf11673291fda1c86544d0af3,test
left,118430,889e68f03116ed1c71f515dfe91d010446d2ac682c7c835f7d8aa927c69d516d,test
left,118710,08546a5a495ca7f04c8b01e13b1635ae7a41b479c62d5b6810bf141434d6ef17,dev
left,118750,9a7fccb53ab2f92b8658efa96b136023270b726c2d0f0c03c995fb9fd6d2ed7c,test
left,118820,9521badfccd8ec9454f5b028a31f4fe288839903d869fed1ab93b4e2c988fc41,test
left,11890,aa6950c0aa3122cf18dcc76687c44e7de9c89bdf9d8af540be7f8023b02d3ed2,test
left,118940,48d6d0b1999b4a7a9c613bd7b1c5d5720d71a0d75b0c0093d383ae0d64c7b602,test
left,118945,48d6d0b1999b4a7a9c613bd7b1c5d5720d71a0d75b0c0093d383ae0d64c7b602,test
left,118965,36d849f295986c95459bc766fd655537b92021a9a9d7ee9e15f37493de5ac127,test
left,119020,008da3cfd1d93507b233ca731c396d02a32f19829720889e64ae8b662ac11589,test
left,119285,5e17b873e82799cc9e1fe219fac45d4ab46741f9f9ce3de847b15eb2d27b5c74,dev
left,119705,467a60df430303a541f11ac88241598ef3d1e2d4327c58fdd36c3e0fb5ec8294,test
left,119775,a4403ec77371eec392de51b81808a5a240f6bde77a6616bfd017465110ed7f0b,dev
left,119936,8c97ac4e4d200f77a4afe66b43bec4254b8a87fad568e57cb45c07c11f6da682,dev
left,119940,8c97ac4e4d200f77a4afe66b43bec4254b8a87fad568e57cb45c07c11f6da682,dev
left,119955,8c97ac4e4d200f77a4afe66b43bec4254b8a87fad568e57cb45c07c11f6da682,dev
left,120125,38fd400547054a4578b19d34facdb5e22081aa5fff7c08a7303e7301ea086a12,test
left,120135,cad9f38b66975e4f1eb595717184f113d382c0ea6c419189e622938c80cf3685,test
left,120185,e820283101a5c0defe452a8731e0a80b665fdf8a282578e9ea6e2b62610f317e,dev
left,120190,e4252da425acb7a1fda3030150a5885546528b51602eb47f3838561eb368ee5b,test
left,12025,9b96b580e778d5a4bc66274175c43a4d3547acbd92642b840097205f28cf566c,test
left,120275,5e17b873e82799cc9e1fe219fac45d4ab46741f9f9ce3de847b15eb2d27b5c74,dev
left,120315,324e13a93c264be2a5ca67664e2960758c28cc9105b07ee4bbd8debcbb998401,test
left,120365,36dbceeec9a7632a9c80bd1bd1c236869b260eab109db4106a4ec6c3a0c569a4,test
left,120390,c49e657ed74097ad6c3b9a9de4b732cadd7a23a20983e8f4db1da35de50c1129,test
left,120645,9bc3d7d1700e5132eabf94e37cdecaefb6401189eccf62ae55e2babe449cd4bf,test
left,120935,34462fa6825eb201748ade01baf72ac016933601e17e1e38e2829ace215f0dc3,test
left,121175,e16657ce0196674f317a065a8f9b42fb5ac2cb7b397ed6503017d086ec147692,dev
left,121470,12c5ce385a711da91751681569d9e5c94d89000c0d474552c2679ac70a573c37,test
left,121635,804ee29b0c1966316be109611921b99371fc82d0c1ba7152e5881fe27127e8c5,test
left,121645,90446d6c2d5e7727c2ca54409b230feda805755d5573baae2e59e8dc7220ee0a,test
left,121665,dfe61a73f2e06a63525874dbc471d4b992c55a12ff2fce7d6209f09e79ca6675,test
left,121695,9489907a1e20d253f81327b5651d58b88c14cd24759f167b17604afef80c7eb8,dev
left,121780,89450ef7cae357d2e716c58084d522ce03cd29a34bd16fa116777273a4f07721,test
left,122020,a456faae6164e76d595579cc0a599842e38fab2a310c6fdc3cabec79e37a3888,dev
left,122080,092b3ef6dd142731228c3854af5b9c97edbac524f7fe318e3404e40422d80098,test
left,122115,193d304716b3df8b5b25a981a7b11df2005f050cb7d8ebca7440510851dd9ec5,dev
left,122125,ed06d9c8ebc3cb39cdf07827d08432b8c92b7036eff14c4b9abd8cd5c65da1c6,test
left,122185,193d304716b3df8b5b25a981a7b11df2005f050cb7d8ebca7440510851dd9ec5,dev
left,122240,d9efc2625f9eec33af4d39897675e5ba261e0e97ed4aaba28df63a9f0c14b34f,test
left,122260,092b3ef6dd142731228c3854af5b9c97edbac524f7fe318e3404e40422d80098,test
left,122335,f007edb5bfbb1b532dcb1704013bf22dc4169328d74c1f0e1629f8956af75144,test
left,122360,f007edb5bfbb1b532dcb1704013bf22dc4169328d74c1f0e1629f8956af75144,test
left,122440,3112e33cd3dcd7b40318d4c2e056131bbd0fdce5dc622c98a4c4a2b43b31dccc,dev
left,122585,5032f553f86575e5ffd19e087eee236ea1fe60ecfe1f8cf409f421dc99e64ed8,test
left,12260,ce51c0237a887de9b6276433ac63c0c9f6545d984ee32710bc3e6653741370d1,test
left,122605,5f62e51db382fd8081856959135b527009ab392238f923b9e7f880df25abfe54,dev
left,122670,70be3f3b1e19667c53edeb02b285607c519c09e34f4eac046cc58ef3d2bff746,test
left,122835,d3cc92dce89fd7c7b1cdef6fbcb85acca9e107b970e44a6550a1889b3e705b5e,test
left,122880,078dfb32d5eb4a962709fd376109717f2b30f185853968f49aa0e54ea7a07d8c,test
left,122900,6357e03d36d1eddd9eebe369d7e6472ee1a96ab41ced33f5cfc2409eb0140937,test
left,122945,3ed6ffc4f984f40713248e30a8a61307797ce72cef8ba746d141a52ef3734280,test
left,122960,12eff421776139aae68bfcd870b2d0603fb8034f72dca46e48144ca362969ebb,dev
left,123010,55c12229400f9a136926378f4a5049ee570b1b530d13402771b105b2e3589f53,test
left,123015,44ada23b70c1fa2a57cc9ec98db68d62e7600193e4b841bb8cf07006cfa9a219,test
left,123290,129ba393839e2af73a31017f79ade02609c1265485229259b42c18684903fdf7,test
left,123425,6493be8bf6752d7bf3ce3e3a3fc34ef831a5c3e257c76bb0b28015e60754eb1d,test
left,123430,6493be8bf6752d7bf3ce3e3a3fc34ef831a5c3e257c76bb0b28015e60754eb1d,test
left,123550,b90af9106c77c4698c021138b0af45cfaa0bc5a0da495595340c041072e9a9cd,test
left,123625,8d6b8e217ed5a39b4bbfb66b47cb8ba740fd470cd5a0e9a3edace231d0ae4e8a,test
left,123635,1f1796679f39cd4e3f589a1aee3704d633aa0cdd963c51d90ecad2d1541ec2df,test
left,123660,078e7f0f494b697363a1d428942b41c6fec2e14d5f2d899ec48dab5fdcd3cc4f,test
left,124095,72e691bf9e8603a10f74743d8ab15960261cb470ebff4461d7ed32f5f8ba8c54,test
left,124405,f01747424913e3616dc2657264545eaef62826f2b071db6e729d816bb6f7c351,test
left,125055,ce4414091bb7b95e2652f8251b550b9cefe9fc77ff543ed18cefbad736f7d6fa,dev
left,125075,ce4414091bb7b95e2652f8251b550b9cefe9fc77ff543ed18cefbad736f7d6fa,dev
left,12510,46ee3707a5fa76ff2e2b59290b440e7c1ea837b47eb4e87c2a1013cdce9a7f97,test
left,125475,73cd87b4094510a8eeba96a25487aa31667a641029c5cc98a67e289ceb406239,test
left,125540,25ae6d18f1f6e078faabb84886249c5849b6b133b40b31d43685c945035531d6,test
left,125545,25ae6d18f1f6e078faabb84886249c5849b6b133b40b31d43685c945035531d6,test
left,125555,803c47b1c643989e6f7c33d402fb9c461caddef5bec620ef145e8fb8112acb51,dev
left,125615,a9768cecd6d01287864ec06ebddcbc8505eff10727433a84b8524879aede1b82,dev
left,125650,ea9cd57f1f96bad6afb1d09a43bbfbde656d35e2f08cbc3414e7bce52a6c0c4c,dev
left,125745,98ff72f320dbc1251ffae2b7fd6876e694100373cd06ca5943431bead3fce9bb,test
left,125760,98ff72f320dbc1251ffae2b7fd6876e694100373cd06ca5943431bead3fce9bb,test
left,125945,dcf9e8e8ea2c8089c3915699150c423f5f790a2e35dc9e3bc7301e689a20fe3a,test
left,126010,9c0ab4bdb9d9e4e64324e17cada68b880a08b495259c88f1922d72db2e217d26,dev
left,126095,20942a10bc7fde10fd80f1ccd6ce77ad5ff8833dfab45c537c05987f403539a5,dev
left,126125,20942a10bc7fde10fd80f1ccd6ce77ad5ff8833dfab45c537c05987f403539a5,dev
left,126155,20942a10bc7fde10fd80f1ccd6ce77ad5ff8833dfab45c537c05987f403539a5,dev
left,126295,4e1c6a48b2d1b92e93e7e8d6db040726e1192238ac5cbcddce410827829baed3,test
left,126320,aabd5a23dc3514e00346b61798a5c8e06076ae783910f62a4df70dd8e57223df,test
left,126330,adf4b071e0e01373f91f00113236be6e6943b91371cdf0f6dfced954433c72bd,test
left,126345,c4a6c1d1430c73b1f0598cdc03e3372e026d6cc960ed3f80873ad972b2f4c091,test
left,126385,e399ca754ab6ba35be2633c1080d6a5bb4c36e93dc686745b4cd67eaf5ac043f,test
left,126415,80a940f03478186b9ec43af21db72de3a51a4df92b1de83cde51692c1449061f,test
left,12710,c15326d26133d7dc2a67490d8113b71be595f466d41c7497497878b639c6551e,test
left,127400,3c39892e091f0c6a2b0ef77414b45f1a27c36fab71b4a3747196b4cf2d393d09,test
left,12755,920fa6cca7002908a65919542a4726ce9f16ac1da1ee9241083146256dc3d66a,test
left,127550,a5a50d1c971f4f77fb8eb4f38b536888a7968b1b1f38e185591f86f2924815b8,test
left,127770,f08612352c5f394b2dd6985e1029d1dda7a2a5ccade107fc9a11e177093b6259,test
left,127845,cbdb25750e522e8abb0caca77db1b923dbbc54006f42136e11f2ff86eaa06062,test
left,127905,e16657ce0196674f317a065a8f9b42fb5ac2cb7b397ed6503017d086ec147692,dev
left,127925,ff974dd408eca568bda5fb1b5a5fbca2bcf719dce40edfd4c118f9a5a2884e97,test
left,127930,9aea79fff9f4ddffd22352eac6b1bb9692b54bc49246eda833bb390d1e0583d1,test
left,12795,c621deffacff26ec140491ae661daa7c39e2d8f3a3f6a73763287bed733a982a,test
left,128180,3600d0cccfc51020caa8399b408d53d47cdf94e23f6014f3491dd2e3628add38,test
left,128345,a4efdaa2821c0e2edb2cbc77791d30fc6b1eca5978273cf8e66ec65b23870c21,test
left,128490,e6b10873d094bdebc790aba2644225bf4fa68e4ec61b07a2732399113aa10508,dev
left,128495,c502901d4a91c2e5b12770bd9a4935b43d2b25c7e9e2a62a47171e7b0685c46e,test
left,128545,8ea42341fd562714230a63bbe695ddabe86bdc8d8220a18b5cc782c4884365cd,dev
left,128690,9cf95c8da874a6aee844286a793326d02ff9dc86b1502ff6c17979b04551475c,dev
left,128760,10bab79de454dd9e4dc842f43ecccbdf0e583fbbec05e3a05ad39c74ab75b0b8,test
left,128835,80a940f03478186b9ec43af21db72de3a51a4df92b1de83cde51692c1449061f,test
left,129135,d7e452ab4d17c5f661ada88e2b69f66fbe8b049500948552b706a58dd53128ce,dev
left,129535,76a3d836c6b841af502e728a298b62d123660042a82ac968d91f4667e7444cae,test
left,129610,44b4ee2f2d0151135465a0b2f7b5547f96b67754e40291c40b20206a55113715,test
left,129810,2beb0d1fe3e3af1851f3196f02a4a772d40cc6ac1f22e1cf36f8a1e7660b156c,dev
left,12985,5166cf2d34c112c166129357ab91ed21211bcc4ce74e407592ab456f77ca15c4,test
left,129880,3fa023f371770c53205b47f271f039ed566348b582482550a111909e27f0110c,dev
left,129885,3fa023f371770c53205b47f271f039ed566348b582482550a111909e27f0110c,dev
left,129925,3fa023f371770c53205b47f271f039ed566348b582482550a111909e27f0110c,dev
left,130015,dee73b08e32087cf66c112adaff126061bd4c5dd0a925e60f3d86caee5096eb4,test
left,130020,dee73b08e32087cf66c112adaff126061bd4c5dd0a925e60f3d86caee5096eb4,test
left,130035,326a0c7ca2553c73323300b77154b513ba151d920b34d36739bee87a5c49588d,test
left,130200,4b95850358da42cc2d39060af86b31af3d0fd50c793dbc0479a4662686fcae26,test
left,130205,4b95850358da42cc2d39060af86b31af3d0fd50c793dbc0479a4662686fcae26,test
left,130295,1764cb64f5166f2f700740c3d6fac7cce5015e6497b0f5854ae09ef860534b00,test
left,130580,f958a29cc61d44dce951adc235fb60705633f904ab49ccf42c469256a8ad9295,test
left,130645,9fb1c5c1b0e7f0bc2201aff7a7d50335c3dc10dff84ace4881fc72db938efa9f,dev
left,130650,9fb1c5c1b0e7f0bc2201aff7a7d50335c3dc10dff84ace4881fc72db938efa9f,dev
left,130700,a59b4e64d9273684db005d757c3a9563bd3d32efaa11335e45ab216f45414188,test
left,131140,a59b4e64d9273684db005d757c3a9563bd3d32efaa11335e45ab216f45414188,test
left,131285,97b49e4a0e6975768c20e480e83e596780a1ea3e02675bca6252895fb5efad6b,test
left,13130,1b0e552f401a5a1c07af961790e72b62d73b7b87f88be4484fea4ab9d3d95d12,test
left,131610,670de0e477d879bd68edd23171ce8bec88deb11f76af21d7cd293489b95f8517,test
left,13175,4fe62d8a9c4879c15a546c9c88ab24f7a77ae8b1ba3a5d8f233eb2597e463db7,test
left,131810,1fc93d98cb2985cbf7cc2443d157ac516f0112bc9ea785a66c289d6b3f8cb273,test
left,131855,92d1111cb6285c11f164fc1dbb6e6223c7467853103b585ba2c39299fa771ced,test
left,131925,73cd87b4094510a8eeba96a25487aa31667a641029c5cc98a67e289ceb406239,test
left,131975,8ff1331d2d63a14fc1d824023ebd35848a247e8c5ee3b75c83e90d312f318691,dev
left,131980,23987d808742f820fe04050327881307098e1cc7df47176dc7ef74010a2a5241,dev
left,131990,9ace26265a9fc6da3658360689121328614da9321de7597da6f9d55672e88e9b,test
left,132000,42acd601857e03df755aba67f704b94b9ff53941f7c7060f2b7a6a0059529068,test
left,132115,f1a2031a910f19123f6ef5df6d307e8db77fa5d89f04ef4b34d5da736cd83277,test
left,132150,62cec5fd20aee3200574a0dd9c183093cd1380b18247fcb59ca09207c0de78aa,dev
left,132165,1a7748f18ba569fb80f6279cceffe7a93819cc1c9abb8eee408669bdc8cb6191,test
left,132185,296b62535fc2174c9070c47439f8ab32922ee38ac96675c12dd25df093a4fc34,dev
left,132275,215ce456985130bf18afa6f4201f85def037ebaedc242af3541b85f4a37b3d11,test
left,13300,1b0e552f401a5a1c07af961790e72b62d73b7b87f88be4484fea4ab9d3d95d12,test
left,133640,e6a33fe5202816ab96b320ff5377710b17a9ac095628740e3b218354679254a3,dev
left,133975,21692db5b0dcdafacfc42928831951d59a8d2b56957b652d7828b6d71f717c15,test
left,134100,f9d2d3326eba404a638900b06b7bf2d708517d557c115ec7aeefeb3db2a8f938,test
left,134145,5dfaf5db2b7caa4c6c95861272bed98265349d13443fdaaebb55fd2f6910f12c,dev
left,134405,13c6d29dc4fbf97f61f0759ef4a0a04b5c208c730fc601c31e597ef3fcabbfb2,test
left,134410,9dbcf323f0fffd29a708fab85c4f298750439f7988b376b95083566409ba0be9,test
left,134470,e247c3983ab35efa57170c5e77d0328221e7fb40852ef6b67c171825ad1dd1bc,test
left,13465,de41022d416b1d8f3249bf2737da052ae0df1ffcd96659cbf254afa174ab4b7f,test
left,134775,ed48f4295a37818319347c61b42873e14e4b617ca64c9a4022bea5c00a6dfa85,test
left,134780,028d30d402882d5f602dc4c167c7ec18b54ad35f530e98c7ab4d28c5a5d80821,test
left,134820,ed48f4295a37818319347c61b42873e14e4b617ca64c9a4022bea5c00a6dfa85,test
left,134825,e68bf53f91afc21a74b91f132976125f5ae35ed88229e7eca65abcf25d44e68d,test
left,134885,cc5faa4c114c6eb4c24b9c7bc7057dff86817113be9ad5aff0f262740dbf23c5,test
left,134975,8b3154d502193ddb4a8cc3e921fa36709b581c11574276167a7a8af1d222da51,test
left,13545,31f0957718de7781f0eec9ba0a62f5d1cb01ac0c08d120693c9f634242e7be76,dev
left,135455,4907ab219aeba5bd1dd0553ff8e1af76863957e4c1dd466e80969554150e413a,test
left,135675,4029a12e30127f128d7742925666ae0a6dceb5b18c430325c078adc8050f7508,test
left,13570,42da0adad8997c192897243e490f991be6f54e208e99e5932d3d6d208ed79366,test
left,135740,36649a8644e0d9a5c727aa295149c15472883d53f46b74e56f6dfef910c8e341,test
left,135780,dd2150cf9ed69a55db79d24a04827509a8f3721d252932054ed7be4525be3f64,dev
left,135850,95adbd2a6e42fce51e07bfc243f6c9c08e64005937dacaa91a95e23ec1dc6a9b,test
left,135905,c839db6e46bbb1c5fec58ad9beb6feb98615f727b5b2055741a352a60be7011a,test
left,135920,bfce8973d8df15802afb9ad0a1f8705d5622e1b80c70d89db6cb72e50af0df84,test
left,135975,363a1c3abda1e4aff37d7b0d933afa9c461e567a58a909252c559ba1e3a9da3a,dev
left,136030,125fcdafa9b3bd8cc609441e42ea74bf2d2cc8bfe2808de050151313274ec59a,dev
left,136120,a1d44cd76209c4b331d3888ee5711b3993c062a4ef39ac72f6961c4d92c3f7fd,dev
left,136155,5ad5eb3394d442774b010709a63aa4e22377fca91cdfe07c03655063eca113a2,test
left,136160,5ad5eb3394d442774b010709a63aa4e22377fca91cdfe07c03655063eca113a2,test
left,136165,5ad5eb3394d442774b010709a63aa4e22377fca91cdfe07c03655063eca113a2,test
left,136245,8f99c731ca9140c4a379df1aead95aea0ebc12783e51f040489d57a60fc2299e,test
left,136305,01ebaa69876ba15733737b371a993f0a918c1c02bcb8149ceac25491513c42eb,test
left,136325,9ace26265a9fc6da3658360689121328614da9321de7597da6f9d55672e88e9b,test
left,136335,738859382642622515a2d9a3287620a0d0fa51e6104ee608918e4fe160b50254,test
left,136340,738859382642622515a2d9a3287620a0d0fa51e6104ee608918e4fe160b50254,test
left,136350,6e7e03c13d564fefd0344027c8737bc21a05781c40dc79c753e271834c5f1d26,test
left,136435,96924c20801714f8552dc94f7e557fe11e23764ba8fd619d78046fd4ca274cb7,test
left,136455,da0f2e011e25674fb7140154ca8d2b5cb782c4725d8be774bc817e00ade21934,test
left,136555,e9e406510506df7c62a10b9afc161493010cf3961910e9c2304e7e115b2671a6,test
left,137000,ada7eb2801903bc5fda043e91b3370ea8a36850c762bfa27b0562e99b618ad48,test
left,137315,c4a6c1d1430c73b1f0598cdc03e3372e026d6cc960ed3f80873ad972b2f4c091,test
left,137635,411e7b1b72d0e57bcff2fb50be9b1b6b2d4ee635769c42ad3e83e5bae07bcee6,test
left,137645,e1be2578dc62a1cd491b3bd6eb99fc9dd46699dd13f1331eafe702e434e4364d,dev
left,137660,7ec7728e2ba1e2798f114c28f2de81368a4f296671c4e55c6732e84b05f610de,dev
left,137885,e6fb828772151906bb534c0db51d8f89bb764866bea438122b1368bf94bd8141,dev
left,137965,2b0eb6fa2aa106be01ab20dfc252a50cbb2e5c0b5d153f1c7e81a81f5ecbb8b3,test
left,138025,4029a12e30127f128d7742925666ae0a6dceb5b18c430325c078adc8050f7508,test
left,138275,fe559661d387f68a4f65ff9c4c6fe062a4764f7148db9bb9704f25b2e7942f48,test
left,138425,29add147a2d577e96ea7868e554b62c6b05ef4420d073b91938b40f9818d2ec8,test
left,138835,c83768c561283c75f1378d6338b29052db62776d6f9c881d1385a08ad0d772f6,test
left,13885,bd55cc384a1917ccd4f5c963d38bc56f8cad4c76a09fbfc39c8442343b18777c,test
left,13920,8f7c569d3e4062c6fa96ae56b2d247e1152297ee8ff5b6444dabace2f21ccdc4,test
left,139275,f63f2c1f4974410124abc1e40cca80fb007a859ef6eb89cff8828aed189eeecb,test
left,140020,23d48b7b5871bfe2151087c2e087ab285d3e14a5401b1e4ea44c5aee6dcd5481,dev
left,140125,738859382642622515a2d9a3287620a0d0fa51e6104ee608918e4fe160b50254,test
left,140130,738859382642622515a2d9a3287620a0d0fa51e6104ee608918e4fe160b50254,test
left,140140,028d30d402882d5f602dc4c167c7ec18b54ad35f530e98c7ab4d28c5a5d80821,test
left,140150,738859382642622515a2d9a3287620a0d0fa51e6104ee608918e4fe160b50254,test
left,140165,f5df9e6a67a2578dbe99d5e47de2a204ed146b072175e0abaa553e8d2e7ae185,test
left,140265,f3d23d5ae56264954c5fa946737a7158fe1996b97d3527eaab7cbe7d58fa812b,test
left,140420,055c5582103cab2b34f456c39af9f1cc9f7985149197e14f4c54626cc78fe20e,test
left,140880,5387bcade6ce0ba6ddff2b05d973e04e6b4e1edf684a59649aca5ef905576632,dev
left,140895,d9e1e85f17c618b8266b63ed8b4f63e83409047fc2ffc230d392d9b73750b260,test
left,140945,9842af65fc6d0bd52e0efff8c16bac39df55ff19b431d1401338fe86e180e21a,test
left,141095,dcf1d52419fcf72d9a753f7227e15e13f672fa11137f5f3a53942ca4377b563f,dev
left,141240,9bd1d59a1243ff5c24fb138b3a85768a4b1b22465f8ae9ae5ca23a04f4de45f6,dev
left,14130,32a81fc563ae45e3fae6c38c5d0b46a49269ecb2e65a3c240e060c92782ef34d,dev
left,141520,e04a68d86a8dc340b75e0ae2879c25ed8c291300e9945dfc06f8d76382191525,test
left,141900,73a17c14bebf120e7aafdcd5c774cede066e0550775904d968bed03174f743a8,test
left,141905,73a17c14bebf120e7aafdcd5c774cede066e0550775904d968bed03174f743a8,test
left,141910,73a17c14bebf120e7aafdcd5c774cede066e0550775904d968bed03174f743a8,test
left,141915,73a17c14bebf120e7aafdcd5c774cede066e0550775904d968bed03174f743a8,test
left,142075,2096f4ede9746c0cf0458d5800d6b33904632faef7f3f7fd4719dd82085b0e03,test
left,14220,f39a735ccc65e273f897ab6e2898ada0921372886a829c8d41d4b31b1708c62d,test
left,142260,c7430bd3bb2714c5b2b3c9a45df298b353c5de48d9717d7edf161cb0647256da,test
left,142335,08c251a6f7342f0574ef58b7536664349e644b8519808f149a94edb79bb02686,test
left,142350,08c251a6f7342f0574ef58b7536664349e644b8519808f149a94edb79bb02686,test
left,142940,71266469fe56ed0b680401b5bde0c4c345034e41867ca1016f06354c5e8252a6,test
left,142945,15c5a86668dd36e30c89d62d399e57b8f0cc3d3d98b4a86085432236e099818d,dev
left,143050,0c310cb2d1fae3d1e7d19317612257d0901465fe49bb6c62da96492834212717,test
left,143110,95adbd2a6e42fce51e07bfc243f6c9c08e64005937dacaa91a95e23ec1dc6a9b,test
left,143335,0936ad822bad86cbceb534ed79eb532aaf5ac148ee47b12747ad08334ed7a6d1,dev
left,143595,8c79c38a887d8065282b82cfbfe851ecf82116b3408e0b1288b44f5726a606d9,dev
left,143820,e7851b15e5b768d1ed0fafa4eb07b35b1665818ae10d02a5bdc59e8f6c3a61cd,test
left,143925,63675b6b5133a46d36424b3de3e4e5a82f7e3837a168b3984d4ea8dcd5f583e1,test
left,144105,e949b8193f9522d5b284c47ff7dde64efa51d6b9aad7e6acb78ddb833a3b466f,dev
left,144780,1b0e552f401a5a1c07af961790e72b62d73b7b87f88be4484fea4ab9d3d95d12,test
left,1450,7d09b51b595af9721116578e12cc75c72446447ecc6935fc5e0ffac9ff783e12,dev
left,145110,5470bde88df5d22d439c4de6692dcbe147c385e705dfcb67d547ec852468c900,test
left,145165,f08612352c5f394b2dd6985e1029d1dda7a2a5ccade107fc9a11e177093b6259,test
left,145230,07f104d52d16d936692d77a928f6f991bb52092500cfc2213a3b5ea7ddecb33d,test
left,145370,fd18c7d9c2ea6a6873723132e6f5acc6dcb34a29491d7f170b5f08db864df964,test
left,145380,b6aefc0dda64955c712315adb1d7777e14097755bd16864f249f69921dff8cf1,test
left,145625,1b43d77161090daa83aa7e9d6d27d06c891cfedfd160e3fd5452ef2dc201badb,dev
left,145660,a6372107f7686e88e65ea6ef7824e844cf7247c81570c358466046f2e7d95a8c,test
left,145830,ec28c4e8d1f5913e3f289ac93f8734034c8cecead0e55f442c547007972a9fec,test
left,145860,700d03fea0630886c4bdfaf21b02054b76e9626f26309bf50a1a70a840600884,dev
left,145950,742b44bfb0f0f187a2c96788754a85862da8d468feb8412a6dc83a32a37c5b25,test
left,146155,0b5eb6c16ed9b9b2f2c892b7aa9571d66eddada880f7eda9ebdb4f56707c33f2,test
left,146230,00562ee9834b6fa570a03fb8d4d3dbc8af7ba8c2add8396426c8138c37bd9ec4,test
left,146265,b9b90f1c666d917386c751e66643737b857971bdf308fade4e0d281d4a0210d5,dev
left,146325,23d48b7b5871bfe2151087c2e087ab285d3e14a5401b1e4ea44c5aee6dcd5481,dev
left,146330,70e0e3d3b690d453c9f16d623b7fdc7254bab5b9e49c8cbb1844619122122ca2,test
left,146340,23d48b7b5871bfe2151087c2e087ab285d3e14a5401b1e4ea44c5aee6dcd5481,dev
left,146535,7dc98c71f5ab72cbb05fc6cd6d1816632e1047980c626c9cf63af5ec8c1a692f,dev
left,146635,e954145fcc18a37b0542356c899594dd702f01fde49561d878707fddb9fcf6fd,test
left,146690,d7d3bdd6cfcae9864c0bf18ab0a3e5c6ffb01b12f36bbe85c44d3671910e78c7,dev
left,146805,816e8bb990ac686640f74b0279637313fcd104f0e12d1aa3b1b0687754291307,test
left,146840,43709fdc6da9ae0f8a4ca676f8f9498d2e21c6ffe4282b0ec19b424e947c5530,dev
left,146970,aa7bd5f1cfea2b285a820a88735041bc8312192faf2e1a498bffbaf48fdaaccd,test
left,14710,14aac231ccf29064006f285983823038b5d6c486604bf242d67d5e811759573a,test
left,147100,1f1796679f39cd4e3f589a1aee3704d633aa0cdd963c51d90ecad2d1541ec2df,test
left,147485,95adbd2a6e42fce51e07bfc243f6c9c08e64005937dacaa91a95e23ec1dc6a9b,test
left,147590,fb6ff5a9da327ce5b4bff632b50cbcccbf505508bd6e9ddd25a21f5715b31565,test
left,147620,95adbd2a6e42fce51e07bfc243f6c9c08e64005937dacaa91a95e23ec1dc6a9b,test
left,147695,ed9f1aaf794e328b0a4738fa8ab6fd55f53ddda08ee58442be639049a32bacc7,test
left,147835,080a73b3f935fe3d1a0dd781a3935330735dae22ca647f7f51a0bcc4dd0f22d4,test
left,147875,89ab768cf4053b66eb2766b7ebd905095e5d0c89bac5d479e1d3d1fc2f0edb90,test
left,148105,f5f3d24dca59d55766e55abf6e4730fcfa1d3add5afbddf689523881d101a185,test
left,148240,4fe52eb4e39303092c6ed9c006f2a5e1458ed6b113d00f0a5ea3fd897446d58a,test
left,148395,9b116bb24e8eb0cfa72c912bee47ed7d9bbd8f908108066b4991fcfdb2adc456,test
left,148835,6cd066e89ec5718ea112e7ae8bc4f02b69c9c15426cab09b823d33b629f804a3,test
left,149225,67282c55e73b22211af8cdb5cbdd0a2e9e7705de5e93195f17c03bfca70c9e69,test
left,149230,67282c55e73b22211af8cdb5cbdd0a2e9e7705de5e93195f17c03bfca70c9e69,test
left,149335,055c5582103cab2b34f456c39af9f1cc9f7985149197e14f4c54626cc78fe20e,test
left,149545,e4d5a5e5d5186f0110167ae97f38851e8fa4388ca4045adb12290c936a7effb6,test
left,149630,90f4b970d32153007fbc27b97de2d46a581822651a117ab127d5729513842d10,test
left,149810,c669e937ed16efee91f1bc3570f380f2bcdbfb22bb5d5ccd238ea1bb6345f5da,test
left,149855,83211c85694fc8f04ac7f1cb017350ca6d40e372ba86ec760276fec940ef2b9d,test
left,149900,54125e00332152cf1b0f775b930fd73a21d12805cd2d804b683615693c17620f,test
left,149955,dc727c077a1595c3768a4d7cce89b07e18973b66b64adf858f81c02804b23676,dev
left,149960,da37695ab3539f99a1d7049af78d86001fe20581ff209504b73478485bae6455,test
left,150135,d1af8d9ef18967fee7bd46fa109843f46e1068b9538a61c112985cf3a0a8dfaa,test
left,150460,bb2e9057f85d455cb9fd432b7fbfa17d2745615f5c2de5764e565f99cb3012ab,test
left,150725,7194a46c21243114ff27b1d3c6dc1d2c02460a36050b57e13ed2f6a8ed65c6e5,test
left,150900,028d30d402882d5f602dc4c167c7ec18b54ad35f530e98c7ab4d28c5a5d80821,test
left,151010,fc9f8930f8c68ff7b10a3faf203abe6b5c3445c8254badde5e16f8631fca78a8,dev
left,151135,1e8ad92d0dc38331d1f36690f06a08d2eb93be89b7ea8aadfc83a5ce8a4794b0,test
left,151310,5c19c0dab6d1a13fd1692493043654b277c2248cf7400c49fd9c4ee4eaaf8a69,test
left,151320,44091389254ea5283875476d7902ac76684755ab96bc9b02796461a5cc60daf7,dev
left,151670,1ba9e3b76ad5ee9c6d130c0305172a7c206e996a0fb9c2b6931010c3ed6a63cf,test
left,151695,516ffcf639057298d610fd38d942d96e86d07c407a70700537d5a0dfb58bd41f,test
left,151705,516ffcf639057298d610fd38d942d96e86d07c407a70700537d5a0dfb58bd41f,test
left,151760,eaf002482a4668abb939d1affde799f9eb73fe01ea404142579acaf042de9344,dev
left,152030,2ccd4b8451d159b01b249bdc2b4914dd153d182bd48af4f441a2477f4e7f815e,test
left,152300,129ba393839e2af73a31017f79ade02609c1265485229259b42c18684903fdf7,test
left,152695,d1af8d9ef18967fee7bd46fa109843f46e1068b9538a61c112985cf3a0a8dfaa,test
left,152705,3bc7d7e32c0fee19502317de00b9b2d0b6ac179c8129922a6e2a64e00e640886,dev
left,153055,bf03331b6c4ae4871837703e5258ec30a198304cd1dd216858ee53030592e175,test
left,153135,cc217cbe1f7be3fce7887f850984faa20c99737a332d509e062cc42550c81613,dev
left,153290,1f1796679f39cd4e3f589a1aee3704d633aa0cdd963c51d90ecad2d1541ec2df,test
left,153310,1f1796679f39cd4e3f589a1aee3704d633aa0cdd963c51d90ecad2d1541ec2df,test
left,153400,f1a2031a910f19123f6ef5df6d307e8db77fa5d89f04ef4b34d5da736cd83277,test
left,153405,f1a2031a910f19123f6ef5df6d307e8db77fa5d89f04ef4b34d5da736cd83277,test
left,153415,f1a2031a910f19123f6ef5df6d307e8db77fa5d89f04ef4b34d5da736cd83277,test
left,153420,f1a2031a910f19123f6ef5df6d307e8db77fa5d89f04ef4b34d5da736cd83277,test
left,153425,f1a2031a910f19123f6ef5df6d307e8db77fa5d89f04ef4b34d5da736cd83277,test
left,153435,f1a2031a910f19123f6ef5df6d307e8db77fa5d89f04ef4b34d5da736cd83277,test
left,153450,f1a2031a910f19123f6ef5df6d307e8db77fa5d89f04ef4b34d5da736cd83277,test
left,153465,778347fc582c69847809865c0e70a93fe6186d7aa45ed0ba8f280845c2a38968,test
left,153505,778347fc582c69847809865c0e70a93fe6186d7aa45ed0ba8f280845c2a38968,test
left,153565,4422b827ee4a3f1b2b20b34050a567878723c16aa7f59e1499a6471f7a6aa15a,test
left,153580,648db46956004f63a304fd092748ef7b1760acfe8b65591353f42c6b4e26b49f,dev
left,153655,c61dd52871328a933a5c0f16fa487cc4b33a0875fe120e34a9d56fe3915a31fa,test
left,153920,c3fb1e628458970348f82ff31175e71bbef1877815e5ba80c1a3159a0bf0f968,test
left,154235,d32e98fd03e1dd1b174d11f5524a7d6bed93892175d0ad0489ecbe81dacab7d2,test
left,154240,d32e98fd03e1dd1b174d11f5524a7d6bed93892175d0ad0489ecbe81dacab7d2,test
left,154450,642ae78091638a2807049a705078ea83e6e048c87e3e00342e149e44b32d11d9,test
left,154480,56fdb2e88967e21dc30f1222df9dd9b93dc41e97c1fc37b3ca3d24b307cc561b,test
left,154520,27be95a5147162ef14b73df5e1127c341b7ffe584ae557875e5f500eb6d4a512,test
left,154595,e28a0b9cb995669f1b7e25939340581aa1d31f055f554a47054501d21a20c7d2,dev
left,155730,92d1111cb6285c11f164fc1dbb6e6223c7467853103b585ba2c39299fa771ced,test
left,155775,19ff945fd3817d10c735d81cbd2628690b025ce960144ec908595465e4b9aa7d,dev
left,156065,e04a68d86a8dc340b75e0ae2879c25ed8c291300e9945dfc06f8d76382191525,test
left,156230,8e93a02109c640a56d71b8a2db1d1e001474ab5f3d9aac8d9a88e3c90986d089,test
left,156235,8e93a02109c640a56d71b8a2db1d1e001474ab5f3d9aac8d9a88e3c90986d089,test
left,156245,bc2c5b1fa144c7579ffaed2b892a9821881f5bf884b0156cd8e0f00d3d7b9fac,test
left,156335,bf6d532a50fb1bfbc02d8c75d70a9dea885c16032a5084af3290ca1bcdec7552,test
left,156340,816f1e3e36f26eff8ae26c6454ab7d11b7dc8a4fbcdfc5f06033cf1e51860171,test
left,156495,755c09b0d020ed1c15be5f4c266af05056acd9f050b3a61dec82631af0016322,test
left,156930,c0a90ce2bbf3bc5b548259f0a1783bc60368cfeaec615dc0b5f7bdfa166e65c9,test
left,157020,de5e437ed1dad22cfccf7f0b4439aab42fe1611d9c675b2557c4707b1357a3ed,test
left,157130,800da48415a76bd6aec05de798c28fc6948a8515ce95338a0e03279c8c1f2f10,test
left,157375,62f6ac839937851c5c3d4b9b5799383212d273df91a53904e0efde30a6d43818,dev
left,157520,008da3cfd1d93507b233ca731c396d02a32f19829720889e64ae8b662ac11589,test
left,157615,98f93d9fa740468726dc5ace19bb4f4da6f7d66ac7fca5cc7b0f57460794cd36,dev
left,157620,98f93d9fa740468726dc5ace19bb4f4da6f7d66ac7fca5cc7b0f57460794cd36,dev
left,157720,e2ea46e48a14b61b028c149f74bdb0514e33e3d6176843d82987fc61b4b6dcc4,test
left,157770,3bd7958f461a8fc661bd3512bd0d6a56119f17b235a7c77b2a5781ff1ae3b576,test
left,158025,8e84a430f7c6acf30fb06d3ae2eb6dbe98cd82842770f33e1705f01903371329,test
left,158185,ca36fad571a4877ca408eecff1b05907a2eaf0fd015d6e673ed75ce3c334a765,test
left,158440,b7f86ce7b3e630eb301cdec12593c41a81fac7d54ef1e376337451c30854c9ec,dev
left,158610,71266469fe56ed0b680401b5bde0c4c345034e41867ca1016f06354c5e8252a6,test
left,158805,5c404998986d348683814042d7efbbea39dfc014f598b93972d80d2d1519385d,test
left,159275,e5049e0456e1dec3ab052314ada371a013226f48b9e79550f519ba427e31eeaf,dev
left,159300,1045a84b75759bc0572093a55d7b7710aefdc556beaa4ad1eeb7eb93fe1bab5a,test
left,159430,50209523864c2468d56c792a8380786c0f75e3681945965cce0a9b7f3f044616,test
left,159440,43682a1faad0c07d5e9f6158a3f3da3bb503df747268d64b15c487fb086b9d4c,dev
left,159520,67ae7f20eaadc2d446f37dbb7dc87b804eab8289aaba7768a077630f7e91783c,dev
left,159595,e16657ce0196674f317a065a8f9b42fb5ac2cb7b397ed6503017d086ec147692,dev
left,159600,e16657ce0196674f317a065a8f9b42fb5ac2cb7b397ed6503017d086ec147692,dev
left,159605,e16657ce0196674f317a065a8f9b42fb5ac2cb7b397ed6503017d086ec147692,dev
left,159615,e16657ce0196674f317a065a8f9b42fb5ac2cb7b397ed6503017d086ec147692,dev
left,159625,e16657ce0196674f317a065a8f9b42fb5ac2cb7b397ed6503017d086ec147692,dev
left,159630,e16657ce0196674f317a065a8f9b42fb5ac2cb7b397ed6503017d086ec147692,dev
left,159645,e16657ce0196674f317a065a8f9b42fb5ac2cb7b397ed6503017d086ec147692,dev
left,159815,816e8bb990ac686640f74b0279637313fcd104f0e12d1aa3b1b0687754291307,test
left,159830,726dc5e72d1234380b9ab7291c6d43e8be2afde953deb409496b84e58f2c3f2b,test
left,159900,20942a10bc7fde10fd80f1ccd6ce77ad5ff8833dfab45c537c05987f403539a5,dev
left,159905,c505174841bee9e2fc79bb0fc3cf159eddfd4a44d71bb6f0d09d354868bff6fc,test
left,16005,d407f212f6abfa035e44e167e5b05c5050f5ccc3aef8193fa04e921c94ece6b2,test
left,160190,304d540ff6e71400d1ef392eeed826daf241b81634f203397d5bbc542669da0c,dev
left,16025,06031cbbf221baf434913829bddcb817d3f23332ed50bcf7d618264bcdad8444,dev
left,160315,acaaefd24a6da6a533d3d281d766d4516db3ac541751537521a62eeda95a022f,test
left,16035,d407f212f6abfa035e44e167e5b05c5050f5ccc3aef8193fa04e921c94ece6b2,test
left,16045,d407f212f6abfa035e44e167e5b05c5050f5ccc3aef8193fa04e921c94ece6b2,test
left,160450,73393450642d3a9db97c4407b0afa4c3d62ccb8356a59239e205214b2909c872,test
left,160495,9dd6d305c5ac167cc003a8c8b8c119b103f043451bc7066fb56968faab790db8,dev
left,160660,15b53a6ef5711c85b0e0ceaff2cff30d6642540371ffdf0fdb0fb2a020ed85e9,dev
left,160665,15b53a6ef5711c85b0e0ceaff2cff30d6642540371ffdf0fdb0fb2a020ed85e9,dev
left,160890,9ace26265a9fc6da3658360689121328614da9321de7597da6f9d55672e88e9b,test
left,160905,9ace26265a9fc6da3658360689121328614da9321de7597da6f9d55672e88e9b,test
left,160960,c2ec65d8523f7549452341eabc32be8b2bbeb92f2b263dc73c596e5b157a8ce0,test
left,161150,08546a5a495ca7f04c8b01e13b1635ae7a41b479c62d5b6810bf141434d6ef17,dev
left,161180,08546a5a495ca7f04c8b01e13b1635ae7a41b479c62d5b6810bf141434d6ef17,dev
left,161185,9d7b96d2039cce695c9040d6a2f521a82728133e2a089834db262d11b03338da,test
left,161490,442c85ee2bb22ef8b9271026cc00e0be513eda562437ff190c0f5177e477ac9e,test
left,161775,bb83a33a53e18cd98ad310df309db5182e841aa953e5f382aa78bff2e2c938fb,test
left,161835,032fedb85ac155d2ee58231d47e5bc13f8253f47e8a4da065254448ae978cb4a,dev
left,162140,88bbe9e683c45190e978731fd0da549c11c5fd5a67e312b808093072e1985bf0,test
left,162145,88bbe9e683c45190e978731fd0da549c11c5fd5a67e312b808093072e1985bf0,test
left,162190,9a65e0964741e44847a1129338482e33586ce3db508b63c69d22bf3599ed035d,test
left,162535,9a65e0964741e44847a1129338482e33586ce3db508b63c69d22bf3599ed035d,test
left,162665,dd9341411635510e7b326ad7edb89429611b341fc7b7d4ca97aafc473c161d20,test
left,162810,a4dc54524a163ab4306d994eb19b8d9a72afd375454057ff6629c167c3a70d38,dev
left,162890,9a7fccb53ab2f92b8658efa96b136023270b726c2d0f0c03c995fb9fd6d2ed7c,test
left,163095,700d03fea0630886c4bdfaf21b02054b76e9626f26309bf50a1a70a840600884,dev
left,163310,193d304716b3df8b5b25a981a7b11df2005f050cb7d8ebca7440510851dd9ec5,dev
left,163515,a2be60452aa246edbbb9b442046a338d7c03936c1dd6e0d8aff2afc889d38dc6,dev
left,163540,a2be60452aa246edbbb9b442046a338d7c03936c1dd6e0d8aff2afc889d38dc6,dev
left,16365,d1f5f1ff794e20a1cc72f2d1538b3cecdf563098d5e9dfe8e4749240d6fa92c7,test
left,164010,92d1111cb6285c11f164fc1dbb6e6223c7467853103b585ba2c39299fa771ced,test
left,164125,700d03fea0630886c4bdfaf21b02054b76e9626f26309bf50a1a70a840600884,dev
left,164165,2a8f6887bb2d18ceda16e566478af9ba8d979e92076866f0f2de927aeffaac43,dev
left,164205,e61683fbdd41841691563a7952361b53d2e892809dd85092682991e02cc8d62f,dev
left,16430,94e7244155da485776f87bdf0d845f200f6f93121d72148e88e85e78dd1d10c4,test
left,164550,496e1326eb0c3294337818ffdb2f970cd75fa9bd0fb9182902653c641a6c15f9,dev
left,164680,145d3c7e62349f50089b043ee3916516434aeca9e37b76e758229692692e62d4,test
left,164735,d216330e21c622c789d2ed32496c233ee6701949459fd6989b57205f67e0a63b,test
left,164740,d216330e21c622c789d2ed32496c233ee6701949459fd6989b57205f67e0a63b,test
left,164745,d216330e21c622c789d2ed32496c233ee6701949459fd6989b57205f67e0a63b,test
left,164760,d216330e21c622c789d2ed32496c233ee6701949459fd6989b57205f67e0a63b,test
left,164765,d216330e21c622c789d2ed32496c233ee6701949459fd6989b57205f67e0a63b,test
left,164790,d216330e21c622c789d2ed32496c233ee6701949459fd6989b57205f67e0a63b,test
left,164795,d216330e21c622c789d2ed32496c233ee6701949459fd6989b57205f67e0a63b,test
left,164805,d216330e21c622c789d2ed32496c233ee6701949459fd6989b57205f67e0a63b,test
left,164815,d216330e21c622c789d2ed32496c233ee6701949459fd6989b57205f67e0a63b,test
left,164820,d216330e21c622c789d2ed32496c233ee6701949459fd6989b57205f67e0a63b,test
left,164825,d216330e21c622c789d2ed32496c233ee6701949459fd6989b57205f67e0a63b,test
left,164840,d216330e21c622c789d2ed32496c233ee6701949459fd6989b57205f67e0a63b,test
left,164850,d216330e21c622c789d2ed32496c233ee6701949459fd6989b57205f67e0a63b,test
left,164855,d216330e21c622c789d2ed32496c233ee6701949459fd6989b57205f67e0a63b,test
left,165265,008da3cfd1d93507b233ca731c396d02a32f19829720889e64ae8b662ac11589,test
left,165465,c15326d26133d7dc2a67490d8113b71be595f466d41c7497497878b639c6551e,test
left,165815,6ca173c709449307d2fdf3b0d41251637ccf94016f5154f6718ff851456ba421,dev
left,165970,b42c5565d212d59919cf3c34156c67f7868eb80f6e9d83d22a7ec719206b9e99,test
left,16605,15545731dd47935901cc84b8411e4be6d112e3c5a44e63038eba9c97e013eb0b,test
left,166320,73f736f2014c0a36a4fd5a029b0d790a9f78def94912c286d53cea229560bbbd,test
left,166325,73f736f2014c0a36a4fd5a029b0d790a9f78def94912c286d53cea229560bbbd,test
left,166335,7e76deb627818217f743a55d6bc6403caed54e4c34f1282cf74a826fb2758f16,test
left,166345,6b35e8b2060242d06632bdeafa8e71b76dd773b850cb17ee623c225ccc712944,test
left,166405,0b01d17c76e3c8120a9ed591e441358fae0fd23a23e81e6ff7ba5e819e4b7e02,test
left,166440,2ed488168b1ff1b2db963c87b0cd3b6b69a0e90c1075e5b9aa0fe1bbd1d53902,dev
left,166475,57bc2fabb88732a01843ebc3c4b56694f24ff36804d1a9e6f5ed53e4f1f14f51,test
left,166510,199ccc37ee45e2b3bced598b1022bd0b5516d3bbba9ca73a4a7dc4a92e359b6a,test
left,166515,199ccc37ee45e2b3bced598b1022bd0b5516d3bbba9ca73a4a7dc4a92e359b6a,test
left,166910,d220488bfd561f0f7525bda9c4234a4df2418b2b46b8cc9f38931930b3ab247b,test
left,166975,193d304716b3df8b5b25a981a7b11df2005f050cb7d8ebca7440510851dd9ec5,dev
left,167185,909ce1809e2fd3822077ee4ac318a6ce2f5603549fcd9ef062063b08bfb73b77,test
left,167190,d64be0054e0f6b0b693260af11560e40211428100215a389fcdb1740fd2ca571,test
left,167210,550a48cd7656e10e9e257b0938b210d48050ea9eca9def90ca78fc270c6a23b0,test
left,167325,c8bdb2da5cd5c561f2089e1dd983977099df37039d7b62df6a4b4c903b87de42,test
left,167360,ddbcdf0c5eb401cd4bd7817a7d64fc84d61c087ea82e38ede90ba5192b14b81a,dev
left,167550,c8fc8b999a4081a1b0f01f58a9f5a435bb160c37dd1ee600d296c45161c76913,test
left,167605,f6f52ed1c84c612787b4b02966adbf7cfbcad5d669f3b7af5b87e4373b60b99b,dev
left,167770,fe3d2f539fcfb908c627eaf6c4f431d9ae989070220f35678e7275eeb560ec4a,dev
left,16790,6ca173c709449307d2fdf3b0d41251637ccf94016f5154f6718ff851456ba421,dev
left,168060,92d1111cb6285c11f164fc1dbb6e6223c7467853103b585ba2c39299fa771ced,test
left,168110,486fbaf0bb150d509a7661c30f31bd273f4bc691e3a9ac3057673f6e39e5f417,test
left,168130,dddc0aa1a207e1c555207c50126f687dbd0dcf9d87f04edfa744d5b0bac32061,dev
left,168135,dddc0aa1a207e1c555207c50126f687dbd0dcf9d87f04edfa744d5b0bac32061,dev
left,168420,e454fc2e2516cb77cf931a0616bba1854cf8ba93edf38335de8c0c83e5385268,test
left,168445,e389ab1b25650aa5fb7ce8cfdd8a4f8f255ade32d162012be1b0a4c8fd17c3f6,dev
left,168470,fb6ff5a9da327ce5b4bff632b50cbcccbf505508bd6e9ddd25a21f5715b31565,test
left,168490,ee5412eff3b91c2c9ce8e6aa1f6630b665d2fbf747ea816f31be98656ad58149,test
left,168540,e7626260cca53fb7d75b209f446c590b5598908f36ae8b5c7c84e0513ffe6513,test
left,168600,1a7c36dc61bf9d39fa99b68b5f8baa341468e95ce65077bdd77e70a24780c244,test
left,168660,f5df9e6a67a2578dbe99d5e47de2a204ed146b072175e0abaa553e8d2e7ae185,test
left,168680,3f6177c34f81242503a12370e61c8a38e53d81de69d0de679e79df272895f968,test
left,168710,f5df9e6a67a2578dbe99d5e47de2a204ed146b072175e0abaa553e8d2e7ae185,test
left,16885,8b41e50df3421703fbb31be42b4e09abd71be920a09f0a1b4be20620566993b3,dev
left,168905,227187f681f1627e3ad626e53883f20e08f24db4c35cd59dc25deee3833a2782,test
left,168975,7235f4b00d38b28513519ddbcb36d08502b5440020d39eaf7eabe1b2bbe8c9ac,test
left,169175,abd536386809ccd235aa976990bdf9cb3c582f2745e473f82e45e03451cf7d32,test
left,169195,5e6b2818f50242db894a6476da9598731508ec86ac946e0762c72f964b41c602,test
left,169245,a6042402119d165441b5117d5ace2ec8429ef87630a01506c70b0e032290b38b,test
left,169455,85017c8cf055bf84043e336b869069002413dc225dd9a694c567ed26754e8189,dev
left,170095,07835048e323605b246d4ba106e46f24de0603fe0406abf55ebe3a1f1c1fe60b,test
left,170185,4b95850358da42cc2d39060af86b31af3d0fd50c793dbc0479a4662686fcae26,test
left,170260,e6fb828772151906bb534c0db51d8f89bb764866bea438122b1368bf94bd8141,dev
left,170335,6b35e8b2060242d06632bdeafa8e71b76dd773b850cb17ee623c225ccc712944,test
left,170505,5a43ef86ee8bf5a5e9eac34ecf73e4c0f42c849312efae42383c0f14034dd8d6,test
left,170705,078dfb32d5eb4a962709fd376109717f2b30f185853968f49aa0e54ea7a07d8c,test
left,171195,3d2b747c1ffd6e5586114edf7a3e1783afe8ae2904eac46396ff9db6a9b6fe07,test
left,17150,07835048e323605b246d4ba106e46f24de0603fe0406abf55ebe3a1f1c1fe60b,test
left,17155,87ce41ba55869b15be51fb6f61ec862525f8a905bfe88615d54a7a9c3c041e42,test
left,171655,d7fc4e543f841912564fa8d0c08267aff6d345f4b812e9a2720244076aded3bd,test
left,171770,1203570ae9f71c1566758b598bc0d846a0058cc6f66f8afe949b3c9514acc2a8,test
left,17185,dbb7d8b38fdd4814b3aed963bc03574032796d34e29532fc45b47836ff761c4f,test
left,172200,e6fb828772151906bb534c0db51d8f89bb764866bea438122b1368bf94bd8141,dev
left,17225,fd718767b1a58e55df2be3fb84fdf4b555efab8fa05e341b43e6edff7dd88b0f,dev
left,172250,820593348b39a11fb48e17d691f021daf9b8a5537e82af3bcac39f5344a36653,dev
left,172255,fb6ff5a9da327ce5b4bff632b50cbcccbf505508bd6e9ddd25a21f5715b31565,test
left,172290,46b8209a786bde81d35a8e3905e392e142cf4a35537d6b3780bb367b201703bc,test
left,172350,43682a1faad0c07d5e9f6158a3f3da3bb503df747268d64b15c487fb086b9d4c,dev
left,172355,43682a1faad0c07d5e9f6158a3f3da3bb503df747268d64b15c487fb086b9d4c,dev
left,172360,43682a1faad0c07d5e9f6158a3f3da3bb503df747268d64b15c487fb086b9d4c,dev
left,172440,e720111fcf2698a0805e19d3b872cbb9ef3f3696d0e9bbe4bab12dde7c4505d2,test
left,172590,ad1d9d06e4fe1f04be484b85cd81bbe5963ecb3578923bb2cfbc073d90abed61,dev
left,17260,193d304716b3df8b5b25a981a7b11df2005f050cb7d8ebca7440510851dd9ec5,dev
left,172760,dd013cb6486eada8da0518fa7999ecac3cd730787b9e4bbb8d934878e6bdc5e4,dev
left,172820,969436330cdd68ff729fbaae2949244664a709307261bf62d0bbb099ccd6757c,dev
left,17285,87ce41ba55869b15be51fb6f61ec862525f8a905bfe88615d54a7a9c3c041e42,test
left,173125,b7a6bc03f6a9b3ea00f519fc474b6782491bf0a3ebd85a013724832571af0d68,dev
left,173160,e2dea3cf3ce8d12c53840d9cf6429b7ed6f0315f20416cf4f3cc94cec55cc895,test
left,173980,52db2d60da9acb2cf81c81d61665912f1fb17d543e62d235340bd390116a0961,test
left,174040,f684fb568e223c36712107a8f5b4223d70596c715d975991fa90a916378cd606,dev
left,174170,77f75c0fce682848d8ef08ca189eb7795fbc57367bcd7b38993d23877180d424,dev
left,174295,b985fad93236fdfce8b999dd1292537362a2d232ef2a52c0607a86b8f00f1c34,test
left,174310,e8196112886bfcf9ea33ecef32b31427e4027ba9ac2ed1aa46e143828f38443a,test
left,174605,38a37c61f2063a91efad821b1a2357a4d35cdb65b2b4cc05acbe12cc630943ee,test
left,174630,38a37c61f2063a91efad821b1a2357a4d35cdb65b2b4cc05acbe12cc630943ee,test
left,17465,5ba3bafd8e81619241dbf5e6daf9fd7a3434636a5501a0433fc13aca8cce8a1f,test
left,175305,c71c9860bd693373f76edb6da9504c9a1c2dc65c48fdf77c6bbb343775b62f6a,test
left,175345,fcec6196db436364aece722a9ad68cb0870edb94e48c31bd8f0595d9b9b7449c,test
left,175705,6dc7339353671bc35c24719aa0b37f689452ef1607e62d8872b82390df2d643f,test
left,175710,6dc7339353671bc35c24719aa0b37f689452ef1607e62d8872b82390df2d643f,test
left,175890,93c685a704d12c9f12b3677292445ca8fbe16b4827b399a0935918f731cd1a39,test
left,175900,93c685a704d12c9f12b3677292445ca8fbe16b4827b399a0935918f731cd1a39,test
left,175955,a501e4383ad2429412da5e8154849698f914a42672e7b2fdcde251f497d77ea8,test
left,176115,7d9cb6d90c07bae373258d0ab9dcf5e403c3701a2a03429b8456470d5b568b4c,dev
left,176325,afac253abbc40d1f98cca3b3f48ea82a7d1f72161d747f9bf7f9c3c34b87cbbd,test
left,176550,27be95a5147162ef14b73df5e1127c341b7ffe584ae557875e5f500eb6d4a512,test
left,176575,97e60ba89f80c7f763e5ddfb191b382752589ee886f9a5945e00b9884d97b385,test
left,176655,8d6b8e217ed5a39b4bbfb66b47cb8ba740fd470cd5a0e9a3edace231d0ae4e8a,test
left,176700,6122621e3da1eba383c7881c4dc44c91a38808fda7e118a1340a76ff15650bfb,dev
left,176715,306a43c8cb6716253317b731c2522d0a4fa73acd64cc4d15488810f3e36bbbda,dev
left,176900,8d6b8e217ed5a39b4bbfb66b47cb8ba740fd470cd5a0e9a3edace231d0ae4e8a,test
left,177010,dec28f70ae5fdc2a015be09494e4901395c7120d045653b997547cbbcceb0c6a,dev
left,177055,7fc656b7a5ba36fb78846cc323bfdecd784910c65a36d94fac505b04a504e45a,dev
left,177145,e66e9d69889e26d36fb33e53302f20c8be85a7f287bdff276b795e592a3352a6,dev
left,177165,e66e9d69889e26d36fb33e53302f20c8be85a7f287bdff276b795e592a3352a6,dev
left,177260,07909217233b071f0ee4b82605f359e0a47ba75da7b61b8ba546983527fecc9e,test
left,177265,07909217233b071f0ee4b82605f359e0a47ba75da7b61b8ba546983527fecc9e,test
left,177340,d1af8d9ef18967fee7bd46fa109843f46e1068b9538a61c112985cf3a0a8dfaa,test
left,177420,032fedb85ac155d2ee58231d47e5bc13f8253f47e8a4da065254448ae978cb4a,dev
left,177430,032fedb85ac155d2ee58231d47e5bc13f8253f47e8a4da065254448ae978cb4a,dev
left,177450,9b8eb6e7e4c22fd0a18d2d6c39d3db98712d422550dcb739614475e3f2377424,test
left,177515,8fa9c99704e9aa03faa01739e4d09672242f7f0f765dc1b175af72631fd65aaf,test
left,177585,182fb1b433edc1d114670ca27821cb6bc3cbceb48f55a5c8c3918b492154f1cc,dev
left,178225,5b221cbf1f5cf2a309bddc709ca939c491eab56f0afd0d05586dd9b83de62123,test
left,178795,97c33b2bc7965dc0fe0781a4dab38d59367950135a84be0d79a0d42be95d774e,test
left,179385,c4f0cc345f59333c6a3a176a625e487de70cbfc42dd46fd36ebd0b132390c0cb,dev
left,179750,bd55e5e63802decb549014ca13ad617b82784216221a9450b812d399d9e8ff86,dev
left,179795,36514f1eaf9ef0c1b04f61c36b1e05e053e4a7bd8bfb2bdd6d946cd95024beb5,dev
left,179880,a03a5815604c49a64be7fb11d4e4176129c073c47641f858dde44e4add598d2f,test
left,180035,306a43c8cb6716253317b731c2522d0a4fa73acd64cc4d15488810f3e36bbbda,dev
left,180110,6fd21a5932a5de31498dcc6d7e6526840b8aa9fb49b3841d7c1d80c906180454,test
left,180120,5f53b270ac433506ae558e9584667ba37dae3374e47bfc1e514db2118674b23d,test
left,180240,341375106fb93d5186ac60f451bc83cae7df053a89bd5014e8d13b1e38b9be8d,dev
left,180250,f938e3fce31127b9847572a9662f9b3712081273740d1c863fcbbe5d6ffa4b2b,test
left,180275,1f813f9a7472aa76b25e887767ebb9b0ec23bac6500c7b056005efc0d344a3eb,test
left,180310,db1e985199b47a85666e76a34579a6d8907ebc28d538f086a29891b83c470205,test
left,180320,db1e985199b47a85666e76a34579a6d8907ebc28d538f086a29891b83c470205,test
left,180465,a0c0f8a63d9a09ac5f934e56033dbf20f7282456e31f7ea856be29996c2d571b,dev
left,180505,bbd2b14ea27fb0df0f8c5540ae491c5a57d1032cd785765c1d3ce681b4d0b80e,test
left,181120,869a6387233a4a567d1df9bda6b694e8ead9523239d930bb69c9c7bec0485ef0,test
left,182890,f08612352c5f394b2dd6985e1029d1dda7a2a5ccade107fc9a11e177093b6259,test
left,182940,2a8f6887bb2d18ceda16e566478af9ba8d979e92076866f0f2de927aeffaac43,dev
left,182970,2a8f6887bb2d18ceda16e566478af9ba8d979e92076866f0f2de927aeffaac43,dev
left,182980,2a8f6887bb2d18ceda16e566478af9ba8d979e92076866f0f2de927aeffaac43,dev
left,18350,cf22748b6774b37f711d49264f05f01b43343e222fa301d466e602ba042806aa,dev
left,183675,ce51c0237a887de9b6276433ac63c0c9f6545d984ee32710bc3e6653741370d1,test
left,184370,4c0b6c7218fca2dc56fd0afc8450079e37643175bdec4c81fc140ef113309bc3,test
left,184460,1bfaed016f2a908c80be5d0d036e076da6f420e6b401062f8bcf0cf24d3320a4,dev
left,184585,97e60ba89f80c7f763e5ddfb191b382752589ee886f9a5945e00b9884d97b385,test
left,184690,cad9f38b66975e4f1eb595717184f113d382c0ea6c419189e622938c80cf3685,test
left,184725,9c94af0b72ebd95e81b9a4acd78df58f624c158c351bd26f4712df5e059e1da0,test
left,1850,9789ce671dc9c37519a22ccfa05cf6f38de6e0c09524ea0fc7bee7b8f691c423,test
left,185280,6c855360a72f4077e8c5696932476fb798c7bf2475cc072273204b84bf0784fb,test
left,185360,2b65bd1346d0ea29814a3c1cb68967c9d33301dfaded1b185f53313b36cf6be5,test
left,185430,cedce7b6798b781c2721c4d11bd51c19c7d9ea418fb5a8252ad1206444de16ae,dev
left,185480,ada7eb2801903bc5fda043e91b3370ea8a36850c762bfa27b0562e99b618ad48,test
left,185495,fc43adfe5f61011057ae802f28d6469c19a2a652a43af13cbfd32b1a3f9d2156,dev
left,1855,9789ce671dc9c37519a22ccfa05cf6f38de6e0c09524ea0fc7bee7b8f691c423,test
left,185735,2f096a76683db3e2c91ac2596a61b8e3419753fa533993d4b358d310c8d8eb53,dev
left,186130,e1f6924032802975bb38c2d54e71450b173e029efd823f505e14876da8610361,test
left,186560,60566a663458a60e1c0500811b1dbb9abf8c3ccbd90746d42691055bf425d4e7,test
left,186585,60566a663458a60e1c0500811b1dbb9abf8c3ccbd90746d42691055bf425d4e7,test
left,186590,60566a663458a60e1c0500811b1dbb9abf8c3ccbd90746d42691055bf425d4e7,test
left,186620,dd4d43e2b9f401a1bbb773da80b92b5a2b46cb323e43936fa471d170dbeac426,dev
left,186785,61019216cdc1f72ef27ed656b33da28d63acf2f07dff5fead801cd89b5334a81,test
left,186790,61019216cdc1f72ef27ed656b33da28d63acf2f07dff5fead801cd89b5334a81,test
left,186885,870d1a18fbfd799b6d41dd22bf6287c816355de670daa6589d4aeadd669d69b7,test
left,186895,6ca173c709449307d2fdf3b0d41251637ccf94016f5154f6718ff851456ba421,dev
left,187110,6bc3efa200267f1516d06d49f4c9ef4d2d481f7b68fbf9ce46f10f8b870a9570,test
left,187155,835117bd132211750b8fef4788342cac5472d1cc679f1d9b7e21852ac2b543d1,test
left,18730,1c5d29bb4bc5fed9cc90eb3b2c650dfdac88c4efa9db1e36977341b0343c3ca3,test
left,187720,6987e0195e2c8cd7b1f29006d89d001d68e7dceb4054c4c00a2bc005b8a14922,test
left,187820,b7f86ce7b3e630eb301cdec12593c41a81fac7d54ef1e376337451c30854c9ec,dev
left,187830,b7f86ce7b3e630eb301cdec12593c41a81fac7d54ef1e376337451c30854c9ec,dev
left,187835,6b6d98acd1d6252f3c7e99593bfe78000cd5a5dc205b911f51a999a136ba4e69,test
left,188385,5535b8cdae2c0b28ba0da3f020daf073ae4c11afe1256f4249638f728e11531f,dev
left,188405,6ef0150944e3107b5ee540bb5ce4c23b812dffb3b12be212088137d28af3560f,test
left,188415,90019999668e043f0694ae1a4b2b7aae89db4aa1806983f87d049ad47416a024,test
left,188440,f577430f62f8dc5c7ef6c111a6005a0802b65e13bf3e5f4bda29649f873baa44,test
left,188590,63da62238db44cffd5aa501563fc50719c02097fee6bd70f311a7b985b148fd2,dev
left,18865,2e57a87824101eda0c50de878167cb8b6972f61339d48cb4d22a198769c0ad28,dev
left,188655,c3055f94299f83ef6a6b213f9905a58a55095a84dfdc1a24bcbc8b5bc8412af4,dev
left,188670,8a71c6892262866ceadff2b3ce52ece954559cc7fda57fdfe6b55a97d5f7a381,test
left,188930,22149a6d058852b85b4cc806ef806aef41eb71c06585c39a6a013eb2929e83e6,test
left,18895,bff9e8ee08e803a5fedb71ab3d9356b60b0dd3e08054574e51bc501ba444b7e4,test
left,189135,4786c09352d2ec446da2083680039f1e2bd7130f9d79f4768d077fbbcb6ba15f,test
left,189290,d3480f6872602697745b7a3bec1ec036b201c0af250c93ed73d3b02e27a63ab3,dev
left,189460,044b9cc5ab731d8b49fc248c9c516617f37fe35ae690c9ee08aaee2cda9ee9d7,dev
left,18950,ee7500a4e9612c9a483027b418884bc9f51794c99a57dfda4169fd84c8953db4,test
left,189505,e1b2c57b4c2116e9eca28db5aada0e3d625c72ca86a3dfad2052476ae0e4e5ad,test
left,189630,f2d437b0cacd10c1b828bedc5338bb2a7dda59401cc137f45cfebcf0fad12f02,dev
left,189770,8547f39e9aeae1239f3c8ddde53cc7f09005ff566879ba88154cd75a597032e9,test
left,190020,68278dba5f1e079756953bcc80e2d7721fb0cf837487de12d6e99a505e767368,test
left,190400,d3743e185b93ac16dfbd40010c90db599d118d3224749e1047b6de296f5a7407,test
left,19045,26c2ed7b338c2857d2dba05b67051f21f81f00c9e4400402bc4198ddd2a94f63,dev
left,19085,30e4d0021241c99126ebb843da37b3626f7f61bf71fb3e0ebfd8078f3edde30d,test
left,190960,48b9388f82623a416b6d76caa68120de275924f98136c77791abd893a914aee8,test
left,191150,73998e3e47e3365f82a287e9be4176a634fdf7f1246f7f5ee17d6fb4fbbc6bcc,test
left,191280,5be3314fd9413005528d8f9c1fb662330228e27c403fc20bd0985a46297fbf0f,dev
left,191315,1a7ca13e4a81f48c0700b36db92e424587d159c8315597afa1390c7a8174451b,test
left,191365,e55be9cfd677c7af3273bd8a28a250fb47bd0ade29148454991514df9b9c9e1e,test
left,191370,e6fb828772151906bb534c0db51d8f89bb764866bea438122b1368bf94bd8141,dev
left,191420,7d9cb6d90c07bae373258d0ab9dcf5e403c3701a2a03429b8456470d5b568b4c,dev
left,19165,8dd1d8d857bc3a5a1ec1d2cd09cc6d1e7b54ca5183a762506c72a98cace288e4,test
left,19170,43edbf2669a270703f5afe99bc0b393d75691a3c95a4aeba79135f28a567a4c7,dev
left,19175,0901d1386fd5dfefe925a21f2db177830647436d9401937c6fa802c785080210,test
left,191795,ba51dd55fbd65b39055f54f495ad5138e35132f0a0291f38abbf06a4f6ddfcfb,dev
left,192895,687d2582445f18b3bace6cd4ef1809ab17369ee7c11d1b64a55b33a1ddec9652,test
left,19290,669bed12be2fc8ea37aad38441dc1e3157db9d47ef8ad4616e903ea694e92f2b,test
left,192915,e0f499c445885e92f4c1ede4779ec8b6f5bd5efe007cbd00c8414493c92c02a3,test
left,192945,687d2582445f18b3bace6cd4ef1809ab17369ee7c11d1b64a55b33a1ddec9652,test
left,193120,c0edb6a9f7aee3fd92a71809daefb68b29b6309860f2bc8100e2f9da1e6acf28,test
left,19355,972d5e845ae3c79e12a15638961ac46b737d764fbd56cdeac61308a6fabf36ed,dev
left,193710,12b812357f76a7708af57bd99377527fd37d2378d1b2fb2f3764c42f6b64252e,test
left,193885,4d5b6b2f3004458ee3493337b338d45ff11d847f2408b52d0023d683339b34f0,dev
left,19410,984dd4b545cc3229d8d3231480a55091992a793b73d7e41b25f15092b5ce761f,test
left,194300,5de5e301024c7f7f0fd1af07f9694a9b0dea4fcfed2f62e4b81cc588619283e8,test
left,194400,8b3f6d7a51616dc464aabc74f8c78a8f7d1bf46f964ee9d5ebfaf267fced1404,test
left,194460,496476438ed8f13854ca24aaaf035cf0d3caa38bc53273a3675c8ca31415b5dd,test
left,194545,71c65ec81006d5ae2a578edf281220da1eba5702918d8eeab57f6668dc01513e,test
left,19470,271a48ea17dd10bb810c0e4226f58ef3b731598c42c0310ba6f9f77acbd42f78,test
left,194800,a501e4383ad2429412da5e8154849698f914a42672e7b2fdcde251f497d77ea8,test
left,194860,d8669fca83955513423f4954b6b747a2d35d61c9c7b3039854eb8654571b9b71,dev
left,194915,9edf2d430e3aee7832d7b2c2bf5e91ef728bdefa5339676937298488c9ebfb3a,test
left,19525,c356869fa825a645bee02f462ca5ea79ee6933842cde9c51d8ef49ca1ab460aa,test
left,195340,c15326d26133d7dc2a67490d8113b71be595f466d41c7497497878b639c6551e,test
left,195420,0ea367b981d7cdcd8184d44163e8cb5810578d9d4f0dc1e1561dde5a98e7794b,test
left,195840,d127768625413b3263397b357ad1cd824bb37af229d51dae641d753bfa635f6e,dev
left,19680,4ec839ee8b3510c198cb6da76e2ffbc4721bbf6fcb8e8e4a84b962bfe95899f1,test
left,19715,3f26648bb8e02460eb7124a8e2be05e5ee23f117c8a0f946e007e0a4218307ef,test
left,19735,50209523864c2468d56c792a8380786c0f75e3681945965cce0a9b7f3f044616,test
left,19760,1a42ea876a56fe707044161ccfbab74d52bad2b695dab46142b1f813dd45cea3,test
left,19775,4a41af4bea38f9bae9d860638bd95fbda95ac0376214404d86056ffba29fadf6,test
left,19790,4a41af4bea38f9bae9d860638bd95fbda95ac0376214404d86056ffba29fadf6,test
left,19845,7225865a507ab730573ce5019ea7835c3c9808041207c6d90616ef12da2f2818,test
left,198490,7cd7b49499ecf0853a1a40800453e5f8c513dbc13c80e58e47111895683fa787,test
left,198540,e454fc2e2516cb77cf931a0616bba1854cf8ba93edf38335de8c0c83e5385268,test
left,198645,2e05a599bd579a8c97316e746b83d9c7355b9e89a76f236a1baf25d017ba0af7,test
left,198650,4cc21f4bb09ecf0a3ada3d306fbb6877aeefb9685509c374645022bc598e63bb,test
left,198805,3800c6683410e57290efc9862a4dcb0ff1e5ae9f76139c33ace1f9bc6d2ef50e,test
left,198905,ee1b2bd5cdbdff5045aae02f7c53ae40e4f7aec42b80bab0cbf16122d9bb9faf,test
left,198990,9fd3dc5a4387fcd05955e820f9e397992adf834a50fb1eab19ef78dcbc5829d4,test
left,199081,505fbd79da520723081cd73822b1c544ed5270864f7a488df36325d137d52cbe,test
left,199100,d540b0160f0495baa92c13c54ac7e12e96f32810a53a070acdb32d82a80fb27e,test
left,199885,5387bcade6ce0ba6ddff2b05d973e04e6b4e1edf684a59649aca5ef905576632,dev
left,199925,96f21ae4dac8d83fd3d6f986ba3cdbb49a2062066775a989017fef19a768b3e0,test
left,200135,3a0bb03f588edd79b4fbc27de7efc4427200b1f0a5ea4b2d4335383706d319bd,test
left,200155,4b95850358da42cc2d39060af86b31af3d0fd50c793dbc0479a4662686fcae26,test
left,200175,f78db20c82c63c8fb3cd8f9f5d43a4767056b358c5c79f0c2bdb0142aad270ce,test
left,200765,c8d537dce1b353591266fdef72616f10316689168053258fce596d82d5e44057,test
left,200815,dffc6a02563a70e5b42f62977c6da8a59d8fb2bc50c591b54d176d488c982cca,test
left,201005,444f2fce322c9428ea24dc9fe0ff8f8c176521f3a011f7ef8eb852fd29951d20,test
left,201055,dcb2f22a73b34055e73874698d568e13a157879ac4bb642d12dda22a62ef5a94,dev
left,201195,7c63fb79f91ff8c52b32f3a2d04eb36975b697a09a9d9be8db8d79d2e008c932,dev
left,201565,777148e39b7683710264018c7911ebc8b114f03c1804900eafe65af9917289e5,dev
left,201575,6457a42a1949c76f55b98cf40edcbd2b93fecfe5c10e68107d7254ddd8729f62,test
left,201600,cb1a2111ad25b6dff298199c69cf452148b9cc88ff92ee10ae772b441d7e77ed,dev
left,201855,35920c1af89e9b3bbf97941e384e1baace53217031e3827d52d02db7ce8fbe27,dev
left,201875,8255c6969457e1796342b8de6bf7064f7e3a45e762f631eb6a6a8c43a3f66280,test
left,201950,fb6ff5a9da327ce5b4bff632b50cbcccbf505508bd6e9ddd25a21f5715b31565,test
left,201955,fb6ff5a9da327ce5b4bff632b50cbcccbf505508bd6e9ddd25a21f5715b31565,test
left,202300,c0edb6a9f7aee3fd92a71809daefb68b29b6309860f2bc8100e2f9da1e6acf28,test
left,202585,59d32d3b89fd1068b26f35a487944d97db734614a52eecf06acf4df987943b8b,test
left,202675,46a1e4187f821de6ef1ad1836f83573ad04326d6904c9f73aa36433e64eadbdc,test
left,20270,d40e8d6dbaaca5c4b2ffdb68f6c18ca0b973fc0931507f9721387d401d83b474,test
left,20310,4e767edf8ab361c19861f36cd5bb4f233abe3bbccd0741b12c3b3330cc2a8bc5,test
left,203405,30252838b00d084b2ec6940f2ab17e20bec3ade413137053b9c5eb42ca47b0fa,test
left,203825,ddff54565a55c64640bde6024ebbffafe13d13efbe03077e60a0144d31927ef9,dev
left,203845,63cfd384320b1b9882dcb71a53ec684ba9149f64da7359352fd3635fa14a5de3,test
left,203860,b6aefc0dda64955c712315adb1d7777e14097755bd16864f249f69921dff8cf1,test
left,204010,97e60ba89f80c7f763e5ddfb191b382752589ee886f9a5945e00b9884d97b385,test
left,204095,97e60ba89f80c7f763e5ddfb191b382752589ee886f9a5945e00b9884d97b385,test
left,204105,97e60ba89f80c7f763e5ddfb191b382752589ee886f9a5945e00b9884d97b385,test
left,204110,97e60ba89f80c7f763e5ddfb191b382752589ee886f9a5945e00b9884d97b385,test
left,204115,97e60ba89f80c7f763e5ddfb191b382752589ee886f9a5945e00b9884d97b385,test
left,204290,153621f39ac3b077197d2d190f9bdf86fe3b00ec6e60bcfbc3d04a5222697894,test
left,204635,d0ac8ace3516dcd1cc9579f0274446b304b5c934c58fed37c11b462d373e9f1f,test
left,204750,e52f404986927cd18496938c7b5cfb8495ad51960297a0b1a7adb5989a95da7c,dev
left,204805,1648141ab813b41f765bcd2cd6227d5b06811daecdbd9f98e04b514749341fbe,test
left,204815,1648141ab813b41f765bcd2cd6227d5b06811daecdbd9f98e04b514749341fbe,test
left,205170,2586e7d6a3ae182180775e37953a561ddbb46bad71efadee270ecf0acba47a14,dev
left,205175,2586e7d6a3ae182180775e37953a561ddbb46bad71efadee270ecf0acba47a14,dev
left,205180,2586e7d6a3ae182180775e37953a561ddbb46bad71efadee270ecf0acba47a14,dev
left,205600,5808fc49c7e07ac77df632cb93a5afc89a80131076d19dd2830302fad7f834ba,test
left,205605,5808fc49c7e07ac77df632cb93a5afc89a80131076d19dd2830302fad7f834ba,test
left,205690,1648141ab813b41f765bcd2cd6227d5b06811daecdbd9f98e04b514749341fbe,test
left,205695,1648141ab813b41f765bcd2cd6227d5b06811daecdbd9f98e04b514749341fbe,test
left,205700,1648141ab813b41f765bcd2cd6227d5b06811daecdbd9f98e04b514749341fbe,test
left,205720,1648141ab813b41f765bcd2cd6227d5b06811daecdbd9f98e04b514749341fbe,test
left,205730,1648141ab813b41f765bcd2cd6227d5b06811daecdbd9f98e04b514749341fbe,test
left,206160,b7a6bc03f6a9b3ea00f519fc474b6782491bf0a3ebd85a013724832571af0d68,dev
left,206205,2d6cb6791fa08bcafbef45b32fa1310e2325834eb86b8fedeec0b9a1f904e393,test
left,206310,c0f204c625b2338c99309dae29f26137628280f8ddaaf72a2148062a58df1caf,test
left,206436,8af4c57b31c61f77b94ce52bcd5541e4225055ebc8049f8450812f3f48a66de1,test
left,207230,4031f306b895750ce1aeb0505785ca82dd6c7a5be3a9a3130bc9fd8cdca92d9d,test
left,207235,4031f306b895750ce1aeb0505785ca82dd6c7a5be3a9a3130bc9fd8cdca92d9d,test
left,207315,aa56809a133324cde60a1bfcb01784064cc765c9343fbedb980978e014e8d24d,dev
left,208375,ff967de7b495d6501329e86da8f5e385315ad42af73cacaea5cea1c33a6ee109,dev
left,208380,ff967de7b495d6501329e86da8f5e385315ad42af73cacaea5cea1c33a6ee109,dev
left,208385,ff967de7b495d6501329e86da8f5e385315ad42af73cacaea5cea1c33a6ee109,dev
left,208390,ff967de7b495d6501329e86da8f5e385315ad42af73cacaea5cea1c33a6ee109,dev
left,208395,ff967de7b495d6501329e86da8f5e385315ad42af73cacaea5cea1c33a6ee109,dev
left,208730,30ddba683eb4969efc72528b053d9a7cd59bcde6d1112a068f094677230e9914,test
left,208735,15c867255e25b0d89399f45f10384b7b0a63dd3c446ccb60bcd55c0a8739b0bc,dev
left,208940,2f735b90e97899a0e0d99c155af3d7ef032b46649902682fcf6bb71526edf915,test
left,209365,6fe7dfa0a78b2f365b6bcb1d2fcb22b0019c3bdfeb411fb1ed657520b3fc80c0,test
left,209470,ddff54565a55c64640bde6024ebbffafe13d13efbe03077e60a0144d31927ef9,dev
left,209485,c0fd3017ad0d90a11dd702d9090f875d1c046ea927f9ac522b9440491af09dcf,test
left,21000,6e1ed6cac2613769176ec280f89cab98f0496bff73d5edf4717fef91ff0b7378,dev
left,210105,803b16132058ff61e2a3410ee5868b40b6c0449ce41c8026ea80f3a397835cc9,test
left,210125,44b4ee2f2d0151135465a0b2f7b5547f96b67754e40291c40b20206a55113715,test
left,211155,d0ca5fb2d3e2087055519a64f0290e7b1140cb884c60e481c821dd697e9778bd,test
left,211815,9b8eb6e7e4c22fd0a18d2d6c39d3db98712d422550dcb739614475e3f2377424,test
left,211820,cb9aeeda54325ef1f3f7af2d44346c7aacbd4ac7606b5387b4cc4024aad57a1b,test
left,211935,566fe3432c0cfe52cbdbdaec45c58c6f7371a4dd4a6cd99f57174ce1101115a4,dev
left,212465,acf6665fd85706fd594e7a8e44c32ca82265fc7d7ce54fa34957dc19f68ec262,test
left,213065,a5f741553c9b7a2ac6e8a550da3f6d2d13adb70fd32fe71a43da674851cfe990,dev
left,213105,3b37d5e68752fe0982f2aa106236ad18efecda71f4e8c7d2300b202d45f1950c,test
left,213300,4ca807c49539e44ff606e4df587dc8873c27cbaa9a1d2c9ce72f171588398ea6,test
left,213355,4888b10aff9461447d1e424b2b166f445af238c580e463643c6afe7c9cdadf39,test
left,213580,e1f6924032802975bb38c2d54e71450b173e029efd823f505e14876da8610361,test
left,213600,3a1e58d0fd4fd78090472f71ea5e286b80c71759032121ec88b6f065eb637b55,test
left,214010,3a5f24ade460285490887e385f557b683a830da84403862c9db533105903f2d9,test
left,214115,bf09960b33a2a5f5ec9460687489bd668e79fae22d1ba16c8f60c15ca0d7de10,dev
left,214185,87974d0c48e678edae7e6a844211b4d04a60325922cae6a6cc4081b8eec30d59,test
left,214290,bc67496a8962555eefdf6ef54255589629fe88ebe8c8d3a7f481108eb546eb9a,test
left,214390,d3743e185b93ac16dfbd40010c90db599d118d3224749e1047b6de296f5a7407,test
left,214395,e247c3983ab35efa57170c5e77d0328221e7fb40852ef6b67c171825ad1dd1bc,test
left,214505,ad31a5fa79e818297f77765829fbee8e1597c676a551f45651e99ca2360db2cf,test
left,214570,07259dc85de541acd03598b12cf4f67d603fc16e29ff561482f4f472bddd0650,test
left,214650,1b5c4c883ab24564095c25278b5b3a0bf715674f59b44e6d0fb6b37d8866af1f,test
left,214700,436796d7b5233a7810392e3c79ed13e390dfc8e0b09c02118d95ebc3dd4dd0f1,test
left,215400,35711b830d28a25f665053520846df0a2fb7fb7b719e655e17bf67de85fe845b,dev
left,215440,8405e21c6664faa0bf9745c99cd37d9d17c11ec1ba44b72d39bcc05cee8b1b53,test
left,215535,ad31a5fa79e818297f77765829fbee8e1597c676a551f45651e99ca2360db2cf,test
left,215715,2084fff87a40e1ac9097615449c216455d753e0f704c29da70c1637f9a075685,test
left,215970,2146a8ff7bf2215c62516d7c17e583814f6f38db4726e1f6eda2814355775348,dev
left,216005,0da7cb02c8c6b1beb1db9d77cd0c70bb2c7183e082ba0c83e286615b13bc6df2,dev
left,21605,566fe3432c0cfe52cbdbdaec45c58c6f7371a4dd4a6cd99f57174ce1101115a4,dev
left,216125,f4ce3a8bd119ddd290325502cdd3bfbc9987032a60ae312287553d463d3bc443,test
left,216255,978f076b091a9b9a0d02ff6b280326a8a5175e22f52f9a4c39b34955075e07e8,dev
left,21710,6a5b42dda06ba28e4c31422f41bb300918db5320d6f68c67e900ff507a2df106,test
left,21715,07835048e323605b246d4ba106e46f24de0603fe0406abf55ebe3a1f1c1fe60b,test
left,217425,5e17b873e82799cc9e1fe219fac45d4ab46741f9f9ce3de847b15eb2d27b5c74,dev
left,21745,3ceb81b358ef79918c4eb4c1ef76479fa4cd51379b77b4119b1fb275bede7945,test
left,217485,72b8a4769b8c51b9d086cab271d8fb923fc63d9add9d2d643081e96a0283e87d,test
left,217640,3c45589969a8375b126d312d95f12f30e8172cc85e026c62ba47f0a0b84e6b24,test
left,21785,9ae8c5168437b440724f2689ecc70271596b6d9d3900adacc889fddb9272b5bf,test
left,217915,3ed6ffc4f984f40713248e30a8a61307797ce72cef8ba746d141a52ef3734280,test
left,218000,63eb65f0de468cac93733a1fb3d368efd00cb52e3e4cf96b8fa5737c4cc2a4a9,test
left,218035,ad31a5fa79e818297f77765829fbee8e1597c676a551f45651e99ca2360db2cf,test
left,218065,9a7fccb53ab2f92b8658efa96b136023270b726c2d0f0c03c995fb9fd6d2ed7c,test
left,218075,d2f72083ac8a99636e63f45505cfc61c26fe29ebea70a86563255c79049ed779,test
left,218130,3a326805005546c7074467fdf1aeefbd11c359d4281af56949e97d913b269a1c,test
left,218155,22fbdb3365c11f780902d65ddbfbb993ec29a490acc0342f5570c40b3d17ce02,test
left,218305,36df599a351d1d2f6ac5012d190e83448404b2cec505fc24eca6dd3e4ea70669,dev
left,218320,84221a7e287bb44383a707d61f0247777d7142281a2ff168d5057ae794a36738,test
left,218325,84221a7e287bb44383a707d61f0247777d7142281a2ff168d5057ae794a36738,test
left,218330,5ef8163588f894036c1a8dfdf58cd71706a1af5a94e00ff4e73ebe27df4dfaf0,test
left,218405,f684fb568e223c36712107a8f5b4223d70596c715d975991fa90a916378cd606,dev
left,218420,f684fb568e223c36712107a8f5b4223d70596c715d975991fa90a916378cd606,dev
left,218425,f684fb568e223c36712107a8f5b4223d70596c715d975991fa90a916378cd606,dev
left,218435,f684fb568e223c36712107a8f5b4223d70596c715d975991fa90a916378cd606,dev
left,218445,f684fb568e223c36712107a8f5b4223d70596c715d975991fa90a916378cd606,dev
left,218455,f684fb568e223c36712107a8f5b4223d70596c715d975991fa90a916378cd606,dev
left,218505,5e17b873e82799cc9e1fe219fac45d4ab46741f9f9ce3de847b15eb2d27b5c74,dev
left,218510,5e17b873e82799cc9e1fe219fac45d4ab46741f9f9ce3de847b15eb2d27b5c74,dev
left,218520,5e17b873e82799cc9e1fe219fac45d4ab46741f9f9ce3de847b15eb2d27b5c74,dev
left,218525,5e17b873e82799cc9e1fe219fac45d4ab46741f9f9ce3de847b15eb2d27b5c74,dev
left,218535,5e17b873e82799cc9e1fe219fac45d4ab46741f9f9ce3de847b15eb2d27b5c74,dev
left,218550,5e17b873e82799cc9e1fe219fac45d4ab46741f9f9ce3de847b15eb2d27b5c74,dev
left,218555,5e17b873e82799cc9e1fe219fac45d4ab46741f9f9ce3de847b15eb2d27b5c74,dev
left,218560,5e17b873e82799cc9e1fe219fac45d4ab46741f9f9ce3de847b15eb2d27b5c74,dev
left,218565,5e17b873e82799cc9e1fe219fac45d4ab46741f9f9ce3de847b15eb2d27b5c74,dev
left,218775,398871ecd752315b9324dd615e2050fa55ef2a3ace4bec703f61ed7c2710e796,dev
left,218790,398871ecd752315b9324dd615e2050fa55ef2a3ace4bec703f61ed7c2710e796,dev
left,218795,398871ecd752315b9324dd615e2050fa55ef2a3ace4bec703f61ed7c2710e796,dev
left,218840,c6caf4aa68dd84cab171efe84f29dbea9a73799da0c672b92c3be9c1e291d08b,test
left,218845,e17b2e9faada742336bbeca5d061f37b2ebfe4f73fa09020fcec9af745ab3783,test
left,21885,ec7983090812150dda94eb49b54b8e3d7c5a20219b418a1861a7b8c08b61f17f,test
left,218915,f355c2caa336bec780076074fa88e697683f6d9fac4f9937dcdc6c83194046ea,test
left,218925,f355c2caa336bec780076074fa88e697683f6d9fac4f9937dcdc6c83194046ea,test
left,218955,9793f7b93132d41f5bd32cb40f2c94ecf534c758767e0ce2781597eed399ae96,test
left,218960,9793f7b93132d41f5bd32cb40f2c94ecf534c758767e0ce2781597eed399ae96,test
left,219025,5e5f9836dce0c6b6bb8fa4ed8626d8e5896600f65d1ec0113c33f4c1a37a7472,dev
left,219090,acc3906af292687aac21a40409c4f3c977c6672723074508f89696a2d12286cb,test
left,219095,185338f715fecf6e998544dd5fad765d143684811e328ca212ac883eca277e92,test
left,219110,185338f715fecf6e998544dd5fad765d143684811e328ca212ac883eca277e92,test
left,219115,185338f715fecf6e998544dd5fad765d143684811e328ca212ac883eca277e92,test
left,219155,738859382642622515a2d9a3287620a0d0fa51e6104ee608918e4fe160b50254,test
left,219166,28006d5caf526e3bf9b9ea6dfa74fd1196dd15d8d1079f7842a74b7569d8c5cc,test
left,219205,183741038f51f2fa72bd47863b318e3fdca1b8f82e5dacf1ae67f89f47158cc3,test
left,219210,183741038f51f2fa72bd47863b318e3fdca1b8f82e5dacf1ae67f89f47158cc3,test
left,219330,8590dba6cdb5adc3dd4c0168dbcbd50acbe1f5797d3e7107ce240aae40336e02,dev
left,219390,92d1111cb6285c11f164fc1dbb6e6223c7467853103b585ba2c39299fa771ced,test
left,219405,9352a1dc041113590afaedb86a97a1e054bb1f3675c6dc17455640f370498f9c,test
left,219505,705c12948baafaced973230377630445a7ae2977e102f85d1d106e51fb9e021d,dev
left,219515,47043eaf38cacd7060fa849a88c577b0c0ead7b27a8a3508c0383b9fc68c7fef,test
left,219525,92d1111cb6285c11f164fc1dbb6e6223c7467853103b585ba2c39299fa771ced,test
left,219665,b9ba0fb531d90ada778740ac0aa6d93b90cb753e75369018022541e7b0f96907,test
left,219685,b9ba0fb531d90ada778740ac0aa6d93b90cb753e75369018022541e7b0f96907,test
left,219715,4fe52eb4e39303092c6ed9c006f2a5e1458ed6b113d00f0a5ea3fd897446d58a,test
left,219805,302eb575553c9c49d328ce3692a5bd32a8714c7782c3be8856c95494c94a8e51,dev
left,219905,bebdc42824f24f2167e7e96cec01ebcac4ed4dcb08b56557072134c22cc218e6,test
left,219920,c3fb1e628458970348f82ff31175e71bbef1877815e5ba80c1a3159a0bf0f968,test
left,219925,c3fb1e628458970348f82ff31175e71bbef1877815e5ba80c1a3159a0bf0f968,test
left,219955,2f3142e392b674898b4a110934753e9d0cb1d7754baf02d4eae43b62d9b9e76b,dev
left,220,ee7500a4e9612c9a483027b418884bc9f51794c99a57dfda4169fd84c8953db4,test
left,220045,b1d863d9acf551cce75e727bcb4ce995e2abd22caf41598977bd8709b0f3c18a,dev
left,220110,5dfd02203b2f04b5f5e1831166fd06373b3282c1d3c6ba004f1dc740eb015f3b,dev
left,220135,56fb0063110c829ceecbb250615728ba35cb9d0cecf5b0a7e7c5ed840d01e488,dev
left,220140,56fb0063110c829ceecbb250615728ba35cb9d0cecf5b0a7e7c5ed840d01e488,dev
left,220225,244488ff1318983113a6efdc93f8d576842a9bef30a2419c9a47ebd90296f1d6,test
left,220330,71038caa542a2db065fdcaff3f45fbff0f36334e96a758bd5bb35fe8d6354363,dev
left,220340,eef01796f051628c84ce836f678bf7ac56c6391974ebe7d91d1714c63c721848,test
left,220480,5b80222deaa2fb3bc1a811e0eafd95cc88b41c0f3e21139196a3458a56d8c86f,dev
left,220505,9d10a61d729efb6ef06856585374ab58a477bdd06309b56d841747085a78fbac,dev
left,220660,64450a261d6229bb70572e6376027dcaa6d82908b2f76c5a502a92d418cf335b,dev
left,22090,d0b6e69e7daced8c63f7aaff9d16c63715d4354602001948c64239c47c6cb1f6,test
left,221020,2b7c30ba5d26f3ad30b2616778f37f771d459d6b26aef9290ebd4136b4663091,dev
left,221035,31f0957718de7781f0eec9ba0a62f5d1cb01ac0c08d120693c9f634242e7be76,dev
left,221060,102e93058fcf2b96b1be65356f8fe0750a30fdf509d4580d148ccc5a3cc1ab26,test
left,221235,383c3a6809adb49969f74f4d495c2ef2444219a17ad65a75287a15c2bc58478f,test
left,221310,8755c63ef8e6173ad2752d64b33711c616e489362169376d57ff6398b6a32e88,test
left,221450,19c6592206871056cfe11d82a65e1ff631288cb54c02cd70d3af1e9d1865aabc,test
left,221465,3d8df3da958125e786400c3d40538d7fb98c986313e7343a30196a6dd1d08b7b,dev
left,221495,19c6592206871056cfe11d82a65e1ff631288cb54c02cd70d3af1e9d1865aabc,test
left,221500,3d8df3da958125e786400c3d40538d7fb98c986313e7343a30196a6dd1d08b7b,dev
left,221505,3d8df3da958125e786400c3d40538d7fb98c986313e7343a30196a6dd1d08b7b,dev
left,221510,3d8df3da958125e786400c3d40538d7fb98c986313e7343a30196a6dd1d08b7b,dev
left,22165,dba6070b514a93e592baa2d136c5cdc5239cef744cfbde502e7e68599eb63f49,test
left,221690,b25eb8287aafa24d082edb7471b8e83d7b2b8edf3b2c8c9d7b2dfe981356775d,test
left,22255,25a677e1809bcd9d64c985077750c1d91b83278e4f00790827f94808089ba952,test
left,22260,25a677e1809bcd9d64c985077750c1d91b83278e4f00790827f94808089ba952,test
left,222630,ec74efcabc3cb5baa8d420d7043962a7bbc340a0e935b133b01e6fe9998e1f98,test
left,222635,9b96b580e778d5a4bc66274175c43a4d3547acbd92642b840097205f28cf566c,test
left,22270,25a677e1809bcd9d64c985077750c1d91b83278e4f00790827f94808089ba952,test
left,22280,25a677e1809bcd9d64c985077750c1d91b83278e4f00790827f94808089ba952,test
left,223100,8227b9d1ebe410aab6a2e4af662677b281e3d48f9047b935535a47f9d37b128f,test
left,223430,4e767edf8ab361c19861f36cd5bb4f233abe3bbccd0741b12c3b3330cc2a8bc5,test
left,223445,0a99b71a25e70ab74843a6d90f0d4d6faf664364cdbc80fea6be055bccb1ac52,dev
left,223490,772f7455e5a3c34308471025ab810c0e607465317b4fc9d804dd5cae7ca320c9,test
left,223660,9814b289fed6f519601789787e673fe8c1d5fae3b81a58c3fd11e1a21547c844,test
left,223760,4888b10aff9461447d1e424b2b166f445af238c580e463643c6afe7c9cdadf39,test
left,223915,70f9f2c088d1f57262a04852e1a36283b864e98996392d0ed1874073f5b8bb3b,test
left,223975,60e8f8e2e6414d911a6587b1e97ea6bd214e3fe0897c3164d3ddb005c79643c4,test
left,224095,d669424584a39553640d3005fd73851631999f167230d96c3fae655531c6899c,test
left,22410,596a21c871f0034c7216be2ad5f53dfbb335d9e6dd4df2c7f7daba7c916b9d89,test
left,224415,73ecf934b07d5f2f5834589ce9b753253ddf6a5956d865799e82294b62be3843,test
left,224555,13ec565766a734aee37b70874e4c938561e1e6cd03dd69734d22d3b0628040fb,test
left,224935,727b761e0dd63a3c40e9cab2a0dcd18ef124948446e9f8fd193142da21c1352e,dev
left,225005,5483d285e9aa734506ad624c1854075dc0271ef1a5a6831659bdea715c413c93,test
left,225540,028bf39955434f94e94c54eab7a725de42a5bf3b45bb394cede4c129af62273e,test
left,225575,9d1809498ac02bba9702509da91f4401935ac269b079f1d4c81a57f7c8969162,dev
left,225595,9d1809498ac02bba9702509da91f4401935ac269b079f1d4c81a57f7c8969162,dev
left,225750,fc3ec112b99639f750a750cdffb631a8e1bf0a0b75a709e699ff832c5585d227,test
left,225950,1648141ab813b41f765bcd2cd6227d5b06811daecdbd9f98e04b514749341fbe,test
left,226095,9b8738f32b4ef46fda3fadb41cec0b6fd6b4e22c96485de298d5ccfc25706b79,test
left,226205,3597cb47ff6f55c991a0f5ddd51ddc4cb24e59def91835e97203b8bbd65da076,dev
left,226210,6997a086f90aacd97ae0e4156987acc16c8e5d19a73a3832fec169dff7607d3c,test
left,226320,625f875f932e117982ae0c8d675fbcc3791b70640f82e71685c98313d869df18,test
left,226325,2cb7389e5e57f4a59f4ed4aa1503908416b6b9e1852cd474d01aa5a096ef4486,test
left,226450,b7064a3363e10c975601d0e1d3e4d5ae9c63f8cd98e16b9e9bc3cfab731f2238,test
left,227080,3a89caf4f477bd73641a5cce04dce69d9fda76c0ffe504c24b86a88fc72da241,dev
left,22715,f1b58ff9b3f0ba638cc79a17f54308418bdeebd7a0bca9fab3d11bef390416a0,test
left,227420,35c104844b658b7a0cff003ec791095b13eabb4c325d1f47dac6191a4ca55589,test
left,227495,9974646e1c94bbadf75245b4808570e350ed5c007dc7dc9b467906bef8365253,test
left,227520,5166cf2d34c112c166129357ab91ed21211bcc4ce74e407592ab456f77ca15c4,test
left,227640,89c829a5d60098fe1310559dcd6a304c4eb5abc39e749bb29798c38da0bfe5d4,dev
left,228245,174efdba0754ea8a353fdb65386e55d6779c466097698507cce1ea77aa4be6ca,test
left,228270,4b40f4fafe345c316ed5b13b09cd57ce78275612780183ae49ed4923989629c4,test
left,228290,27d98064d45403341634f87c0b64411db07576d829bd5ea336909f82b2fc14ba,test
left,228390,e14f4a11a53d0fcf5913ea6952dac06fb901f2e988fb5146ec7c496136d9e5cb,test
left,228400,6d892bb0ca404c0980d4057d286bb7f046254e470d1794f695c73fc3602f74b4,dev
left,22860,6ad03322c2829fd63cd07ee5ae461b2b5cbcca95e5a7a4db63142c3019d138f5,dev
left,228710,d2298401747b8363050a48ea00133146858bcb829243e23991536369899dfbdb,test
left,22875,e88969c6de84be91bf8c7cae1528a81cda8fe6fc91d05f65f58fe2970badaa2e,test
left,229120,e3d331bae756b346be02b4987aa0c767318c40ff1ec15c0e7b422115ba82925d,dev
left,229275,2d9a1d327eb189ff376a24598fd699305d958672f871f6db2d9dc2d14986b8c1,test
left,229320,2d9a1d327eb189ff376a24598fd699305d958672f871f6db2d9dc2d14986b8c1,test
left,229355,f27b07e94d697b262cc565dab7a3e78b57971e395fedc3cebf91296255f55fc9,test
left,229475,4f107377079e0c54f34365e18684a91b6b208fa6a009421cd2887fc484218f9f,test
left,229590,38bfa5aac55ad836eddc2e55d8cf4731f4f0536f277c418a74e95b76a3c448df,test
left,229805,820593348b39a11fb48e17d691f021daf9b8a5537e82af3bcac39f5344a36653,dev
left,229825,f49e0140363496a69f24a5b9cf030e071d267a8ca45f6a9123a4bdbed1ea9ffe,dev
left,229835,f49e0140363496a69f24a5b9cf030e071d267a8ca45f6a9123a4bdbed1ea9ffe,dev
left,229855,4f6f63c4e5f29d67521e41c77dbdac6864a137e4ec0f719a8d8b3d9cf792c515,test
left,22995,25a677e1809bcd9d64c985077750c1d91b83278e4f00790827f94808089ba952,test
left,23000,25a677e1809bcd9d64c985077750c1d91b83278e4f00790827f94808089ba952,test
left,230060,29ce9d2811e0de26b385d48ad551fe703f51381bf07e98434daee42ef6cb8d4d,test
left,230100,3c6a22a961e06ed848733be886b4a51a47a686b5483cfb2e59a4f9f26166e5ab,test
left,23035,abaf1ee89bbce5964cdebd31ef77f925bbd4b63b310ab3f2bbb8da65d60cb36c,test
left,230385,c72aeb4da4e9c2eceaa6c1c167680834179bf23437e0a8f08d99d752ca717240,dev
left,230450,f2cb8d3c8ab20c40f19a0fdbb1b025c7d1744c51740ddc7145de70d698686ae7,dev
left,230555,5f543b4a8db6ea4f174543af2d5abcda015fe354af0767f41983d0435d3329ba,test
left,230645,881cb7dafab1239945c322161ad1b95e63ee883fe74f5f9d5f126d00eafd3cfa,test
left,230775,0e6b14c249b2bf0b35f54ce8e88d4f7d141ab672fff44cc898120165ce722918,test
left,230855,bf498ca320430c1e8329e703e6fa760cb3151e2c14e88a6e7944fd756db5dba1,test
left,230905,fd7b0ce61815569d1f5321f3eed82ede1816e3c6e6bd1e47e57c1a86ab3a8ec2,test
left,231030,bf6d532a50fb1bfbc02d8c75d70a9dea885c16032a5084af3290ca1bcdec7552,test
left,231375,2db3d3cfe6a5b0920cb8fed1bcbd0719ff84120eb965a8a758f63a442567b74f,test
left,231540,04fe317014a60519d361cc1de070e31f5994b5fff5d11cd67d3c6b55e6ace532,test
left,231545,07909217233b071f0ee4b82605f359e0a47ba75da7b61b8ba546983527fecc9e,test
left,231615,07e4d5830f2702d91ed505e3ca7d95aff05e450ef135c8dbf51ba7c0553ed606,test
left,23190,52f9b59f76f5753a8c38348b40285123454c814fe899f593a6e22e0f43f2bf09,test
left,231950,1976fe18a8f7c856c7f1bf8d2df21f14002b25277596e4abc1b54293ce4e26dc,dev
left,232185,15021602d1c04979cb5d21bac6be21c85f14f104c863704d89fe934f753e8ae6,test
left,232210,5dd18ec141d605db1921f1c4883652c7506f922243434a8b7df73b57344dd861,dev
left,232230,9352a1dc041113590afaedb86a97a1e054bb1f3675c6dc17455640f370498f9c,test
left,232575,b807fb355e39d1bd64bb88ca9c735326751db82a2286264cb850a2138aab8738,dev
left,232580,b807fb355e39d1bd64bb88ca9c735326751db82a2286264cb850a2138aab8738,dev
left,23285,7849948a2195a9dcef2b3da356b5304cf33451bd2a7fe0f5fe3439d5edb5b6ac,test
left,232955,d58489badd469139e800f650b8b28c3ab3806f3539a060749cc46a55085a3af7,test
left,233010,e2f59ba4aadabd3d001bc1db6498759caf15f0a062d52dc45829a4bdac7b66f2,test
left,233100,2c364f40c66f5966a32fc117552443a50461b99b391e87b5ad2bf5fa9132f7ce,test
left,233230,a263aa6070c3ae05c11560e2793f71df41f7b196de4a0c5b91ca7dc8489e03d0,test
left,233645,d4fc347b5b5e57f4081adf31803303bb84e6e814a68905ac0ff2a80c4e0b75ac,dev
left,233730,c248527ced4f693793485d478f194696318c63c85c1379a929d61b045f8e1dd9,dev
left,233735,c248527ced4f693793485d478f194696318c63c85c1379a929d61b045f8e1dd9,dev
left,233795,5b3db869af419974de02dce1844cdecb4c4b9a1ec30e2a7f52f4663e58e6fcc7,dev
left,233825,9c2e98d78a38d02486b09b3bc89bf57a8c8ca0b7b2b670939f219261b7cfd868,test
left,233830,9c2e98d78a38d02486b09b3bc89bf57a8c8ca0b7b2b670939f219261b7cfd868,test
left,233840,9c2e98d78a38d02486b09b3bc89bf57a8c8ca0b7b2b670939f219261b7cfd868,test
left,233845,9c2e98d78a38d02486b09b3bc89bf57a8c8ca0b7b2b670939f219261b7cfd868,test
left,23405,f652f1faf5de1d80a9f4752681aa46ebab1c8a31dc704a7851aa84906e45f7c7,test
left,234375,b9ba0fb531d90ada778740ac0aa6d93b90cb753e75369018022541e7b0f96907,test
left,234405,b9ba0fb531d90ada778740ac0aa6d93b90cb753e75369018022541e7b0f96907,test
left,234420,6b658778fa8d9e248914f29c9eaa066217dedff62f436f4c3cfc59c22de9b2bc,test
left,234425,b9ba0fb531d90ada778740ac0aa6d93b90cb753e75369018022541e7b0f96907,test
left,234430,b9ba0fb531d90ada778740ac0aa6d93b90cb753e75369018022541e7b0f96907,test
left,234445,b9ba0fb531d90ada778740ac0aa6d93b90cb753e75369018022541e7b0f96907,test
left,234450,b9ba0fb531d90ada778740ac0aa6d93b90cb753e75369018022541e7b0f96907,test
left,234475,b9ba0fb531d90ada778740ac0aa6d93b90cb753e75369018022541e7b0f96907,test
left,234480,b9ba0fb531d90ada778740ac0aa6d93b90cb753e75369018022541e7b0f96907,test
left,234490,b9ba0fb531d90ada778740ac0aa6d93b90cb753e75369018022541e7b0f96907,test
left,234495,b9ba0fb531d90ada778740ac0aa6d93b90cb753e75369018022541e7b0f96907,test
left,234515,b9ba0fb531d90ada778740ac0aa6d93b90cb753e75369018022541e7b0f96907,test
left,234530,b9ba0fb531d90ada778740ac0aa6d93b90cb753e75369018022541e7b0f96907,test
left,234535,b9ba0fb531d90ada778740ac0aa6d93b90cb753e75369018022541e7b0f96907,test
left,234540,b9ba0fb531d90ada778740ac0aa6d93b90cb753e75369018022541e7b0f96907,test
left,234550,b9ba0fb531d90ada778740ac0aa6d93b90cb753e75369018022541e7b0f96907,test
left,234560,b9ba0fb531d90ada778740ac0aa6d93b90cb753e75369018022541e7b0f96907,test
left,234565,b9ba0fb531d90ada778740ac0aa6d93b90cb753e75369018022541e7b0f96907,test
left,234570,b9ba0fb531d90ada778740ac0aa6d93b90cb753e75369018022541e7b0f96907,test
left,234605,b9ba0fb531d90ada778740ac0aa6d93b90cb753e75369018022541e7b0f96907,test
left,234620,b9ba0fb531d90ada778740ac0aa6d93b90cb753e75369018022541e7b0f96907,test
left,234645,19cd69f7439a5c423d23afe06470f06ed4d895438d8cf06c6fde59ebe17108f0,test
left,23470,d11cee7e86a12ba2478543fe495188374ec2c08478acb6fcad2cffec62ff6bf7,test
left,234805,ed72637d8c0aecc8703cf338370de63cd299f810c876348f49ef4d0c766cf9cd,dev
left,234830,3175273ead1b57650025745205dccb31d0f75511ca5b6436576c1eb8932574d0,test
left,234840,eaf3b80da05ad624fbece9163baad742bb681d2d6d3e702598747ca4ac4ae8dc,test
left,234845,d58f9279dc1525cb8c024587eec631a0fa6c06cef06687909a3e471fd64bf1d4,test
left,235140,ac491484d4657d3f5befdb75a3bbb05a678814d7b2d71e0d0e629bc2b622ebdb,dev
left,235255,b23636a6eab0e5407e389aab1b9cbd1bc98aa821dc962cfa7986cd6ba4c09a55,test
left,235355,4614d167cbc30a91d2fbb1ddfedf851bc45d53f30b8e00452ed6a30743e0ecc3,test
left,235370,4614d167cbc30a91d2fbb1ddfedf851bc45d53f30b8e00452ed6a30743e0ecc3,test
left,235495,0134a6e841ccf68a94e6d9f57ad91f31755aacb5baf22bda817a41a0be61df2f,dev
left,235525,d008cc536cd7c0ec14be0747c4b66edc95a682cf391a8173701073f3b6ca2f83,test
left,235645,b96f41c5b5e48aa3f43d0138c17b2568fcd51d445a34c2c27a6e9471c135403d,test
left,23590,54e96807203ade3329dd45c5438ba89e0973917eeb1f34c16a449199050a89fe,dev
left,23605,981d08f8b80beb902f434a571f27fdb25e8d9da859df30484098201fca17ab6f,test
left,23610,6b36d95489542396200816dd5ad5bb9e2f6f2d2926bff26f5096b1a2406c359b,dev
left,23615,6b36d95489542396200816dd5ad5bb9e2f6f2d2926bff26f5096b1a2406c359b,dev
left,236980,38bdc35d5382c64c3ef705d631f35a0fda2f5362234b6af1fa035deb25a41303,test
left,237285,e4c2af4943e7e9cf17a132667524d170e34a0b61a8695ceea94770a66a9db795,test
left,23765,b15d55d62b0ee8296dcafcc9ab207cb985c0dc36ab618c298a517fca5a1d9ec8,test
left,237845,a3770bc6e99aeb2582d34818f3a87d542833b960d4baeae8ee4b6a3facda85e7,dev
left,238005,2cb7389e5e57f4a59f4ed4aa1503908416b6b9e1852cd474d01aa5a096ef4486,test
left,238080,9fd3dc5a4387fcd05955e820f9e397992adf834a50fb1eab19ef78dcbc5829d4,test
left,238325,64450a261d6229bb70572e6376027dcaa6d82908b2f76c5a502a92d418cf335b,dev
left,238575,9fa29a686cf0ba0b33dded7abd3ea2641b1e9ad1588eec49c7fce6f9a0f5fd35,test
left,239170,c0edb6a9f7aee3fd92a71809daefb68b29b6309860f2bc8100e2f9da1e6acf28,test
left,239315,36df599a351d1d2f6ac5012d190e83448404b2cec505fc24eca6dd3e4ea70669,dev
left,239340,5ceb1a61b852585cc45b905162e78752e84866fc00a11eee009146319484967d,test
left,239420,e5b9d45fa14c4834e7b17e135217dacfed8e1c4ccc24c4042e06337fd5a77027,test
left,23975,8034066aee23c888d1c0a597e514977871dd129cf44d97b51d3db596e6d781ab,dev
left,239855,c49e657ed74097ad6c3b9a9de4b732cadd7a23a20983e8f4db1da35de50c1129,test
left,239890,c49e657ed74097ad6c3b9a9de4b732cadd7a23a20983e8f4db1da35de50c1129,test
left,239895,c49e657ed74097ad6c3b9a9de4b732cadd7a23a20983e8f4db1da35de50c1129,test
left,239925,74d382a6d496bcea773d4e355e08e9bcf7f9a1e7868f35c758501b3922e61c76,test
left,240405,7f42f8a4593cec58551bd736d6c02c0bb1d1aa8847b5f5a8ce424bb1058862c4,dev
left,24045,b6aefc0dda64955c712315adb1d7777e14097755bd16864f249f69921dff8cf1,test
left,240670,ab929de63ed8c3f74c8d35d23eed7b6e6226a36b24211c065924f0d06dfb356b,dev
left,24080,a260b0825ca5e73758df276205fea5721a02e7170222c78cf5cb46a32c326c38,test
left,240820,f3c37fe647af03c5df6f6860dac15c8fc04fa46a82da016c6b84d3dc77ddff7c,test
left,241175,62cec5fd20aee3200574a0dd9c183093cd1380b18247fcb59ca09207c0de78aa,dev
left,241285,4398dcda264e0c0c6856539c76ab6067c6c56d2385591e96bb8c1c4daedf242d,test
left,241355,2a8f6887bb2d18ceda16e566478af9ba8d979e92076866f0f2de927aeffaac43,dev
left,241550,29e4ade94e81cba1a6a0e7909f0c92ad3a201406f39044681cec11d9f9a7e49a,test
left,241555,8cadfe1425de9fba1f0ac177916bd9ec0f9ec11f342b0c107217179c1f4f2ab2,dev
left,241620,54dcef807b29a7d7c611a6ae58b220805d24efa512ac0b9e5ef8363b11b3a199,test
left,241630,8fa9c99704e9aa03faa01739e4d09672242f7f0f765dc1b175af72631fd65aaf,test
left,241675,99e966a6a2d2894c25927bde1c4645134dc9080a7f8ba0e5fa2ecf81a09f2a47,test
left,241760,cefcb835ed77b41069f1c13a6d0b19fd11cb583e9ac070a9342e2ba4e0b9884a,test
left,24180,009c7bf3b1cbedc7f17cd4a5d9f03e865b0b479f9f5f743586a7366832e33489,test
left,241905,6da1058345377e26b37b38745103581653b7083b0ffd9f5940595d974674f23f,test
left,241925,82c58f3672bbcbe378e21ee7744d3df6815e20de28ecb16d90ea6428f6d0e13c,test
left,24200,c49e657ed74097ad6c3b9a9de4b732cadd7a23a20983e8f4db1da35de50c1129,test
left,242075,89ab768cf4053b66eb2766b7ebd905095e5d0c89bac5d479e1d3d1fc2f0edb90,test
left,242085,89ab768cf4053b66eb2766b7ebd905095e5d0c89bac5d479e1d3d1fc2f0edb90,test
left,242090,89ab768cf4053b66eb2766b7ebd905095e5d0c89bac5d479e1d3d1fc2f0edb90,test
left,242110,fe47469b01afc87c40d2a88b4e47c1893ac0d205fe7129a563162ab635b69016,test
left,242130,89ab768cf4053b66eb2766b7ebd905095e5d0c89bac5d479e1d3d1fc2f0edb90,test
left,242160,f9df11b0ad16fabb981266a02ebe006535e5f0543b631c7ce74368b02f0e1b08,test
left,242295,89ab768cf4053b66eb2766b7ebd905095e5d0c89bac5d479e1d3d1fc2f0edb90,test
left,242330,89ab768cf4053b66eb2766b7ebd905095e5d0c89bac5d479e1d3d1fc2f0edb90,test
left,242450,a7d85b94ce5d6765d7ec844e89fab08311ab9fd454d7f85ec77d2ccd8320174b,dev
left,242470,38a37c61f2063a91efad821b1a2357a4d35cdb65b2b4cc05acbe12cc630943ee,test
left,242500,77f75c0fce682848d8ef08ca189eb7795fbc57367bcd7b38993d23877180d424,dev
left,242510,3059b655d59b4da68e49e3dfe4a41f374663f88f3414e01bfd0a9138018a136e,test
left,242795,f5bc76c2e531e923b17e95a1c93112323df2bc29c38c1ffe0dc6f101a3b26c7d,dev
left,242880,acb63539e306aad63e304fc93c8fa7ab261e491ef1c5f568bed0931c4d6f47d1,test
left,24290,9a7fccb53ab2f92b8658efa96b136023270b726c2d0f0c03c995fb9fd6d2ed7c,test
left,242940,db1f53401b4ba52ca0995c5b6a32015e15fad96e55b13a6597da6026301b6381,test
left,242985,60c42fd804d0cf5596ebdabb221a197d50024e4a040746b1de8d50a27641c6f6,dev
left,243165,8d9490a0cae1bab1af70081dfbfd069f065f8a14954f402cba70219f218414a2,test
left,243280,b0e01f5337edba911fe7cd74bc128246085e42f644ad9967c57e6162da268740,test
left,243700,dfe770ae3e4dafef8e2e38d7a15d2f803db327ed0d40c81684b371b86a7803c0,test
left,243705,dfe770ae3e4dafef8e2e38d7a15d2f803db327ed0d40c81684b371b86a7803c0,test
left,243860,27b1e4905a1005a6351cc884c74ea54f95400b12e53fa47fb76d002d0b1f3045,test
left,243905,31a34fbb4dd0eb5ddd3ca62f7e366ecacac35640c761c68cbf2b072aa79165c4,dev
left,24425,670de0e477d879bd68edd23171ce8bec88deb11f76af21d7cd293489b95f8517,test
left,244315,394724f8d39a1b93a930abd0d95100fa396715e1b1ca1b8a536978786476781b,dev
left,244420,e998d212149fed323f5721f004b095160034ab3960e7e35f588f604d7a7f74cf,dev
left,244495,a59b4e64d9273684db005d757c3a9563bd3d32efaa11335e45ab216f45414188,test
left,244610,a236d8631fbe0b8c2d6360fdafcd83130c33792441cfa704c96aa4d0171664cf,test
left,244765,cb9aeeda54325ef1f3f7af2d44346c7aacbd4ac7606b5387b4cc4024aad57a1b,test
left,244770,cb9aeeda54325ef1f3f7af2d44346c7aacbd4ac7606b5387b4cc4024aad57a1b,test
left,244945,596a21c871f0034c7216be2ad5f53dfbb335d9e6dd4df2c7f7daba7c916b9d89,test
left,244970,596a21c871f0034c7216be2ad5f53dfbb335d9e6dd4df2c7f7daba7c916b9d89,test
left,245030,480997c5a984c3be379db58e98bc0b6fe06f3a9020cd3cb630a0c6f09787e756,test
left,245235,9842af65fc6d0bd52e0efff8c16bac39df55ff19b431d1401338fe86e180e21a,test
left,245305,a57ae05d089707d692608d03ff5d67426068b37cfb965f0032a5087b413dd6ec,dev
left,24540,de5e437ed1dad22cfccf7f0b4439aab42fe1611d9c675b2557c4707b1357a3ed,test
left,246165,d715e3cdb1dbda7539e5b07df06e9c08251d16ed62a09c1b957931b31a9d48e7,dev
left,246675,03197b90f2dcfbb5bfdbe1a34a386d2d993715e7dc2c388fe29118f0cc86938b,test
left,246680,03197b90f2dcfbb5bfdbe1a34a386d2d993715e7dc2c388fe29118f0cc86938b,test
left,246930,1e08657442aa0e7986df18cb8ba445a202c5fb0e3d1f8c8473ad67c6e6e33490,test
left,246945,508b4c2a12c5dc2e97c94d1cd5b75843db24de413020882cbf1d21cff859098b,test
left,247175,cda1a0b5b8634798af5d077e37251b9d72509d96d77e9fcecda4c625039467a6,test
left,24725,028d30d402882d5f602dc4c167c7ec18b54ad35f530e98c7ab4d28c5a5d80821,test
left,247370,0df51d8c6b594806838baccd4e2df94b3f6499027657e3e6157aa724166876c0,dev
left,247375,cc02f642c4263e71e328aea4052ce3ff2962d730af59c537873de7e27b00c40f,test
left,24745,e454fc2e2516cb77cf931a0616bba1854cf8ba93edf38335de8c0c83e5385268,test
left,24750,e454fc2e2516cb77cf931a0616bba1854cf8ba93edf38335de8c0c83e5385268,test
left,247655,778347fc582c69847809865c0e70a93fe6186d7aa45ed0ba8f280845c2a38968,test
left,248035,25ae6d18f1f6e078faabb84886249c5849b6b133b40b31d43685c945035531d6,test
left,248040,908c088a69827c8bbf09895f3a99b1eae6d504f439cdfcb27b36b3aa7742f8aa,test
left,248045,25ae6d18f1f6e078faabb84886249c5849b6b133b40b31d43685c945035531d6,test
left,248080,50209523864c2468d56c792a8380786c0f75e3681945965cce0a9b7f3f044616,test
left,248255,c041425ccc65db0ee13bb9e67b3a220fd6ad9f4e83f1a46bd41fc5d7221e3d19,test
left,24830,1e8ad92d0dc38331d1f36690f06a08d2eb93be89b7ea8aadfc83a5ce8a4794b0,test
left,248745,5d3a611d85b8bb4d940792b3c333ac7d08291368931762516c46a383423b79d1,test
left,248755,a456faae6164e76d595579cc0a599842e38fab2a310c6fdc3cabec79e37a3888,dev
left,248775,a456faae6164e76d595579cc0a599842e38fab2a310c6fdc3cabec79e37a3888,dev
left,248780,a456faae6164e76d595579cc0a599842e38fab2a310c6fdc3cabec79e37a3888,dev
left,248835,5d3a611d85b8bb4d940792b3c333ac7d08291368931762516c46a383423b79d1,test
left,248865,48ed4877adb0660e0922ddacc938e69dcf04a840a10d249c7880f80207c630b0,test
left,248925,b4f5497d781dd255fa34fcd31f3b8be1ded26fd1d644da859689a2dc48ea4ca2,test
left,249005,0047cde30d2bdfafae900f3b9fdeab32328622fccb2f13c2429481bca55fff3e,dev
left,249080,b942a79075d346ec50590f45f7a7b5021a458d2d4bf257d1429ffe3b1967ef2c,test
left,249490,2e57a87824101eda0c50de878167cb8b6972f61339d48cb4d22a198769c0ad28,dev
left,249505,71303c2560b3719fb2204ed5fc4784d11ad88cde1914b06ae33d2be4d54adeb3,dev
left,249530,704189def65cb3dce5aa26bd672a482ebeb84b1c03309ba213bb17ecc1b349c7,test
left,249730,e998d212149fed323f5721f004b095160034ab3960e7e35f588f604d7a7f74cf,dev
left,249745,e998d212149fed323f5721f004b095160034ab3960e7e35f588f604d7a7f74cf,dev
left,249845,7b242e57b12ae71c8c3d4c71f8338873aaeba4525dce891f1ac9c07bb46eb2d7,dev
left,250060,58aee55dca271975d3a041be49561fdd2f99628d2b6a20948e9054d7d011372a,dev
left,250065,58aee55dca271975d3a041be49561fdd2f99628d2b6a20948e9054d7d011372a,dev
left,250070,58aee55dca271975d3a041be49561fdd2f99628d2b6a20948e9054d7d011372a,dev
left,250100,01bcde0bec211d555835f1cf79f70654a957a17506e472d993647ea73ff64b3a,test
left,250110,b6a92e6541af093af41409fe3b5b3be3b15cceb0d2fa5654bda4dd291d2fc639,test
left,250510,8ef94662cc0e8b794e56bf4a4ee93c68da5bf7e7547ca0fa583085dc418ad6f8,test
left,25055,618d487849106a2b6eaba43d5eb8053019ba5170e957cac9409de03fed282903,test
left,250600,e16657ce0196674f317a065a8f9b42fb5ac2cb7b397ed6503017d086ec147692,dev
left,25100,078e7f0f494b697363a1d428942b41c6fec2e14d5f2d899ec48dab5fdcd3cc4f,test
left,251030,dc8b40f71cee0016e9e59d43415acea2ccb8b7c3db491c018a84553cb808b9fe,test
left,25110,c1430558dfa5eff593311a85d2c13221d2b6c6266f66d60b315ef9e0df18dd4f,test
left,251285,254d83570f51e7228668120a5b25c5112f7bc8f94ed37384a3754b820c919a50,test
left,25135,b90af9106c77c4698c021138b0af45cfaa0bc5a0da495595340c041072e9a9cd,test
left,251360,356069d111880323d06ff8222b9cc903f66152769ba8172a0be117236f48b2ae,test
left,25150,90b6867ea9da2695f3b4e1e8b5d8d39980aff86a51c185f8a557c0af806a8f74,test
left,25165,2cb7389e5e57f4a59f4ed4aa1503908416b6b9e1852cd474d01aa5a096ef4486,test
left,251745,8aaba9f368574c977d7f69f1fb06c970a7d7987352833e108983a51b9263cb6e,test
left,251900,9ace26265a9fc6da3658360689121328614da9321de7597da6f9d55672e88e9b,test
left,252000,4d4142ad59f5ed53dcf631b46e77507aede3bc87520c10a7ef89f1d60b0f2456,test
left,252245,587f102e61dd49a232ad590cb0cf827674a2fea76fae0c5d7a0ff3c9fd1ba9cb,test
left,252650,a5aac6352fa073fd8b32cae9f3405786a4227751121455f6c85d9284796119d5,test
left,252685,09483666039164882ae73044e2b5b29ccb5d3630636a259ba751bae4707d08ad,test
left,252865,fe3ebf42086fb62e338262400b2832c8ff7f6b2f676d9752e66bf52710d1548e,test
left,253060,73393450642d3a9db97c4407b0afa4c3d62ccb8356a59239e205214b2909c872,test
left,253215,362b729380499282ee9f8ed77023798f63b019e76bd8787f8afff965ec4a4f69,test
left,253300,ddff54565a55c64640bde6024ebbffafe13d13efbe03077e60a0144d31927ef9,dev
left,253305,ddff54565a55c64640bde6024ebbffafe13d13efbe03077e60a0144d31927ef9,dev
left,25360,0e219386960e67d73f4a39ca7cfe0f119c7b13fb6dc24fad05e5e88993871320,test
left,253680,6ca173c709449307d2fdf3b0d41251637ccf94016f5154f6718ff851456ba421,dev
left,253705,10aae96e302170a25cec64dd089696d0042f6ac0a3bf806c9cbd11a191715a77,test
left,253800,944044e712f6af0b38ec79c46dcef83e1c519ba487b8c5d74bb3bb73032545ac,test
left,254155,078e7f0f494b697363a1d428942b41c6fec2e14d5f2d899ec48dab5fdcd3cc4f,test
left,254220,078e7f0f494b697363a1d428942b41c6fec2e14d5f2d899ec48dab5fdcd3cc4f,test
left,254250,8264ceaff867ef4951fee6fc52b406cf34c76d0c433bd5e0bd802cdad223893b,test
left,254350,bd555a162fc660b0e8ba45a9d9b6b649c62823229cec79c2eb467edac2bc4958,test
left,254480,bcfed6a94f95659b1c849db245a87e8535a1ac3bc54f8afa342ad3c343376fd7,dev
left,254580,14aac231ccf29064006f285983823038b5d6c486604bf242d67d5e811759573a,test
left,25470,e57b3da41808c43035a924aebb8c064aadbd44e958b98cb95010bf0aceca2eeb,test
left,254725,5f7b60783b1289cb4a20d00d0a49ba99638b9efb28f7bbe5c098df6945fa4942,test
left,255105,8d6b8e217ed5a39b4bbfb66b47cb8ba740fd470cd5a0e9a3edace231d0ae4e8a,test
left,255230,1b0e552f401a5a1c07af961790e72b62d73b7b87f88be4484fea4ab9d3d95d12,test
left,255575,51ec1b082073a041ca46df8ec1bb66d74cc4c0fdcb302d4b0c6a43877db228a2,test
left,255620,9176887e1f20f1d1343a628ba7ba7c9e7a10ba69dd97557b7718117838ed0e33,test
left,25565,6b6f1aeb6e72a82406173011d5870c927a30f200c721a7a800e12ec79ac7d94b,test
left,255820,4b95850358da42cc2d39060af86b31af3d0fd50c793dbc0479a4662686fcae26,test
left,256110,820593348b39a11fb48e17d691f021daf9b8a5537e82af3bcac39f5344a36653,dev
left,256175,9842af65fc6d0bd52e0efff8c16bac39df55ff19b431d1401338fe86e180e21a,test
left,256340,c0edb6a9f7aee3fd92a71809daefb68b29b6309860f2bc8100e2f9da1e6acf28,test
left,25645,ba7af0c34eeb276860aae308983866c12cef329f499af65c40916a8f1a2381b7,test
left,25650,ba7af0c34eeb276860aae308983866c12cef329f499af65c40916a8f1a2381b7,test
left,256545,6cd066e89ec5718ea112e7ae8bc4f02b69c9c15426cab09b823d33b629f804a3,test
left,256580,6cd066e89ec5718ea112e7ae8bc4f02b69c9c15426cab09b823d33b629f804a3,test
left,256585,6cd066e89ec5718ea112e7ae8bc4f02b69c9c15426cab09b823d33b629f804a3,test
left,256615,6cd066e89ec5718ea112e7ae8bc4f02b69c9c15426cab09b823d33b629f804a3,test
left,256675,fa980736086b293d39efc1808af34c736e1a1fed58f4ec633bbafb12a35671d5,test
left,256855,180fbd13ec5ae61542b11387d4d7a9e5ecebf420b2aafd9c49faedb3a4e015b4,dev
left,256945,5166cf2d34c112c166129357ab91ed21211bcc4ce74e407592ab456f77ca15c4,test
left,256950,57adcf2e2a2858715656f9a8e703a86f202fa2dfe44fa2d33f77b0254617c026,test
left,25720,f2040800d48fb19c3ff0164f35d0846f6002c22e2fb8eaf14f10fdfff551a5fb,test
left,257295,58ad99a08d8031f677b46e2a1a36789c2fb755307c3009f9896e3a21e24b4a30,test
left,257300,58ad99a08d8031f677b46e2a1a36789c2fb755307c3009f9896e3a21e24b4a30,test
left,257345,6533f6d36244065ca1b2cc22b26260f7eed302b1cbacae6910f71145118ccd87,dev
left,25790,a1cf57a4eb901bf1c8b74217bc6f3a6c4f2e24c856d4d625a1b6a6406856a06a,test
left,257900,8fc269c518b0500a3b0535e1830fb0fb1ba2a0d457512704002ce190cb924221,test
left,25825,4cc21f4bb09ecf0a3ada3d306fbb6877aeefb9685509c374645022bc598e63bb,test
left,258270,baebeef490d7989448eb6d1d7c8aa0762fa5bb244273d541c18b0d34f31be0ae,dev
left,258275,42da0adad8997c192897243e490f991be6f54e208e99e5932d3d6d208ed79366,test
left,25830,4cc21f4bb09ecf0a3ada3d306fbb6877aeefb9685509c374645022bc598e63bb,test
left,258310,c56e460ad9b0b4851319a9d8a41ab9676e61e48980cd32263b7333c2bc849a1a,test
left,25835,df0369bcd80405166c52be8008112a36054852dcee88ffe9a81503af24424173,test
left,258355,0da7cb02c8c6b1beb1db9d77cd0c70bb2c7183e082ba0c83e286615b13bc6df2,dev
left,258370,0da7cb02c8c6b1beb1db9d77cd0c70bb2c7183e082ba0c83e286615b13bc6df2,dev
left,258475,4422b827ee4a3f1b2b20b34050a567878723c16aa7f59e1499a6471f7a6aa15a,test
left,258530,6dc7339353671bc35c24719aa0b37f689452ef1607e62d8872b82390df2d643f,test
left,258690,59d32d3b89fd1068b26f35a487944d97db734614a52eecf06acf4df987943b8b,test
left,258795,64450a261d6229bb70572e6376027dcaa6d82908b2f76c5a502a92d418cf335b,dev
left,258880,3d44e1d1a3dc76d3515d7f580f1bea01e9240125ea1fea78ea017ae97bb5cf78,test
left,258885,e4edddf0b4f118cd07b7620fd50bad87accf73af94b683a064b8ac3982fe61ae,dev
left,258955,c5cab1aacfa3cd26110e08e08303085ed6e57633a71330178e874b6c86c83f16,test
left,258980,bcbbdffb082869777c2503905a40fb70bc3794e818042300560622a960896757,test
left,259025,1b0b077671525a4652fd818afff79fe5d807a29b59f2ca84bca6c68a8b2759f0,test
left,259365,dd9ed18c42c01a846e01e5129c84cce7cae37a7e763f4673aada39aa347345db,test
left,259405,ada7eb2801903bc5fda043e91b3370ea8a36850c762bfa27b0562e99b618ad48,test
left,259690,f6f52ed1c84c612787b4b02966adbf7cfbcad5d669f3b7af5b87e4373b60b99b,dev
left,259770,7bdea96df292160fdd8879b8baf145494d5796e5aae0a26e7cb3560756facff3,test
left,259880,ddff54565a55c64640bde6024ebbffafe13d13efbe03077e60a0144d31927ef9,dev
left,259945,efa20fe7169030a71cf60ee9f86f52ee493325191dcfe594fad14f95b86357c2,dev
left,260010,b9b90f1c666d917386c751e66643737b857971bdf308fade4e0d281d4a0210d5,dev
left,260075,b9b90f1c666d917386c751e66643737b857971bdf308fade4e0d281d4a0210d5,dev
left,260225,b25eb8287aafa24d082edb7471b8e83d7b2b8edf3b2c8c9d7b2dfe981356775d,test
left,260265,738859382642622515a2d9a3287620a0d0fa51e6104ee608918e4fe160b50254,test
left,260340,738859382642622515a2d9a3287620a0d0fa51e6104ee608918e4fe160b50254,test
left,260345,738859382642622515a2d9a3287620a0d0fa51e6104ee608918e4fe160b50254,test
left,260390,61818d44fb03bceda0f3c8fe40d3afbeb739de3d46fd3fae58cc7dadd83aba5a,test
left,261170,07ace2f9a2bd7a16dd43ec42224f41a86ad675811c60d715dfa6ef4fcc2ce044,test
left,261335,07ace2f9a2bd7a16dd43ec42224f41a86ad675811c60d715dfa6ef4fcc2ce044,test
left,261630,cda9ec0e158662c50be8c345966a53b4d80211f69595c49fae844cc2e4b9abf8,dev
left,26165,35e2860519657c1ffa1a0f14b76e3287d20c5f9798cbb0202f795fb12f813514,test
left,261985,db671a49192cd3fcd837fae5333a617704c396b7fa3ce549add7d2f973cf2386,dev
left,262235,73fa8a86e94ba7c78c6f0aadcc8377a63d940fcd8f40a74322d790ef19d0b1fa,test
left,262265,f8a47edd508aa56325189e91f0d7ee27c1b63af2df04d72e2e61d4af0cc207a0,test
left,262360,f991e81715f867c4fa277de082c8a638764a971d0c2798b4577022b288808d18,dev
left,263205,bf0c04e60e8210faa89e93fe273e0129fb93878f2ab3d7814c80607fb2c0a3ac,test
left,263320,6cd066e89ec5718ea112e7ae8bc4f02b69c9c15426cab09b823d33b629f804a3,test
left,263375,62ab6f4b7e363614c273d00e9b6861adc48c9f6ed15cc9c5b1a201b2ec73ed84,test
left,263475,07909217233b071f0ee4b82605f359e0a47ba75da7b61b8ba546983527fecc9e,test
left,26355,8ae55a14760cf2c775c4265aad2fc0b5f1bd53ae9775d46f150783ef07fe93cc,test
left,263690,3a4e8d8936287bac42f8908ba1b6935e047c898f8faf8447ed3754a7cf95eda0,dev
left,263700,7bdf7d3a630285ee95d6a66842464285b6805de29d31076ea9737ffda5a1fb60,dev
left,263740,9b8eb6e7e4c22fd0a18d2d6c39d3db98712d422550dcb739614475e3f2377424,test
left,26385,8c97ac4e4d200f77a4afe66b43bec4254b8a87fad568e57cb45c07c11f6da682,dev
left,26410,df187e14d55238e1c6a3043b1c599c03efacb3f2024d9f333ae4a4e3ebacde6b,dev
left,264115,7751e16027d83587d7294854243cf65600af8d4b6a982b60fe6f5fd74516538e,dev
left,264135,e3db66a7cf67b0501b04ee6150835e72d88adc2ad789a73da6a33553236921de,dev
left,26425,391250155159c2f6352132684bcd32fbc44ba7c6f4a2332c03a9fb8278ad1ed7,test
left,264525,0e0d8b7a82cbaabc42e634b5614f5825ca62637539154b353b766a2a6ceab81b,dev
left,264700,d9b632ff5a2b8de455a71aae74c0e4a2635ef10828822a7e44ff20038263af0d,dev
left,26475,d647ba2568e3480c8963cb29627ad4180d8a228365a0edb061f2da1dbc86380b,test
left,264980,93cd2390dfb1f23bcfe3d34ba5c5b85adc6ebd4f65b5bd425867c79c7c8de2d6,test
left,264995,57bc2fabb88732a01843ebc3c4b56694f24ff36804d1a9e6f5ed53e4f1f14f51,test
left,265015,3f90c783219936354904bae876768423ad5c4ad3884e9f68916500b6d3db6f72,test
left,265095,8f974e86bcd0225695b4a7dd06b7497c54a954350a6ff79c3183db12ab282b5e,dev
left,26530,a48229fef5f53e1902c10b99f3b18ef4811b9b38622427cf0e8351249f8a2e11,test
left,265355,aad5704e8d712adc6d394691f03e8534abc92b3f40b86c1287ac4e4b961e2353,test
left,265420,193d304716b3df8b5b25a981a7b11df2005f050cb7d8ebca7440510851dd9ec5,dev
left,265440,27d98064d45403341634f87c0b64411db07576d829bd5ea336909f82b2fc14ba,test
left,265475,890f428574e2e8ce8688ea1e4b2de72cc79f8657b053a78b756650966b3bf04d,test
left,265730,96924c20801714f8552dc94f7e557fe11e23764ba8fd619d78046fd4ca274cb7,test
left,265735,7c8e32ba5f7af89e2bd33cd554b2bc89c2f831d039a7b5285c2b06ccdf3dc82c,test
left,265790,cea970d26896ed22775156e5120e7d488d0b84916105b4d20a7d1b798080d6bd,test
left,265795,cea970d26896ed22775156e5120e7d488d0b84916105b4d20a7d1b798080d6bd,test
left,26605,2509253d360991ded0e304aa48c0b53542d0a0df16bb98fb24722e330558d113,test
left,26610,2509253d360991ded0e304aa48c0b53542d0a0df16bb98fb24722e330558d113,test
left,26625,ad31a5fa79e818297f77765829fbee8e1597c676a551f45651e99ca2360db2cf,test
left,26640,285acea9af1377d2497093ca7574f9be22206d4021aed48f19bdb286d48f278e,dev
left,266775,5aa3600552c57f2917d6c687f85617fdf8c8b21052567e183f8a15c3a29203b4,test
left,266985,dcf1d52419fcf72d9a753f7227e15e13f672fa11137f5f3a53942ca4377b563f,dev
left,266990,dcf1d52419fcf72d9a753f7227e15e13f672fa11137f5f3a53942ca4377b563f,dev
left,267000,596a21c871f0034c7216be2ad5f53dfbb335d9e6dd4df2c7f7daba7c916b9d89,test
left,267190,a1d3f144c9a1287789ec7bd8034a11ae25b656b62107691eb7a8486423713e53,test
left,267240,324e13a93c264be2a5ca67664e2960758c28cc9105b07ee4bbd8debcbb998401,test
left,26750,86fdf473c9a10d5cff21e594ca2a02e875d1c7515dfee40820111a06549844f7,test
left,267540,7f42f8a4593cec58551bd736d6c02c0bb1d1aa8847b5f5a8ce424bb1058862c4,dev
left,267560,01364ea382fb26312ea4fe11151980892dbf40b0f3338e8c87edd28a9410b6c4,dev
left,267600,25ae6d18f1f6e078faabb84886249c5849b6b133b40b31d43685c945035531d6,test
left,267760,2a8f6887bb2d18ceda16e566478af9ba8d979e92076866f0f2de927aeffaac43,dev
left,267835,d4616b050e3490ff3db754408e47d20fdd815300f98d631f6eca507886106584,dev
left,267870,625362036908038ce269624fe693bbaaf9bac34a313e3a7f60c8b0c0c8ab8909,test
left,268010,6eab03420922ce2b6a3e928ef3ebb031cc3a83106d3e1691cd465ee080cd3792,test
left,268021,cd9d0a44c3b21531016a5e03ff17708b737719252134e3aa9bfbf76972f8518a,test
left,268025,cd9d0a44c3b21531016a5e03ff17708b737719252134e3aa9bfbf76972f8518a,test
left,268270,cff0f78e5fe1555f207548bfab69c8c051ec5f8cb18fe03c78dbac53b2c0dddc,test
left,268275,cff0f78e5fe1555f207548bfab69c8c051ec5f8cb18fe03c78dbac53b2c0dddc,test
left,268340,8b05643e93450f0859a2baab99f54220f903f0d9ad8f155b24f2afa41f1eac6a,dev
left,26880,b6aefc0dda64955c712315adb1d7777e14097755bd16864f249f69921dff8cf1,test
left,26885,f355c2caa336bec780076074fa88e697683f6d9fac4f9937dcdc6c83194046ea,test
left,26890,8aaba9f368574c977d7f69f1fb06c970a7d7987352833e108983a51b9263cb6e,test
left,269045,104ecd803cd837370230c3f9dd31a77a14d5268b659bf5f8c8b689337d4fcebf,test
left,269135,bf839768d1e0dfbbcfddb750ee3ef1fe2acadecc6b34663cd405195210e57ebe,test
left,269480,8264ceaff867ef4951fee6fc52b406cf34c76d0c433bd5e0bd802cdad223893b,test
left,269585,c49e657ed74097ad6c3b9a9de4b732cadd7a23a20983e8f4db1da35de50c1129,test
left,269615,ca56ca45d60a959c0b58593fed11ef93738ec1d4b74964e53c79c1f529a4c0df,test
left,269995,837dd716217d135e84296f5a6fa090816d6e40117745288830d77959da172917,test
left,270010,e3db66a7cf67b0501b04ee6150835e72d88adc2ad789a73da6a33553236921de,dev
left,270115,2e57a87824101eda0c50de878167cb8b6972f61339d48cb4d22a198769c0ad28,dev
left,270725,6758806b49aaadbf2987068579a0c453459f0bb60f6e7df453bbfdbc0fc79798,test
left,270880,2e57a87824101eda0c50de878167cb8b6972f61339d48cb4d22a198769c0ad28,dev
left,271865,1bf3aad167261c4f08f3ae2dd5437783ee0085982fbc1f5bba292200d39c9b31,dev
left,271930,8b155ebb2a75cc6f9969b85548d923c6d4bafcf62884ddf354726acf5d9d522d,dev
left,271950,f19cf6cd724e861e9edb0ca63f5e43a7314feae319cb5233404c1d70f9a06e85,test
left,271965,a1d3f144c9a1287789ec7bd8034a11ae25b656b62107691eb7a8486423713e53,test
left,272055,81e398791abe40aaf6481d0417e87b6033c017ed5f9ed19a4aa945c437cd6ea8,dev
left,272115,f3376acd641724eacc3cbeff927c819dd0f3c0785f5cda7895cfad2d03e8cb41,test
left,27230,870d1a18fbfd799b6d41dd22bf6287c816355de670daa6589d4aeadd669d69b7,test
left,27245,19fe41859261d329fddd2039d8f06f7d3ecf4e615c584ebd16735a748ab02cdc,dev
left,272750,93ab80f5686ba4b46a9872cde6f68165be7cbaf29854aae766abc24ae0ba39f3,test
left,272755,93ab80f5686ba4b46a9872cde6f68165be7cbaf29854aae766abc24ae0ba39f3,test
left,273140,bc7d0f99bffc1f937289c7bb5e2e17a6c9f432f30837ce96c9a132c0e641eefb,test
left,273190,0840fb8c0b76cc30fc84dc0a28fa062afe41b47d2ac5b66fb6d74850d28fcedf,test
left,273280,c1a1958721225ee14f714ed19370ca0f53846fd33de479c3687568892e466ff3,test
left,27360,c2ec65d8523f7549452341eabc32be8b2bbeb92f2b263dc73c596e5b157a8ce0,test
left,27365,c2ec65d8523f7549452341eabc32be8b2bbeb92f2b263dc73c596e5b157a8ce0,test
left,273755,e16657ce0196674f317a065a8f9b42fb5ac2cb7b397ed6503017d086ec147692,dev
left,274085,3f88267bae0206abf61fe9ef8e151ec3ceef2299edcb0bd9d599922629a9e1fe,test
left,27455,f51737fa39f5ef3a2af4d494dd7b3b968a10f830c77c1b64537d8aae05489886,test
left,274550,f958a29cc61d44dce951adc235fb60705633f904ab49ccf42c469256a8ad9295,test
left,27515,97c33b2bc7965dc0fe0781a4dab38d59367950135a84be0d79a0d42be95d774e,test
left,27520,41d7b63c50805f9fd168decab518341ab490cd44019e15ef9398c6ff2d04711d,test
left,27610,2f011c8d4bad2d2f1988f128629fa240a87e1c68597748042b8d12fba7041ed1,test
left,277010,92c0d153b6527c9bcda568a1469e5a269a15ecac5ae9848836ec8b78b4e5c291,test
left,277020,92c0d153b6527c9bcda568a1469e5a269a15ecac5ae9848836ec8b78b4e5c291,test
left,27710,d39c6b9e9a8ba6965c87c5b98050463288ab07308b653cce54091d496645b43a,test
left,277140,25ae6d18f1f6e078faabb84886249c5849b6b133b40b31d43685c945035531d6,test
left,27715,d39c6b9e9a8ba6965c87c5b98050463288ab07308b653cce54091d496645b43a,test
left,277235,700d03fea0630886c4bdfaf21b02054b76e9626f26309bf50a1a70a840600884,dev
left,277280,a008e25c43dd1c381ccc826a67d78f5a7ac2c63091f2d6b41e53e3366dc38788,dev
left,277865,44ada23b70c1fa2a57cc9ec98db68d62e7600193e4b841bb8cf07006cfa9a219,test
left,277885,36df599a351d1d2f6ac5012d190e83448404b2cec505fc24eca6dd3e4ea70669,dev
left,277930,632ab74540cbcac2cc88a1fdfb2c78d9a8a23ce0ffbc27bafb5c475b56c8f681,test
left,278220,356207e3ea7299f40146cc05c4b661444611acd0f50b54e54497221666eaed47,dev
left,278545,9ace26265a9fc6da3658360689121328614da9321de7597da6f9d55672e88e9b,test
left,278695,dd9341411635510e7b326ad7edb89429611b341fc7b7d4ca97aafc473c161d20,test
left,278740,137efb695685576d976cd23aa39d9f1549f7748378909a240caed530dcbedbae,test
left,278855,78c0f7038f7c6cf21ee061e1b6fa5ec229301ba0c155b5ed6565330a8596d837,test
left,27895,8955f8b3cb599c3e2c54ef8a3681cb69652dac070a8c0b15fc5da9d81f96168f,test
left,278990,6817ccbd7f18d276258367f90ed1c54b4ebfbdd7c9c41c8bf95c91b6b95d1329,test
left,279145,b750e0b954e2555a95d47d91eb7f0bede233fe6fba933fc11dc4ded2a185e607,test
left,27915,4efd13dc9ee434d436fe4c830a6615b5eae04eab6095661fee97eedb86c77af1,test
left,279165,aee5bed8ed2be8f3ca35cfceda176afcefcdc6c927d00e817d667b60bb8eb4b3,dev
left,279170,aee5bed8ed2be8f3ca35cfceda176afcefcdc6c927d00e817d667b60bb8eb4b3,dev
left,279175,e16657ce0196674f317a065a8f9b42fb5ac2cb7b397ed6503017d086ec147692,dev
left,279275,6a47232a4d3f2bf6ff45b24a84d7750addf2b2a4dd02e3d8bc7faa540070283e,test
left,279430,8fe1c6170c2333ff40baee61ceffbf2233e20aa3426c401d4f38046583fc1dea,test
left,279600,ac2a621b7f6ffa79faa2521a401e46094b06c9084bc15a1f081d9e8e4e007786,test
left,279680,74a05a84078373e3bc2119296f0e9e7db492778dcbc61449f044e6ae7c2dd2aa,dev
left,279700,7d9de4a9de0d661b2198079947f3e1002ceedc75c0f0b5c1459d6a5e894ba41d,test
left,279820,46a1e4187f821de6ef1ad1836f83573ad04326d6904c9f73aa36433e64eadbdc,test
left,279825,46a1e4187f821de6ef1ad1836f83573ad04326d6904c9f73aa36433e64eadbdc,test
left,279900,d8a381bb0cf9d063d80d6bd26279af015f1571147650523d0a69d0fd0914adb2,dev
left,28005,6c276a0fe80764d5ab1cb6d621c1bf570ea914e874da851b07b8fa11066496af,test
left,280070,e792c2166bc3f7702342e7209df910fe0a9cc76c6d1a9b7003517129a9dbeb03,test
left,280130,42da0adad8997c192897243e490f991be6f54e208e99e5932d3d6d208ed79366,test
left,280200,700d03fea0630886c4bdfaf21b02054b76e9626f26309bf50a1a70a840600884,dev
left,280280,e96b9d99b03e5a34e0b6b4ff9e62bca5a94e53f885256bb51179e9bac2daef6b,test
left,28040,33fe5e3c79cde0871ed699f37ed05294f57731c91dd68b6375de5e7e6a2f1068,test
left,280650,9dbcf323f0fffd29a708fab85c4f298750439f7988b376b95083566409ba0be9,test
left,280765,ed4d68597def9582db5b0215d9b7e03b3f000b2e8024aa8337a1ae359f0841e5,dev
left,280815,c0edb6a9f7aee3fd92a71809daefb68b29b6309860f2bc8100e2f9da1e6acf28,test
left,280825,a1167e2ad700e10aa81300ed390ac6101bdf8d7b382a890d3e5646709a2d32c1,dev
left,280860,dcf1d52419fcf72d9a753f7227e15e13f672fa11137f5f3a53942ca4377b563f,dev
left,280975,7b4d98e3a04391ea3aa8864da2eae48e5e4d8cbdae6e809dec0326680da4d042,dev
left,281000,700d03fea0630886c4bdfaf21b02054b76e9626f26309bf50a1a70a840600884,dev
left,28105,84428d946812a9057c3bba4e382633305220504fc37b4a7b142d6aee0fe7af26,dev
left,281080,44ada23b70c1fa2a57cc9ec98db68d62e7600193e4b841bb8cf07006cfa9a219,test
left,28115,68b9b5f5c05124090a27d2fd1da367b61f610bcb8ed66aca42736c813f49aaea,dev
left,281235,e8c874cf666d1d46a5062fde687804b5d403a80f616b12f6ea223ea64d33d65f,test
left,281255,e8c874cf666d1d46a5062fde687804b5d403a80f616b12f6ea223ea64d33d65f,test
left,281360,53b77b0397b1f208cb233aec885b6791eee5c42b7e557686faaf2eae70311caa,dev
left,281390,7866c86cf42410a6f840788cd94d801fdccc596b3de89c56d0dc9135f4962799,dev
left,28145,cd9bfb74b9e4dcb9375a208ab595f8209d56c42f1775c77d4f00399182912e14,test
left,281530,36df599a351d1d2f6ac5012d190e83448404b2cec505fc24eca6dd3e4ea70669,dev
left,281535,36df599a351d1d2f6ac5012d190e83448404b2cec505fc24eca6dd3e4ea70669,dev
left,281650,20902e2cc0e023367d6624a0a5220bdfbf59ee5980f963348be4f161ae5e9d44,dev
left,281835,3fce8e9e318134a03fad2aa18edbe3f3a00153f769c04a768c3182d0c51ebf1a,test
left,282100,59d32d3b89fd1068b26f35a487944d97db734614a52eecf06acf4df987943b8b,test
left,282165,ec5d744572c27ff9a6fd132da47904f2b7fab0d8a870b6c9eb80892afb4b8971,test
left,282440,2f189367a47201184537607d259bf24df67c3dbc4f80b9cdf9ec549e67688f8d,test
left,282630,d6eb596bc29ca45f32ccef8179dbd50ea5d03898b0865cbae3a58d185819b382,test
left,282685,efed82e8e43d6c86c7d2bfe9e0cbc4ebded6e11f7bd6a0bc48c36d304346677a,dev
left,282715,6f53e058bb8f11896ba4e02bf33d6ef6b4b76cf3b1950446392924115a147cdc,test
left,282720,6f53e058bb8f11896ba4e02bf33d6ef6b4b76cf3b1950446392924115a147cdc,test
left,282925,e7d9f8114e5d9fe4bfd8eca6651191436f0032d976a930f516d26fbdddda6a4e,test
left,283035,496476438ed8f13854ca24aaaf035cf0d3caa38bc53273a3675c8ca31415b5dd,test
left,283060,27b1e4905a1005a6351cc884c74ea54f95400b12e53fa47fb76d002d0b1f3045,test
left,283225,45cd05b4e21f874334550521f52e2cbe43e8ec1e613e76ffcee6892ed7198024,test
left,283230,de5e437ed1dad22cfccf7f0b4439aab42fe1611d9c675b2557c4707b1357a3ed,test
left,283235,45cd05b4e21f874334550521f52e2cbe43e8ec1e613e76ffcee6892ed7198024,test
left,283285,8f99c731ca9140c4a379df1aead95aea0ebc12783e51f040489d57a60fc2299e,test
left,283350,03baa2663c68289bb039c8cd5fa9cb4a6bbd298ace64c7f4a638b7afa512438e,test
left,283780,9f9a61c11d65203fad8a36048edb06db1c6030cb996b30f08c9c80578f97d80f,test
left,28400,ae3710d7a6f918215491a66dd0251fb28e36ced2d2b1df5e17a458c819880079,test
left,284370,f08612352c5f394b2dd6985e1029d1dda7a2a5ccade107fc9a11e177093b6259,test
left,284385,d487a3609e0ff487c0a2cc0afe5ffcbf32b41f9c566350b2a8b6ecb8cfd29ce2,test
left,284465,7e084cd39df02f8481589ef54d55d638b6057e118189b261e0e9066e0567eb2a,dev
left,284605,eb80d8453ef7b22c0aac49dd273ec59e7f03f960af23bb61316bf753890a2d7d,test
left,284630,e88969c6de84be91bf8c7cae1528a81cda8fe6fc91d05f65f58fe2970badaa2e,test
left,284725,e43f409a037625dda82884dec48f1b59898fe085670a6a0bc671871a98f8e19d,dev
left,284815,7a673ef0e3bc0d4635bf5fd532899eda7029acbc890b81914f2167a1477eb2b1,dev
left,284980,dcf1d52419fcf72d9a753f7227e15e13f672fa11137f5f3a53942ca4377b563f,dev
left,28505,9a18f69084313c98bd5b60e4838dc9f8500d76628257186bb19a28bf4de3bd4e,test
left,28535,618d487849106a2b6eaba43d5eb8053019ba5170e957cac9409de03fed282903,test
left,285385,9ee72eb821d609c0df66448871951d560aeaee3aa9a5e12cde3e61f5e8657fb8,test
left,285400,9ee72eb821d609c0df66448871951d560aeaee3aa9a5e12cde3e61f5e8657fb8,test
left,285515,4f591a4a26ff159bd7be9bffbffaf10e611297c6c7200441f8da9f3749d74ed4,dev
left,285715,39243ce4b915f74c877d75c265be832f1b38fd7dc26ed239f05573ab6f8712e5,dev
left,286065,8d9490a0cae1bab1af70081dfbfd069f065f8a14954f402cba70219f218414a2,test
left,28610,225cfa9251b3f07de6cc97bb3cba9ba6fdd3affaf41a2eb2f4b5a33e11d3a680,test
left,286105,5646764ae2083f53e40dd1a20d66f7dffa3f4d27249761ac7c7670286a46b453,dev
left,28630,db489c19a213a64f423709c9dca1a335fa6b52bedbf0da38a64cb5fd19d3d112,dev
left,286320,2ffdc1ec84e498b5314837d21121ea3ed04d36324d571763bb27d849649d7aec,test
left,286505,07835048e323605b246d4ba106e46f24de0603fe0406abf55ebe3a1f1c1fe60b,test
left,28675,24297b5a396f5c5eee039d40f1dd19d05d526dd72f4238fcefae57cc64787a84,test
left,287190,4913554bff30f1745b2f9d3ab9ffeaeb67685eeb6bc19b74e519ea0eae52ae8d,dev
left,28720,5bded8b418d55ae96a329e9ae9d8ffe03950ad705980dbd82a5fba360a2a2871,test
left,287200,a65858b5b37a0663a81850ade724936a86d78264a40cbf0e002695dac23a076a,test
left,28725,5bded8b418d55ae96a329e9ae9d8ffe03950ad705980dbd82a5fba360a2a2871,test
left,28740,1aa5c0dd68b79016f796d66e9d18574f4e4df6efd3e0bd912788970bb56b91d6,test
left,287565,59d32d3b89fd1068b26f35a487944d97db734614a52eecf06acf4df987943b8b,test
left,287570,59d32d3b89fd1068b26f35a487944d97db734614a52eecf06acf4df987943b8b,test
left,287590,59d32d3b89fd1068b26f35a487944d97db734614a52eecf06acf4df987943b8b,test
left,287600,4ba59115e31e81473b1ed41197f09778377762e0e6dca45adfd5eb9dadb664f5,dev
left,287610,59d32d3b89fd1068b26f35a487944d97db734614a52eecf06acf4df987943b8b,test
left,287615,59d32d3b89fd1068b26f35a487944d97db734614a52eecf06acf4df987943b8b,test
left,287710,26c4a736d32151dea3137c926247968bcfbd5d498f0126c14b7b5efb4a77a4dd,dev
left,28775,4422b827ee4a3f1b2b20b34050a567878723c16aa7f59e1499a6471f7a6aa15a,test
left,288650,f9f3eaf788d825106c2fc986277f3708b6488fd94ddcbb548bb5e182c156d136,test
left,288700,d994506a082bcd4b238f820f8b8b62d9f8b8294402228e562951e3f0bfcf8ef5,test
left,288800,c6377306344ee021ca205c479ae25e56fcd14a464966cc47ec22b1fd2610a7c7,test
left,288830,50209523864c2468d56c792a8380786c0f75e3681945965cce0a9b7f3f044616,test
left,288835,50209523864c2468d56c792a8380786c0f75e3681945965cce0a9b7f3f044616,test
left,289415,8852c9049d71bb4d696b3e44008bd8cea3510955e44353a53dcdd82a467702ad,test
left,28945,9557a6debeb636b3253748597527673620c1ec0bd704f322d0f0b3db5909eb2b,test
left,289700,b6543527b3a4076574ada10b3d890ecb12d531328163cf22de0fce7b57bbb237,test
left,289705,b6543527b3a4076574ada10b3d890ecb12d531328163cf22de0fce7b57bbb237,test
left,289730,b6543527b3a4076574ada10b3d890ecb12d531328163cf22de0fce7b57bbb237,test
left,289735,b6543527b3a4076574ada10b3d890ecb12d531328163cf22de0fce7b57bbb237,test
left,290060,f08612352c5f394b2dd6985e1029d1dda7a2a5ccade107fc9a11e177093b6259,test
left,29080,9a7fccb53ab2f92b8658efa96b136023270b726c2d0f0c03c995fb9fd6d2ed7c,test
left,29105,4999b0d598ac379b28ecaf8ec25f52c83f457e6bdea9798f31574fc7b0ecbc9f,test
left,291100,8ed2990720bbfd56db6c1348be7ff41a98ad8085f684876df203110aeb74f7d9,dev
left,291320,f5bc76c2e531e923b17e95a1c93112323df2bc29c38c1ffe0dc6f101a3b26c7d,dev
left,29135,08e0b3d783ecabdf5cb399f4fd39619b06c1b2702fc7fa5997796f8b1a0c7768,test
left,29140,870d1a18fbfd799b6d41dd22bf6287c816355de670daa6589d4aeadd669d69b7,test
left,291500,8fa9c99704e9aa03faa01739e4d09672242f7f0f765dc1b175af72631fd65aaf,test
left,291725,19e1a00c2a57e38fb1de0f0366f23d26c0ccf035aa3acda0fbaf702c3f74edbf,test
left,29200,4005f8d1fcbd3481ac8461e5977b4b9b49717c60c2252b2aa5ab008a36564888,test
left,292125,3b37d5e68752fe0982f2aa106236ad18efecda71f4e8c7d2300b202d45f1950c,test
left,292190,fe112ed2cba0d156c19ff9721ea4c7d8427d050f06da2bb33d352ae89a99332c,dev
left,292640,de5e437ed1dad22cfccf7f0b4439aab42fe1611d9c675b2557c4707b1357a3ed,test
left,292655,3e579926a9ffea72479632d7692da12e6b128892aa0e1891479c67b7cc0dc1ba,test
left,292990,176dd1ae72e662272e4f799f112171e58b5fbae8f3e6cfd36f6546c0cfdd40f5,test
left,293080,54e96807203ade3329dd45c5438ba89e0973917eeb1f34c16a449199050a89fe,dev
left,293180,64450a261d6229bb70572e6376027dcaa6d82908b2f76c5a502a92d418cf335b,dev
left,293200,03f309658663f35fbb7e9d068b5e8f8ac2c8a729a5289209c7b97cb38d3ed9ac,test
left,293340,5c7b8fc2e307b61613108a52f2785308f75f6cac6ad36400ba7b16dbaefd8cd4,test
left,293950,9b8eb6e7e4c22fd0a18d2d6c39d3db98712d422550dcb739614475e3f2377424,test
left,293980,0ac3e62f4c1e032d12960471ffa16bb6cf277b0769079d9bfcb8db373ec5a556,test
left,294245,700d03fea0630886c4bdfaf21b02054b76e9626f26309bf50a1a70a840600884,dev
left,294325,a1ae5dae29323222ecf7640282d57a972ed81275c9a494f036431a4c0996e08b,dev
left,294355,1d70d86367efb22801e375d905ac9e4d73a35b7bd567431cdc3e6460c40408ce,test
left,294505,bbbf6cdb5ee32dc7b507ffd39002d23636f1ec599c13eafd6a0f525f0735874d,dev
left,294830,c3fb1e628458970348f82ff31175e71bbef1877815e5ba80c1a3159a0bf0f968,test
left,29485,5bae190eb02626c2c22d93b585119f801791270f3beb8159a566a858977c469b,test
left,294940,d58f9279dc1525cb8c024587eec631a0fa6c06cef06687909a3e471fd64bf1d4,test
left,29505,f008e1ef36b054c6ce3cf19f92d8f0e213371787f37a223520f556a6258fd418,dev
left,29515,ed692535137993f86710f9ee1767dbb63f796903669ee232dfb3c21740fdc80f,test
left,295420,f63f2c1f4974410124abc1e40cca80fb007a859ef6eb89cff8828aed189eeecb,test
left,295530,bc22081f36ff831d5664a9016a750bbd7b77372a0305ff8488654ff8c8a557c5,test
left,29560,4149573901875bfbf536c238d59c37f669f703436716e6763df1feb374bfb2a0,test
left,295620,00203012eea0222482415be46eb576ec6e91a21f10f2e6e4eef3a894a08f8c5b,test
left,295660,4fe52eb4e39303092c6ed9c006f2a5e1458ed6b113d00f0a5ea3fd897446d58a,test
left,29575,323ea43275e8c2467a02656d65b8767777918ec8c692ffdb6382a8c86f31bd9f,test
left,295785,86f97930582614e216a4054cd94c73a48a15928c376943a35342bfeedc35c2a7,dev
left,29585,7714db745bd67005d7110625859ee021bcc85d8e53f4cf3fe868d026a306d726,test
left,295995,6997a086f90aacd97ae0e4156987acc16c8e5d19a73a3832fec169dff7607d3c,test
left,296090,25ae6d18f1f6e078faabb84886249c5849b6b133b40b31d43685c945035531d6,test
left,296140,f08612352c5f394b2dd6985e1029d1dda7a2a5ccade107fc9a11e177093b6259,test
left,296145,f08612352c5f394b2dd6985e1029d1dda7a2a5ccade107fc9a11e177093b6259,test
left,296155,f08612352c5f394b2dd6985e1029d1dda7a2a5ccade107fc9a11e177093b6259,test
left,296165,f08612352c5f394b2dd6985e1029d1dda7a2a5ccade107fc9a11e177093b6259,test
left,296170,f08612352c5f394b2dd6985e1029d1dda7a2a5ccade107fc9a11e177093b6259,test
left,296175,f08612352c5f394b2dd6985e1029d1dda7a2a5ccade107fc9a11e177093b6259,test
left,296185,f08612352c5f394b2dd6985e1029d1dda7a2a5ccade107fc9a11e177093b6259,test
left,296190,f08612352c5f394b2dd6985e1029d1dda7a2a5ccade107fc9a11e177093b6259,test
left,296195,f08612352c5f394b2dd6985e1029d1dda7a2a5ccade107fc9a11e177093b6259,test
left,296200,f08612352c5f394b2dd6985e1029d1dda7a2a5ccade107fc9a11e177093b6259,test
left,296205,f08612352c5f394b2dd6985e1029d1dda7a2a5ccade107fc9a11e177093b6259,test
left,296210,f08612352c5f394b2dd6985e1029d1dda7a2a5ccade107fc9a11e177093b6259,test
left,296305,afbab8c21594dbe89a1bdd88355c53be0ef19035542ad9a3f8b0643a41b93543,test
left,296355,6997a086f90aacd97ae0e4156987acc16c8e5d19a73a3832fec169dff7607d3c,test
left,296356,6997a086f90aacd97ae0e4156987acc16c8e5d19a73a3832fec169dff7607d3c,test
left,296490,71266469fe56ed0b680401b5bde0c4c345034e41867ca1016f06354c5e8252a6,test
left,296580,722b7de30c540116495197edb296ed5a800735ac5c1d4bb14d587c243e7bbfef,test
left,296840,86abac8ebbdfb7aad3e4ede26f4af046329ef508a3e17e574cbdd3ed8f6a1566,dev
left,296885,0259aa03674c67fbb39b11f1bdc8a1079f1b948357a86d7b6efa0c30adec21ac,test
left,296950,97c33b2bc7965dc0fe0781a4dab38d59367950135a84be0d79a0d42be95d774e,test
left,297005,0259aa03674c67fbb39b11f1bdc8a1079f1b948357a86d7b6efa0c30adec21ac,test
left,297645,d48c9ca2405a558fe300cfadc1d7f17d0fed851492a020188cffe2d8d2ee4b1c,dev
left,297685,12243abc1f19cffaf32c699b50ba6ca42e345c486ffda40ffe37197d783d1856,test
left,297925,591955e905de53e3d35476025e0adb46192e574edea723f088573b240c5ca485,dev
left,29795,5bc6bf414d42e7bf716e4d8d6590bb3e349067f0b3076e6fdc656df6b3ce5821,test
left,297980,591955e905de53e3d35476025e0adb46192e574edea723f088573b240c5ca485,dev
left,29800,e8c874cf666d1d46a5062fde687804b5d403a80f616b12f6ea223ea64d33d65f,test
left,298065,eae38ef44cec8a13cfd9d01c085f0527a3d1fa21887ef478997823f1281de76e,test
left,298130,30c866836b62e7995996f730740255cdcec5867dd07cc1b11c1cecd1b8401e4a,test
left,298500,9d7b96d2039cce695c9040d6a2f521a82728133e2a089834db262d11b03338da,test
left,299045,b9ac6c02bb9b6519b662e1ffbffd2bbcd32fe120b4b211b3d72a865ff16da386,test
left,29925,9e5811e127eee2b04573d9daf9e544b683ed0989f25f54c6ecf523a97c5c88c2,dev
left,29935,9e5811e127eee2b04573d9daf9e544b683ed0989f25f54c6ecf523a97c5c88c2,dev
left,30110,0a36d035b433f50c86cdc8984afb1be6cee9a11bec58a17cbf32049c8ca1d894,dev
left,30220,7d8ee4be9efa3ad2f3f670194e35c5d3cb2d779aacfb26a3354df3c45ef020c5,test
left,30245,b43d699791c7b044bbfb1c89c7fbec8236edb419813de6ed3aac09705bec5b87,test
left,304090,8129208b4bffae65677be91682b4b0cc4e5bdb8ffc2d41d48a8688f9c6273592,test
left,304130,4ffda3d8812ef6589862f8a7fa65a85598f5ce214c5d73e68d2fcea956dad163,dev
left,304135,a41bbf3fda6b905a1c9f1959f5287ae1746ddd4993c0f8babc84298828bf1a0a,dev
left,304165,3726f6f1a032b17552b58e5820570e9b55c4b7aed722c929d7d6c5b1b3c8bd72,test
left,3045,299526d7285dcf8d728afc638c1bcaf3b169a33c8a47e7f9686bcd072c1d443a,dev
left,304555,e8f44398883042bb46dff0fea679e25d3bf6637ccae3e3b3080ea15274eca682,test
left,304730,738859382642622515a2d9a3287620a0d0fa51e6104ee608918e4fe160b50254,test
left,304790,fe3d2f539fcfb908c627eaf6c4f431d9ae989070220f35678e7275eeb560ec4a,dev
left,304800,fe3d2f539fcfb908c627eaf6c4f431d9ae989070220f35678e7275eeb560ec4a,dev
left,304805,fe3d2f539fcfb908c627eaf6c4f431d9ae989070220f35678e7275eeb560ec4a,dev
left,304815,fe3d2f539fcfb908c627eaf6c4f431d9ae989070220f35678e7275eeb560ec4a,dev
left,305435,c3347f54ecd94861d1f69171f4407ad5fb4262a29b2fc54efc46dc097d0a3e9c,test
left,30550,8e80e44b57ce79c18ca69c6d2d01b2b2973c2b3ead5d76bed20a394c1eaaeb7f,test
left,30590,55c12229400f9a136926378f4a5049ee570b1b530d13402771b105b2e3589f53,test
left,306530,0dc77bf179a19988935e1dfb9b9241f20a6fbaec06331a53f2a063736a339c7c,dev
left,30750,d6eb4d92960de20efa370dcd17c23f98968fbf8f07263ac9fd45da9ffd8b263c,test
left,307735,d6af4474cbcbf00129918c965fbe0bfe8f7f98670301c81ed2421c05804dd816,dev
left,307745,25a677e1809bcd9d64c985077750c1d91b83278e4f00790827f94808089ba952,test
left,307825,a2b7a613cc2cf4a8157909d069ab0a7765cf4b7e772756a94cefa05ebc0ef6bd,test
left,307945,fe9f05a222e3b2b7c7be9aebbf97180822f828a93384627d73d11d63cf8dc8bc,test
left,307960,fb6ff5a9da327ce5b4bff632b50cbcccbf505508bd6e9ddd25a21f5715b31565,test
left,307965,7edae357d33ec45297705f10dbf3f4e863698117558a07b11e5a5c965e14dfba,test
left,308100,708accfa60ecb169bbc9edddda6eafd1ec07376623e43c1005de4c4265585c84,test
left,308370,ee5412eff3b91c2c9ce8e6aa1f6630b665d2fbf747ea816f31be98656ad58149,test
left,308390,ee5412eff3b91c2c9ce8e6aa1f6630b665d2fbf747ea816f31be98656ad58149,test
left,308410,ee5412eff3b91c2c9ce8e6aa1f6630b665d2fbf747ea816f31be98656ad58149,test
left,308490,d820c5cad36364d2d10acd403977c559838cf2d72fd9e2f8b88ecb26a364e9fc,dev
left,308495,c94ee87d8985724b24721f308e1527f09948a6cbb5a32e7229adf63b1f70edb8,test
left,308575,7b4afafd146d0ab0f81a23aa6d2fb52cd680f3fbbbf5b5ddd657e94be06860ca,test
left,308670,e58c15d4d55d12ba952e50295ef2bb78115140f7363323409790ae9db86422a3,dev
left,30891,76bbc43e913d831a7ebeeaeb319f94a2d08a2d0eec0f996e7d2ea7c0201b5220,test
left,309065,03baa2663c68289bb039c8cd5fa9cb4a6bbd298ace64c7f4a638b7afa512438e,test
left,309215,1496cbffde2c670bb78948cd2c241b5ea91de2c3e2f970cb66f37b41c366c697,dev
left,309220,1496cbffde2c670bb78948cd2c241b5ea91de2c3e2f970cb66f37b41c366c697,dev
left,309365,7113f36e3b0c05ee9cd23dced51dc6e3118c02436458c8b9e6931f63c3540fb2,test
left,309385,37c0d484a859ad6b8b4145c87d23e3272ab124f0c7a8a564cd9808b867751220,dev
left,309400,078dfb32d5eb4a962709fd376109717f2b30f185853968f49aa0e54ea7a07d8c,test
left,309455,68187f2b823477c3bebabd40ba22d2a51fd096984b7ca8004aef0ccda79d449d,dev
left,309460,e14f4a11a53d0fcf5913ea6952dac06fb901f2e988fb5146ec7c496136d9e5cb,test
left,309510,3e0d32fa1692dcf0e993615edccb2da4f66b7b669612b7b3e8d2abc44194d06b,dev
left,309810,9fd3dc5a4387fcd05955e820f9e397992adf834a50fb1eab19ef78dcbc5829d4,test
left,310235,21dcefa8911bdf99c770a1116905fbe61d54644c1d14af6618e303603de67b28,dev
left,310260,73393450642d3a9db97c4407b0afa4c3d62ccb8356a59239e205214b2909c872,test
left,310330,924673dc612d74fc1051a352b8623259214d462dac012a292e15b5fdbc946ed9,test
left,310520,b6aefc0dda64955c712315adb1d7777e14097755bd16864f249f69921dff8cf1,test
left,310680,8a48ad3020812614c46ea5d96422bc029a683639ed2bae23105dfe99f56eda0b,test
left,310700,4dbde376d8c3567a55e31af27455ca9dba15b2e28054f6cd4be82a3422c3f0c5,test
left,310720,0ad57ff78afaca6d1ca9d971b35f07f6f835a42f9eef4e1758763f21a3ce399e,test
left,310755,c0fd3017ad0d90a11dd702d9090f875d1c046ea927f9ac522b9440491af09dcf,test
left,310920,69660ea167c705170ecd5d4db5ffb0fb286f9854fdbca4a32f1b9b7862501107,dev
left,311035,7bdea96df292160fdd8879b8baf145494d5796e5aae0a26e7cb3560756facff3,test
left,311250,54be72f34e46f5bce12bddc193f75b70511c67623341ecf2415dae69d8c824e9,dev
left,311260,54be72f34e46f5bce12bddc193f75b70511c67623341ecf2415dae69d8c824e9,dev
left,311265,54be72f34e46f5bce12bddc193f75b70511c67623341ecf2415dae69d8c824e9,dev
left,311270,54be72f34e46f5bce12bddc193f75b70511c67623341ecf2415dae69d8c824e9,dev
left,311275,54be72f34e46f5bce12bddc193f75b70511c67623341ecf2415dae69d8c824e9,dev
left,311435,c739fc2e05c0e3309f7a774ae68a1acab974bf94f0894aeef6641d81985179d4,dev
left,311525,93540761e28f068e02374dc48c80e8c3e4d5f2a5b57658ce694579ba95970912,dev
left,311600,557dd60ad56d479008d663953b9d9c5d3a47b1975896f60ee05b8015879e61f5,dev
left,311655,2339eeaa8916ab0678ec7ea00c1fc404dd1cd22919cd84ad8b1efabcbf4324ed,test
left,311675,58b4d73b133aae7a96e4dc7fb098d6cb52abdaa88f76400386da9f738096a988,test
left,311790,fe447e2eae238d4dbc376f0a77488d3edb9e73a6b217fee98ac812d1e6cc6bfa,test
left,311900,fe93dac95d8c39b64778c8912e34328c0d1bc2a1236909f4f3e09b6b5e0d8eb9,dev
left,311965,4786c09352d2ec446da2083680039f1e2bd7130f9d79f4768d077fbbcb6ba15f,test
left,311975,12f83fa984aacbbd1267553a25b37dd8224f0d8f26f1902a47ea087bf4f8a8c4,test
left,312035,e3b0e86c6e43fabd6f1a75b20d13bcd923efa7725388a6d82fc42606ace7d21c,test
left,312040,cdf79b0a68e420069de78ac29aa74dc8f9064ed13b0cdf85e8a6fc088cf57e84,test
left,312045,d1bb264e703b97e5120beee19da42b60cc44bdcec1b2d2a758866c03dc96fa48,dev
left,312050,d1bb264e703b97e5120beee19da42b60cc44bdcec1b2d2a758866c03dc96fa48,dev
left,312145,8bbc2efbec13b836f9308ce51a86ccbaa1247780356a636ded18ce4d8cd0e172,dev
left,312165,c0fd3017ad0d90a11dd702d9090f875d1c046ea927f9ac522b9440491af09dcf,test
left,312550,c654d2b374665d4ef411c9fee3147e4bb69fda93cc3888bac441cf971d6add3f,test
left,31295,82d7ee19c1b1ccfa9cdc2dcf4a17091a83a46999b32a54e3add5f8963923f627,test
left,313025,7bdea96df292160fdd8879b8baf145494d5796e5aae0a26e7cb3560756facff3,test
left,313160,75dd15eec0ce56e5adb7bc15ec440fd0dca6ac442634e80d7d0f75eb0e659139,test
left,313200,e942f64e0a7f3df1544ba823208373f8cad1da8f1c3ec67bd49cf50bfd88bf4a,test
left,313535,9fd3dc5a4387fcd05955e820f9e397992adf834a50fb1eab19ef78dcbc5829d4,test
left,31385,44ada23b70c1fa2a57cc9ec98db68d62e7600193e4b841bb8cf07006cfa9a219,test
left,313910,f7e344cc2a7c356407f018487d355ff18281877368e3b7fc7f844f8f3354768b,dev
left,313975,0da7cb02c8c6b1beb1db9d77cd0c70bb2c7183e082ba0c83e286615b13bc6df2,dev
left,313980,027a97b1719f0745b1af616e47da8c910c7cf582a2d03547ca2aa356872cfe1d,test
left,314320,9e5811e127eee2b04573d9daf9e544b683ed0989f25f54c6ecf523a97c5c88c2,dev
left,314670,12b57c2cbca5db6c70132525ca9d80f26b01ebc78b5286452b29a13ce8a2dbd1,dev
left,314675,c97f6ffadb0e58662b802ba241a49cb312d10c636dd6059c7175d2cf86ee9806,test
left,314925,38bfa5aac55ad836eddc2e55d8cf4731f4f0536f277c418a74e95b76a3c448df,test
left,31495,1ad6e0a3be43c9a5a149295c3a51a760c46df5a93cd8e47c1fceafd7206e73c6,test
left,315015,9b8eb6e7e4c22fd0a18d2d6c39d3db98712d422550dcb739614475e3f2377424,test
left,315515,35136bdd77ac2fd4aade6072a27e26f8223c7a081bc2e9a0e7f58ef3cc67df82,test
left,315835,0101fbc272efa4db820fa0bf5dd1dc627704ba6a5b8949c84e1635d12d643fae,test
left,316600,710e79ed96cdc9f2ddc931a19056260db30b439f2cc2a92b1ada65ff09f22801,test
left,316610,b6ab0825e70560d13b0a3e12865246f8c474349a0cb0ac02b090b733e0ab661c,test
left,316805,90b79fe7e405b3e6fdad98c9decbb82b09ca797c148f67d741f017f47407db11,test
left,316835,571e4b8bc61765e2b5d400a7210d7373d0c2d2285f0ba9db471394179f9359e6,test
left,317030,76318c014be3706318a799ff186836f688112371b18a7360ccbae36efe12734f,test
left,317505,6372e479623421ece0c4a196c5c3534aceb5440727dbb4a4bda6c3f9c74cf3ca,dev
left,317840,89c302341757f8df8fa3e89f8d9469fd29b2816628ed829a680434b5d1f95db0,test
left,318375,3eb0ff818c28361042154539a1aadfca906631aec1017b96f5d046505303c200,dev
left,318500,8ba081988c13397e14488f8003e4cc03b5c34572cc4359c24840352ecdc4aa57,test
left,31915,3f6177c34f81242503a12370e61c8a38e53d81de69d0de679e79df272895f968,test
left,319460,7bb482082c1b272201198fd0d1120f4a47664cdbfb7189121650b06e7888d64d,test
left,319820,bb2e9057f85d455cb9fd432b7fbfa17d2745615f5c2de5764e565f99cb3012ab,test
left,320055,6c4d23187a9c6ec3afcaa0d59461b0eace61024c4d7a25e75b970b40dbf66dd7,dev
left,320430,84dbd6a80500b527d29a041588bcdbb5736dc6563765ef328a94f4ac6f9eed05,test
left,320940,29d7227326b55da7a659bcb8817a778f39b446b2f5c61143bdf780349d6661e2,test
left,320945,29d7227326b55da7a659bcb8817a778f39b446b2f5c61143bdf780349d6661e2,test
left,32095,0f0b40c2c5a037646aba110105961697f84957fcc647d0cd3bbaa79eff3bfb80,dev
left,321280,fb6ff5a9da327ce5b4bff632b50cbcccbf505508bd6e9ddd25a21f5715b31565,test
left,321390,deaf1781c14841b5ca21eb845e28bff2684a66990421ead45ab6c923bb945d58,dev
left,321885,8540f988fb501852f4c40f008d671ada0330eff42427a5b72ee14ab367429350,test
left,321890,8540f988fb501852f4c40f008d671ada0330eff42427a5b72ee14ab367429350,test
left,322355,238ac3388febce39e47ef237907de3268b32aefff657c7d72bd074a446378f35,test
left,322395,bec0703760ebe3ea2d7ffaeeb2e17cd1ff627320ce689d98062b90442510459e,dev
left,322460,3caeffed638bcdc189e8e1ded56aa8ccb5ae58dc75c54531532efdd86fe8a5c3,dev
left,322470,3caeffed638bcdc189e8e1ded56aa8ccb5ae58dc75c54531532efdd86fe8a5c3,dev
left,322595,db2084e3aaa85b8cdc39da7a29f0f7a0d855b534f8fd74ed27eba589073c1066,dev
left,322605,db2084e3aaa85b8cdc39da7a29f0f7a0d855b534f8fd74ed27eba589073c1066,dev
left,322775,a564733fa47f9195f1ed6531a7d54634cd745f5d9a10087046d061ff31a54d97,test
left,322950,ff0b11abfd3e698cc963f8b958bc1a35e31e4ec8d2eb6e3d13b8432bc95e0548,test
left,323580,469ac897682eb5fafaaa42629174cbb333067618dc3c14d2f7c21b5676d35e85,dev
left,323775,aac08b027cad8f4a3e952befa82bce2b09aeb709e446082ad369bc32b9ba64ed,test
left,324160,43682a1faad0c07d5e9f6158a3f3da3bb503df747268d64b15c487fb086b9d4c,dev
left,324320,deb0dcf216634432051ff160e15997ad5d898a4a76ea35f9400a3ffea19b101e,test
left,32435,48686398af212b6b97c399f44c13d484133a181bde04c2401232e073956ea10c,test
left,324830,0fe83e2c982fef86f6924dc88bf3b505e423acaaaccd3fb4049fb8893fe8f678,dev
left,32505,109309ee764f67ef267ed0267b998da2491b399caad2597ea2ca82c7c7963cf9,test
left,325695,f3d23d5ae56264954c5fa946737a7158fe1996b97d3527eaab7cbe7d58fa812b,test
left,32620,eb55d3eedc99d101cc1b0673215ef025781b4e86ddc1a78163e8ab8de826528d,test
left,326245,0d730021793925f6d3ec6a1f6408670705a54ed794af1bb9198b8f4fbfd32a3c,dev
left,326485,d47c79e4ac2a0e5bd3d9ab526988c283232ee4563ef195422c21c3739223f0a7,dev
left,326560,7439f8d9afaf70ad885bc456ad2a73ce0dbaf5a64b2e7ec19e5374d0fca0e22e,test
left,326680,4005f8d1fcbd3481ac8461e5977b4b9b49717c60c2252b2aa5ab008a36564888,test
left,326705,75dd15eec0ce56e5adb7bc15ec440fd0dca6ac442634e80d7d0f75eb0e659139,test
left,326800,87ce41ba55869b15be51fb6f61ec862525f8a905bfe88615d54a7a9c3c041e42,test
left,326805,c8942536dc839284bdd8804d9990ae6d2d5a374c0f93305143c3379acb727170,test
left,327555,44ada23b70c1fa2a57cc9ec98db68d62e7600193e4b841bb8cf07006cfa9a219,test
left,327855,035160410e8dd557aff08580dd18ac9b2fa506b195e14578454e73832feac0e7,test
left,327875,d6618995edcfb833514df29eeaacaf022589551487813d31b3bab2f896ebb934,test
left,327915,e239330fede7afe1e977798d6577a511b33d818bef91a573fdfc6a92d5f06328,test
left,328005,596a21c871f0034c7216be2ad5f53dfbb335d9e6dd4df2c7f7daba7c916b9d89,test
left,328040,8f4330132d03777987957624b5dd0339bdf34d7555d6b854d97e64e3ca5020ab,dev
left,328110,306a43c8cb6716253317b731c2522d0a4fa73acd64cc4d15488810f3e36bbbda,dev
left,328345,0161495654bb07d70c4c77e518bcc4fc9cc1df7fa3a7dc1b3647ee3dd7d2718c,test
left,328670,a8c0bd9e01e1ba30a12954d726eba7a26fc4ca5f2a1afe2690062188378f56fc,dev
left,32940,abb052d451c6d2d827e7857359784db02e1caef489438a5d5de80161c75c59e5,test
left,32965,fb6ff5a9da327ce5b4bff632b50cbcccbf505508bd6e9ddd25a21f5715b31565,test
left,329685,34462fa6825eb201748ade01baf72ac016933601e17e1e38e2829ace215f0dc3,test
left,329735,92d305021bfc470c6f8e01a1eb2e287e97891ec7c943f54abbf3c43ad0d40b29,test
left,329765,86a0e5c2d8364505dacbbfdb279f593d2bb0c4ccd4485e6b87111a27288700ff,test
left,330210,f003db6aba1606b19b67503483f2f23002f3c60daa528f12e85f7fe1de44970a,test
left,330235,00248450f30caf1c4dbe708a2328ae1feefa6835dce20590325d42d15a53cbad,test
left,330885,cfc78e09b3315f993beff8facdcf2d5b36cff16c82ae9e65a4cf641b29ecf4bc,dev
left,330985,d98dd779a6c2f572039bc88705a76db79b7d4f9feaf51b02967df310e43c1611,test
left,33110,4422b827ee4a3f1b2b20b34050a567878723c16aa7f59e1499a6471f7a6aa15a,test
left,331140,a41aecf6abf572ba848c27ce44fa54d1837803c4278cbf954a43259b120ca943,dev
left,331450,e16657ce0196674f317a065a8f9b42fb5ac2cb7b397ed6503017d086ec147692,dev
left,331455,e16657ce0196674f317a065a8f9b42fb5ac2cb7b397ed6503017d086ec147692,dev
left,331570,91e47106523e81e60369b46b70b56818fd2dd2697977e8d19e8d464de8bb2c27,test
left,331595,326aa3820654423ba7e09e4e1fa74c9668cea61f583acd53f94fc3ae5cc54ebe,test
left,331630,326aa3820654423ba7e09e4e1fa74c9668cea61f583acd53f94fc3ae5cc54ebe,test
left,331725,9ae1a5a0970673dec8ce3f1285314b9d46cedb7c2b98a115839c236f1e5189b8,dev
left,33175,4adfc6e0e447e09e1a75c75e2fbe788bfc4ca67a2251d16dd7165827b251edce,dev
left,33180,d929d186f798aea2e96bf4932fbf182c1a05aa7de8e9460a11252319ed80944c,test
left,3320,644ad0043cd02fcc1697c195e5a03f3680e9912389faaefa0595dea49e01dc09,dev
left,332040,d4e05c2504ab8655f460310b2300909e90d13dd01d737f8c618e9adfb8a8808e,test
left,332105,9bc3d7d1700e5132eabf94e37cdecaefb6401189eccf62ae55e2babe449cd4bf,test
left,33220,e52f404986927cd18496938c7b5cfb8495ad51960297a0b1a7adb5989a95da7c,dev
left,332290,0e46b38807de309bb99282c85dd85e2458bfa2972f2d79c3c3dfb53c574dcf8f,dev
left,332350,3f15ff42189c3aaf98d7a5b50cc7716be023deb8e3aface4e4ab6135dffd75ad,dev
left,332525,88ec661bf7d631eb633cf2ba1f9911e3190ab1a8cb8f95a0aa6afcfefb7e595b,test
left,332565,cdab6f3e99f9ed7b5b52fb55f57230e7ccb5aa62fc3693f6fe41ec4ad95a1d0d,test
left,332570,cdab6f3e99f9ed7b5b52fb55f57230e7ccb5aa62fc3693f6fe41ec4ad95a1d0d,test
left,33265,7d3cc5f22dbcfb3fce8433a279ff322eb9858f860a279375c2c5fc505d8a981e,test
left,332750,4302f9af59d044ea0de610a0da0b265d323defad349da96e4ca878e2e1144ae8,test
left,332875,152090714625e3ba2f21d72c0f45438fbef7633d22f7f95ecdb9abff828ca496,test
left,333080,26a9a35eaa5daf9aae464ab9a35343005f5c2c467219b84e604ea8f55247c94b,test
left,333155,ef8af2b8d01b186055c7da8fa4d17132f389c76d090e1016d6321332b566145a,test
left,333920,120c8cf3ba92a28c280e20f16e95ea60ae2c85cf2b5f2fbe6753122e76833c65,test
left,333930,fde5fba165ad6c349fdb49ff2d044377fd60d7fa8b6035dd377ff329a28f1b39,test
left,33465,5ccf639c6630e03b3baacbe7142008d1126570f147e633555ed8ed265c4ba369,test
left,335565,e2f14da924ea1a86eed05093d917fc438e702b129cd25bb4a3a3b83715d3c356,test
left,335575,f4fd963138e12fcc77c0f1cb374ea14036760ea5ee2b0e6425b0a713c7e341a3,dev
left,335890,f3bef337dd313294da5f45012095238734dac436fa54b474beb51575b2d202bd,dev
left,335915,9e01def5adc51ccf6dc0585c545df4cf715713122bdc5c836e2ce0b9bfd03977,test
left,335920,a27cf37be98eb37c03b04070b7ef44e0c4673838359cfc072e0f5520ff6389ab,test
left,336015,cd8fa05796b75a56cb5baa2955fe2718081fb1aec242d8192c35a738147de8ab,test
left,33615,ab7c1c88668cc54975edb551cf42f1e920f89649868c2d5e294a1f1416af5615,dev
left,33620,ab7c1c88668cc54975edb551cf42f1e920f89649868c2d5e294a1f1416af5615,dev
left,336240,6758806b49aaadbf2987068579a0c453459f0bb60f6e7df453bbfdbc0fc79798,test
left,336245,e5387f8ae0fada0f9077abf8a90f19a5353608715fd546cf2685330e7231e551,dev
left,336620,b3f9aa4514bfbc15c79ee2f3d47a62f72b67d317b305d4342af4475e65de6eb9,test
left,336930,055c5582103cab2b34f456c39af9f1cc9f7985149197e14f4c54626cc78fe20e,test
left,337005,31effb29cf6fe2fc9dfc84f5fb132bdfe07503552bca6a5761973e157091fb35,test
left,337050,7dbf5ccf287e0bda30d68888875e11b651d661fa67abf2cd80b49c7861620e51,test
left,337155,032fedb85ac155d2ee58231d47e5bc13f8253f47e8a4da065254448ae978cb4a,dev
left,337185,c8b89de5890804990e5941b3702ea7b2c68c0f706dfb32a03a8c0f6815ca4921,dev
left,337335,e16657ce0196674f317a065a8f9b42fb5ac2cb7b397ed6503017d086ec147692,dev
left,337345,af1c515de0ca4a29364f147964989e58ace595183719290b3fd2be49d6b55521,dev
left,33755,bbae9cb76d45bd7ab833fe13f1faf0258a16c7c217aa3a75e20029fbcb42138a,test
left,337610,d71b3375924e44fd0e9a82d3fc176fc04b56f5d316ebdccba73ed38f1835f8fb,test
left,337615,d71b3375924e44fd0e9a82d3fc176fc04b56f5d316ebdccba73ed38f1835f8fb,test
left,337845,3ce2fae1cccdee663735ebeba4fe2bc467e1198969e2eea80640a44aff816f77,test
left,337910,90a721bf71a7a8868ca40fb91ae47823f2202944ba41649d127258a7fecff018,test
left,338000,f9df11b0ad16fabb981266a02ebe006535e5f0543b631c7ce74368b02f0e1b08,test
left,338155,2038b07470e38678022fed99923f7c5f39df97df0f1159d43c75ddbe45b9483d,test
left,338315,ac6ba176d6337f3aead6ee4a575c0b4e432dde18e1377981fecc2f869838e93d,dev
left,338320,ac6ba176d6337f3aead6ee4a575c0b4e432dde18e1377981fecc2f869838e93d,dev
left,339075,032fedb85ac155d2ee58231d47e5bc13f8253f47e8a4da065254448ae978cb4a,dev
left,339080,3e5640bf9bc5fdc9168939156314e27dd784f8d7f0dc8484092cef790cf349d9,dev
left,339125,5af3c3f684c5bc2534445cad64351f65f3eec985892dfa3562c980268fd01903,test
left,339220,c06bf80969d2d3c750606f599ebda235dea7f412e298845c13434c6854ddf4a6,test
left,339240,57af85f763a4a232a1e08fa9bee77f147072633506a7f4427003be270b248b4d,test
left,339265,2821e72fe669b76c8bc766c9969bb881bea99c25a67d602003b62fb14e333a36,dev
left,339395,60e8f8e2e6414d911a6587b1e97ea6bd214e3fe0897c3164d3ddb005c79643c4,test
left,339420,4ca807c49539e44ff606e4df587dc8873c27cbaa9a1d2c9ce72f171588398ea6,test
left,339800,46a1e4187f821de6ef1ad1836f83573ad04326d6904c9f73aa36433e64eadbdc,test
left,339865,4c997fc8ed9a421b165c846fc1b9d4f0846d9da147303121748c4378fb56642f,test
left,339970,c3fb1e628458970348f82ff31175e71bbef1877815e5ba80c1a3159a0bf0f968,test
left,340055,44ada23b70c1fa2a57cc9ec98db68d62e7600193e4b841bb8cf07006cfa9a219,test
left,340080,44ada23b70c1fa2a57cc9ec98db68d62e7600193e4b841bb8cf07006cfa9a219,test
left,340085,44ada23b70c1fa2a57cc9ec98db68d62e7600193e4b841bb8cf07006cfa9a219,test
left,340095,44ada23b70c1fa2a57cc9ec98db68d62e7600193e4b841bb8cf07006cfa9a219,test
left,340110,44ada23b70c1fa2a57cc9ec98db68d62e7600193e4b841bb8cf07006cfa9a219,test
left,340135,44ada23b70c1fa2a57cc9ec98db68d62e7600193e4b841bb8cf07006cfa9a219,test
left,340215,ed692535137993f86710f9ee1767dbb63f796903669ee232dfb3c21740fdc80f,test
left,340250,715b170d7636aa2947f764f0f07f4b9ad47902db9321f47c00819ad4c49a71e6,dev
left,340615,f478bb857e9b9e3a99c5fc8755ddbf94d9282034aea06663da8b5bb11abeab66,test
left,340905,abb1b24b05db6f96c8451dfae81f55eb14fa75b12b349feb60082076f142bd53,test
left,340915,ae3142eec7ced3c81c2123f42b60e22bdebac9ac4cb485af58831490902ab26f,test
left,341080,f49e0140363496a69f24a5b9cf030e071d267a8ca45f6a9123a4bdbed1ea9ffe,dev
left,341095,54bc8def5dca0fd40762eabd3637a98eb57327b83413da0c3d918350f62b3278,test
left,341105,54bc8def5dca0fd40762eabd3637a98eb57327b83413da0c3d918350f62b3278,test
left,341125,fe3d2f539fcfb908c627eaf6c4f431d9ae989070220f35678e7275eeb560ec4a,dev
left,341175,0e348087a66059e0df8279aa0f0307528286f464fa2bd6c9f18520133c67f420,dev
left,341340,8d6b8e217ed5a39b4bbfb66b47cb8ba740fd470cd5a0e9a3edace231d0ae4e8a,test
left,341445,1f4950b905b317b9fb24d59a8f83a7cbaebd272d168913535b696cfe5e598341,test
left,341570,22324d5fad29780e5fade9afd2fd78c814e149c70e2234d23b6cb2413d87f44d,test
left,341875,48d00d9cbb10d0b8ab5701ee5c817faacac9cd437e5686e44afc6f4fcb64304c,test
left,342025,e92037d890a6c65a443ca0af1e188fb08f9befe83e074c387179cbf50c833de9,test
left,342065,7a164255a958f776ea57a0ddfb8a06654b02f27fcda64936f9faab31f14b125e,test
left,342175,e14f4a11a53d0fcf5913ea6952dac06fb901f2e988fb5146ec7c496136d9e5cb,test
left,342215,8e5a96b8948924a38a51d45eaaaa58c2fd5af7202042ad6625698072e90bdf86,test
left,342465,ce03887e2b9f4c036f4e6c6362f2776f5b247af4b13969bf0399a8de5b4e203a,test
left,342470,ce03887e2b9f4c036f4e6c6362f2776f5b247af4b13969bf0399a8de5b4e203a,test
left,342510,68b4e63495c9a177de7eaef56c8761f6e2015e3b08780add2f8d31f1d76fe7dd,test
left,342645,c523e9959af3a2ea46d71e2e3da4a0ea6eb63429da1c456c1ee9b461c14dfd43,test
left,342760,600f4a719ec2915b829575c68b6a5ca3e1acea8a6400af488c577063aeefd3d9,dev
left,343010,802684f677a903f9b0646cfdb52217cbb39ea6ee5d3bd8a0dc4d9be5e05e602c,test
left,343385,7dfad796d278067f9084117a7ea76ce3c7061776c06c1d8ec2ec5e85640265c8,test
left,343525,bf6d532a50fb1bfbc02d8c75d70a9dea885c16032a5084af3290ca1bcdec7552,test
left,343765,e91d8ded7285203d2e22afaa77a1e020cac890d7596ba2565d8cc8ab1c96b339,test
left,343785,859eac506f5e34daa55fdd7e5e7933fc2f9968f62a2f0339d396989281360ab9,test
left,343790,4ee2018dc511e5cb8c52cd82629e5dca74bafb3e013c45f3aa1aeede8b15b9d7,test
left,343820,924389afc30c553852da0c3a0d4a19ab29cd2e340ef2bec5a0573e47e20a1d8b,test
left,343950,97c33b2bc7965dc0fe0781a4dab38d59367950135a84be0d79a0d42be95d774e,test
left,343960,97c33b2bc7965dc0fe0781a4dab38d59367950135a84be0d79a0d42be95d774e,test
left,343970,97c33b2bc7965dc0fe0781a4dab38d59367950135a84be0d79a0d42be95d774e,test
left,344100,4c9da84731e4b73185bf54ea4ea771c8f1f99ef514bbfd672d010ec6881a6081,test
left,344105,4c9da84731e4b73185bf54ea4ea771c8f1f99ef514bbfd672d010ec6881a6081,test
left,344110,4c9da84731e4b73185bf54ea4ea771c8f1f99ef514bbfd672d010ec6881a6081,test
left,344275,c49e657ed74097ad6c3b9a9de4b732cadd7a23a20983e8f4db1da35de50c1129,test
left,344520,161f6aaa34d8a8707b2a5ce2f82aa13ad82b6222d59579c1c5b6a52631409994,test
left,344840,c8d537dce1b353591266fdef72616f10316689168053258fce596d82d5e44057,test
left,344845,c8d537dce1b353591266fdef72616f10316689168053258fce596d82d5e44057,test
left,345020,7312c7f4733f93dd54618cf8a355198178afd4d30dabca599f52976609f105f1,test
left,345125,31f0957718de7781f0eec9ba0a62f5d1cb01ac0c08d120693c9f634242e7be76,dev
left,345280,ca913fe4b346aa023ba4837e149f9fddffebf4979cd61443548c262f4cf5f049,test
left,345485,a59b4e64d9273684db005d757c3a9563bd3d32efaa11335e45ab216f45414188,test
left,345560,e109d01c4e58437024f36e7dd033675928d5a10ba8dd8560457c6cd745a16850,dev
left,345625,76bbc43e913d831a7ebeeaeb319f94a2d08a2d0eec0f996e7d2ea7c0201b5220,test
left,345675,6c1de77fcf8b7aa40ee79cdee077ed2e817ba448bbce88179924942726e9d8d6,test
left,345740,4058dd3b2a2cebd3f8aae50628a42d6c66bff2baf628011fcc4f97e4515bae05,dev
left,345830,337b3eda302a64bfe9ccc26ca8fc01195a1744ff52915cb9c2f32ac49e19ca6c,test
left,345885,e1f6924032802975bb38c2d54e71450b173e029efd823f505e14876da8610361,test
left,346010,4268053bd395a552e2771f4a16b5167f7a6f6b9a2aedf18d288ba2fc9daaf169,test
left,346025,b504a1ff0279b7b9cc2e4c90a9960a14ff7b4c4a326d83104a1607166037413d,test
left,346045,ff63735322cc1b25a71b030ca23b4bd60ccbdfa399011102dab0df0afffcbd39,dev
left,346090,627c0ec5066b343275b45c425df9ef98b3b921f862a3f5a457afa4139b9ce023,test
left,346405,39db16e5dfa9e19e5ac2e416d868ca3c8b81d3be45bfe24533d485f67e2b5554,dev
left,346500,06353f638edf7c9375541c2c031aaff46e1d6ee3150773757a37d26d0b2bac98,dev
left,346625,128dda823bb7e53209983f272e979239c793c6998ce432c9bf746704609f931a,test
left,347070,769d5da6ef399a8810ccd31413f3fff70d903bd341cd4d7dfe465c292efd3203,test
left,347210,6df4db0fdf195b713329fddef4ce368f660af14fd0892834e1f6961ad6384754,test
left,347360,cbe3fd41a6a23ccae1df9d80ceea1f5daceb0816e3702aa21a0a2f4b9256dfea,test
left,347370,cbe3fd41a6a23ccae1df9d80ceea1f5daceb0816e3702aa21a0a2f4b9256dfea,test
left,347375,cbe3fd41a6a23ccae1df9d80ceea1f5daceb0816e3702aa21a0a2f4b9256dfea,test
left,347395,cbe3fd41a6a23ccae1df9d80ceea1f5daceb0816e3702aa21a0a2f4b9256dfea,test
left,347400,cbe3fd41a6a23ccae1df9d80ceea1f5daceb0816e3702aa21a0a2f4b9256dfea,test
left,347401,cbe3fd41a6a23ccae1df9d80ceea1f5daceb0816e3702aa21a0a2f4b9256dfea,test
left,347405,cbe3fd41a6a23ccae1df9d80ceea1f5daceb0816e3702aa21a0a2f4b9256dfea,test
left,347410,cbe3fd41a6a23ccae1df9d80ceea1f5daceb0816e3702aa21a0a2f4b9256dfea,test
left,3475,b6aefc0dda64955c712315adb1d7777e14097755bd16864f249f69921dff8cf1,test
left,347505,67b34e7a1eb003b5eae50cd01ed1cbcdb00f83775f5975edca20edc860a14469,test
left,347615,3059b655d59b4da68e49e3dfe4a41f374663f88f3414e01bfd0a9138018a136e,test
left,348130,a1100680076bc4d32d131573fe47078d7e62e8976e6fc471b4bac2f2130e994c,test
left,348310,0d320f8ad305b799cbbc40ea86e067c1aa55fa0ebd0ca0fb04d8218169103a14,test
left,348410,2365ee3aad78e13d459e050aedf82e102cee94b706c207cdbf488d5e5f3b8518,test
left,348550,9a7fccb53ab2f92b8658efa96b136023270b726c2d0f0c03c995fb9fd6d2ed7c,test
left,348561,9a7fccb53ab2f92b8658efa96b136023270b726c2d0f0c03c995fb9fd6d2ed7c,test
left,348565,9a7fccb53ab2f92b8658efa96b136023270b726c2d0f0c03c995fb9fd6d2ed7c,test
left,348570,9a7fccb53ab2f92b8658efa96b136023270b726c2d0f0c03c995fb9fd6d2ed7c,test
left,348675,edc4bad087adc991d54054d46f45fd9a4d3f287563f810b0045493a40534942d,test
left,348780,7e17a577d49946890516bfff7b2519e9730d4fc646e365399e655c988888fe1f,dev
left,348785,7e17a577d49946890516bfff7b2519e9730d4fc646e365399e655c988888fe1f,dev
left,348795,34462fa6825eb201748ade01baf72ac016933601e17e1e38e2829ace215f0dc3,test
left,348825,ddc78b55b8919d7d1e98a4db4e697718525a5c597039a67beb76f2955b8be9b7,dev
left,349095,6ca173c709449307d2fdf3b0d41251637ccf94016f5154f6718ff851456ba421,dev
left,350345,6f8035ecbcac2c979bf964e7007b46e8a4837d9a497b2d2527ed0d84e41f6a7a,test
left,350355,6f8035ecbcac2c979bf964e7007b46e8a4837d9a497b2d2527ed0d84e41f6a7a,test
left,350390,43682a1faad0c07d5e9f6158a3f3da3bb503df747268d64b15c487fb086b9d4c,dev
left,350650,fffbdc42b887e8aea2d5100afe250809f803637a77ce0348937c88a6ab06bbd0,test
left,3510,0637751e0984dd20a352bb47017072a41af68a220d9847e6e688c090a76829c4,test
left,351020,eb0123112e547cdbb9d270850da6ab16046d70489035434989ffcf7239d3f20a,dev
left,351140,2c6990236ea433c2bf4d9dda10fab626740e741ad8135c5274cea0443f40f8f4,test
left,351605,cbc4fbe2f1290984f0145e0819a337120c5371f627c59cf03aeaf28590247a9e,test
left,351920,4e767edf8ab361c19861f36cd5bb4f233abe3bbccd0741b12c3b3330cc2a8bc5,test
left,352100,30e07ed69b061761ac70b2f8a5f5f1b222946cef767fe14185c077302d12fa9c,dev
left,352210,ceb4f9796ce1481161a94bf798e497177856018836e82b788e6c37b97fa356c0,dev
left,352220,ceb4f9796ce1481161a94bf798e497177856018836e82b788e6c37b97fa356c0,dev
left,352375,d7d2ce27696ca2fa1f7647ddd1e20aeff4fa274a797fd334ef4b2ad83aefb9a3,test
left,352475,ce50310c4f2532279a2b375bd07c48cb69dde85d3672236ffbdc8ff11c462cf7,dev
left,352535,f684fb568e223c36712107a8f5b4223d70596c715d975991fa90a916378cd606,dev
left,352960,fce8c6b8cc051c4fc5b32d26bf7c10054364e430d57649e24f2ec285feaf6971,dev
left,353215,7100448c5d54dec683b650e211950e8c209b44cb2a89be705cf3b58c24029886,test
left,353250,820593348b39a11fb48e17d691f021daf9b8a5537e82af3bcac39f5344a36653,dev
left,353340,d3766c01863ad87af3ecdb98364c99d1d5a5f2b4bb52c682d3c85fd89aa04254,test
left,353535,e042fc195b1070b037f5dbf13b0c7231fc39503c9fd93c1e8ad25e115d3de665,dev
left,353545,e042fc195b1070b037f5dbf13b0c7231fc39503c9fd93c1e8ad25e115d3de665,dev
left,353820,cd9bfb74b9e4dcb9375a208ab595f8209d56c42f1775c77d4f00399182912e14,test
left,353865,85017c8cf055bf84043e336b869069002413dc225dd9a694c567ed26754e8189,dev
left,353930,9023443a4aa5486b6fe3dbfbd6d93863d69d5ae1de48d4b4e067c8722c1ab1d7,test
left,354145,f5440406ae6a47b11959a59c454d2d817ff87b0c3480131a5f55e127755ff49a,test
left,354365,07e4d5830f2702d91ed505e3ca7d95aff05e450ef135c8dbf51ba7c0553ed606,test
left,354425,69d0fd84b04d75e85dd42e7bdf3860e684aa2681d4d2b12bc26efbb3280de5e9,dev
left,35485,469ac897682eb5fafaaa42629174cbb333067618dc3c14d2f7c21b5676d35e85,dev
left,354980,12283f1cfbfb5d79eca181290bf298c1c799f0a77a2af715fd8fe7cc6ddd6810,test
left,355080,ee5412eff3b91c2c9ce8e6aa1f6630b665d2fbf747ea816f31be98656ad58149,test
left,355180,ed0e6d8bc628e10769da1f765a989bec74fb509f5de8f76c0f9641dcb484954a,test
left,355185,ed0e6d8bc628e10769da1f765a989bec74fb509f5de8f76c0f9641dcb484954a,test
left,355255,d81669a11f6c55256f2dbed0872051088c751558578aba38b621d4c4c43486ff,test
left,355770,566fe3432c0cfe52cbdbdaec45c58c6f7371a4dd4a6cd99f57174ce1101115a4,dev
left,355910,6609e15ccb7851b66b59a1207b0fd6f9dc0e1c6dabc8b85b1fd720b33fdbca4f,test
left,355915,2586e7d6a3ae182180775e37953a561ddbb46bad71efadee270ecf0acba47a14,dev
left,355925,c672b552390031d942b58ef1fd689e50e1c924654a00c3b131a6b09fe89b3466,test
left,35645,699d76e650e8468a8adc73c1cf1b76ef66eb64c1468cb812480260f8be58e5b7,test
left,35685,07c62b95f8a5eadff4d4d924989e2165996ed95dff14378448e8b7da32457047,dev
left,35690,5f94b7c21bea645c8fb85dfaea441d1b818f6e0a88f3064e3859cf7e49002498,test
left,35691,5f94b7c21bea645c8fb85dfaea441d1b818f6e0a88f3064e3859cf7e49002498,test
left,356940,566fe3432c0cfe52cbdbdaec45c58c6f7371a4dd4a6cd99f57174ce1101115a4,dev
left,356945,566fe3432c0cfe52cbdbdaec45c58c6f7371a4dd4a6cd99f57174ce1101115a4,dev
left,356950,566fe3432c0cfe52cbdbdaec45c58c6f7371a4dd4a6cd99f57174ce1101115a4,dev
left,356960,566fe3432c0cfe52cbdbdaec45c58c6f7371a4dd4a6cd99f57174ce1101115a4,dev
left,356965,ef18401fa7770d2dbe382abccd0a29eadf9bd91a846367638a8ba24117040738,test
left,35705,5f94b7c21bea645c8fb85dfaea441d1b818f6e0a88f3064e3859cf7e49002498,test
left,357130,1531ea4834f5ea896863bb03d3e8d8111a09d4198f0e6606dd3f4a42d51a2eaf,test
left,357175,36fe7170ee8bfcf03ef5dc13f14ab95ad4e82ba89f60d1f276866fb1c1adbe89,test
left,357180,36fe7170ee8bfcf03ef5dc13f14ab95ad4e82ba89f60d1f276866fb1c1adbe89,test
left,35740,5f94b7c21bea645c8fb85dfaea441d1b818f6e0a88f3064e3859cf7e49002498,test
left,35750,5f94b7c21bea645c8fb85dfaea441d1b818f6e0a88f3064e3859cf7e49002498,test
left,357520,da37695ab3539f99a1d7049af78d86001fe20581ff209504b73478485bae6455,test
left,357605,ee5412eff3b91c2c9ce8e6aa1f6630b665d2fbf747ea816f31be98656ad58149,test
left,357620,b6aefc0dda64955c712315adb1d7777e14097755bd16864f249f69921dff8cf1,test
left,35775,5f94b7c21bea645c8fb85dfaea441d1b818f6e0a88f3064e3859cf7e49002498,test
left,35780,07c62b95f8a5eadff4d4d924989e2165996ed95dff14378448e8b7da32457047,dev
left,357975,89a8629880250bf71bc2a7e5c009c2cb976d94051af3dd87fea305aecf8f9b9d,test
left,35800,5f94b7c21bea645c8fb85dfaea441d1b818f6e0a88f3064e3859cf7e49002498,test
left,358095,d471ad449d9afb9a978a9a420a5d337ddf895eb793d1822348959bf242e8b803,test
left,358115,f684fb568e223c36712107a8f5b4223d70596c715d975991fa90a916378cd606,dev
left,358150,463c73008ab0d335870f4276b6fc9995d6f14d08fdd84cddb201e79fc5fbd626,test
left,358155,463c73008ab0d335870f4276b6fc9995d6f14d08fdd84cddb201e79fc5fbd626,test
left,358165,42da0adad8997c192897243e490f991be6f54e208e99e5932d3d6d208ed79366,test
left,358295,5be3314fd9413005528d8f9c1fb662330228e27c403fc20bd0985a46297fbf0f,dev
left,358640,2b972d6b96841df214c89f95047275e37dfc2cd2740d1d04f6bf9c0c7e0a0ec6,test
left,359100,e24325eaed4d40a30f2c84a282f5f92d19c5af9a5439993e971f90de6b4e87dd,test
left,35930,83211c85694fc8f04ac7f1cb017350ca6d40e372ba86ec760276fec940ef2b9d,test
left,359320,c253b91479cd70b17290704582395b938bc30b8d791b83e5517de3f99ec861df,test
left,359335,07540a658eba8825d56ff0388e3b58a00dded1e907e41668dcbb9c9786ed5b4a,dev
left,359350,cd1ed4e92e275d78e32c1960962243c97496362e31bd30357171d073ddaef6ed,test
left,359650,6fe7dfa0a78b2f365b6bcb1d2fcb22b0019c3bdfeb411fb1ed657520b3fc80c0,test
left,359860,6617fed0983732ed289847c0f60f72097dc0d7f55c1f5a82e523e040a7242440,test
left,359990,7d7cd80e867f78241e359f6bfb2ab616d49e21e87323102cad77135b7049d168,test
left,360025,5dcac7f5ac5460c1966d98259688bb09a39fd1329c27f455bcea2dc88347d426,dev
left,360300,e3db66a7cf67b0501b04ee6150835e72d88adc2ad789a73da6a33553236921de,dev
left,360425,83211c85694fc8f04ac7f1cb017350ca6d40e372ba86ec760276fec940ef2b9d,test
left,360750,a263aa6070c3ae05c11560e2793f71df41f7b196de4a0c5b91ca7dc8489e03d0,test
left,361125,ab99042cd641bf60ee70625090cbcc7219292d28fb05f860248957edbddd7af9,test
left,361130,4b95850358da42cc2d39060af86b31af3d0fd50c793dbc0479a4662686fcae26,test
left,361140,683a5634281430a8234254f678f91af29ad2bb84c9b5fd16816f63239134d270,test
left,361195,82c58f3672bbcbe378e21ee7744d3df6815e20de28ecb16d90ea6428f6d0e13c,test
left,361325,b9b90f1c666d917386c751e66643737b857971bdf308fade4e0d281d4a0210d5,dev
left,361390,fe6c17dbebc10a535c6d874a42ed9669b21df457380465129be076e60f02bff1,test
left,361405,fe6c17dbebc10a535c6d874a42ed9669b21df457380465129be076e60f02bff1,test
left,361420,64ab3211123c04022b152a4b414d6796b2275dd10978e3d29c14227cf7a05ad0,dev
left,361615,8a803212a992b8d7d92d87dfdc5cdde24e57a46a40314e81288aaa242b90f4fc,test
left,361625,59245f9293a1e49cb4aad783b87dcc24817231bf32cb4ef9b5a15a6a79fa6861,test
left,361640,da5651d597b9913a3021ed123904ee6cdfff75d06870cc08d53197202f86278a,test
left,361730,1105664e776a2566af68feffff37a660c439c07e27e621ae8df21a4f4583588a,dev
left,362170,f08612352c5f394b2dd6985e1029d1dda7a2a5ccade107fc9a11e177093b6259,test
left,362180,f08612352c5f394b2dd6985e1029d1dda7a2a5ccade107fc9a11e177093b6259,test
left,362185,a598120d35feab12090758a3ce5f0af0bc9675bc666d057552466d8b2d4b80a6,dev
left,362205,5387bcade6ce0ba6ddff2b05d973e04e6b4e1edf684a59649aca5ef905576632,dev
left,362230,a598120d35feab12090758a3ce5f0af0bc9675bc666d057552466d8b2d4b80a6,dev
left,362320,70eb158b0b0e26d0f0cb808010d3fde24b0e2611059ee28b26a9e3178f4813c5,test
left,362335,cb6175833ec3f74856f51f040638afbdd0bb96acc2f610bc8e7c21bef158cb15,dev
left,362675,b227930d7088cb5abd80ed65419b4dea00081f8f1702855f8bb16b167a6f9cdc,dev
left,362680,b227930d7088cb5abd80ed65419b4dea00081f8f1702855f8bb16b167a6f9cdc,dev
left,362715,c3fb1e628458970348f82ff31175e71bbef1877815e5ba80c1a3159a0bf0f968,test
left,362750,bb2e9057f85d455cb9fd432b7fbfa17d2745615f5c2de5764e565f99cb3012ab,test
left,362775,b227930d7088cb5abd80ed65419b4dea00081f8f1702855f8bb16b167a6f9cdc,dev
left,362780,b227930d7088cb5abd80ed65419b4dea00081f8f1702855f8bb16b167a6f9cdc,dev
left,362885,1f1796679f39cd4e3f589a1aee3704d633aa0cdd963c51d90ecad2d1541ec2df,test
left,362900,bb5280323f1c4c316c7f220ec96a494dff256716538e76d9b8c56261cfd5e64e,test
left,36325,700d03fea0630886c4bdfaf21b02054b76e9626f26309bf50a1a70a840600884,dev
left,363370,f5ba7d209d7229cd7f320a80c1fb55f602e17ecd63efe36bef6081f6ee57fe05,test
left,36350,6c55fec81887c1bd21d4bfdef3073c88b47c4c6bb3917066bea5fa96510830bf,dev
left,363640,8313b114ec7bd879f69eb3273843c013aa137e00da2e7e2ede368d8964091f6a,test
left,363645,0fe83e2c982fef86f6924dc88bf3b505e423acaaaccd3fb4049fb8893fe8f678,dev
left,36370,e820283101a5c0defe452a8731e0a80b665fdf8a282578e9ea6e2b62610f317e,dev
left,363725,16467232ad77d9d60893b6fd7f08ab1c468495ae0953f63f36347939e8fb1b22,dev
left,363770,aab540bbfbad0321825dffeeb942bb3d7c8e81cf374c2a3a8fb1661400463a0d,test
left,363810,8aaba9f368574c977d7f69f1fb06c970a7d7987352833e108983a51b9263cb6e,test
left,363890,42c4b43235c7e4eb2f799e5a98b402334436c327624bada38420dc73fadf0c27,dev
left,364275,c3fb1e628458970348f82ff31175e71bbef1877815e5ba80c1a3159a0bf0f968,test
left,364780,8af4c57b31c61f77b94ce52bcd5541e4225055ebc8049f8450812f3f48a66de1,test
left,364800,325ce8bf6a372cfdf398bfaff85baf1aaef139f6615efedd32ebd153c6146707,dev
left,365,f3d23d5ae56264954c5fa946737a7158fe1996b97d3527eaab7cbe7d58fa812b,test
left,36545,9b8eb6e7e4c22fd0a18d2d6c39d3db98712d422550dcb739614475e3f2377424,test
left,365455,4786c09352d2ec446da2083680039f1e2bd7130f9d79f4768d077fbbcb6ba15f,test
left,365470,4786c09352d2ec446da2083680039f1e2bd7130f9d79f4768d077fbbcb6ba15f,test
left,365480,4786c09352d2ec446da2083680039f1e2bd7130f9d79f4768d077fbbcb6ba15f,test
left,365515,e8c874cf666d1d46a5062fde687804b5d403a80f616b12f6ea223ea64d33d65f,test
left,365520,e8c874cf666d1d46a5062fde687804b5d403a80f616b12f6ea223ea64d33d65f,test
left,365535,f6bbbac9d52e8108fbb598294f293819e0accfe98d1f0f8e2076dc27c8c50280,test
left,36560,7ec4660babffbba5b6539c10f389beec839e8fdd2ae99ffec14e507c0e6cc81c,test
left,365660,18b86a71f6cbe7b1ef3ae9eb0ff58c49729d13f43af55a18644890981845425e,test
left,365870,936a88599cad2fe1a8e381437ca716dbb8166f2e20eb908d92bb773ec86ef671,dev
left,365965,17dfb7880904d04d0e54206a57df23ec81db0e1efbe1b0d989232504b167bf8e,test
left,36625,36df599a351d1d2f6ac5012d190e83448404b2cec505fc24eca6dd3e4ea70669,dev
left,366340,bdfd4058e231cf2b49d99cc80c6d0a7bbc5b0b7c07ac50d19e9ef4a24a13cb2c,dev
left,366835,78edfba3de2d3345c571065e389ac0b2ce33196c26655464e89f6f2316b71a3c,dev
left,366855,2308902859e7b3066d12d80437bf8ba65cac0c6a90acc25e84c1ac06ddb597a2,dev
left,366870,2308902859e7b3066d12d80437bf8ba65cac0c6a90acc25e84c1ac06ddb597a2,dev
left,367185,a3404b8dc18ad21f005386bb2e7947ae410815bc05eca13123921c4f827d7b38,test
left,367520,03baa2663c68289bb039c8cd5fa9cb4a6bbd298ace64c7f4a638b7afa512438e,test
left,367555,03baa2663c68289bb039c8cd5fa9cb4a6bbd298ace64c7f4a638b7afa512438e,test
left,367560,03baa2663c68289bb039c8cd5fa9cb4a6bbd298ace64c7f4a638b7afa512438e,test
left,367635,3b37d5e68752fe0982f2aa106236ad18efecda71f4e8c7d2300b202d45f1950c,test
left,367675,8dce99a064bad01bcce543bfed33ea345197a0984f100bd64240e7b4f67c5f19,dev
left,367765,bd83574a0b0629aa33d1ac9d98f8231ec4e53ec0dcb873db67711118cd946ee4,test
left,367850,dcf1d52419fcf72d9a753f7227e15e13f672fa11137f5f3a53942ca4377b563f,dev
left,36805,dfb40c368218e156ffba1a47ad30b17322ae4b5e3b623b3d7387a44de70ff9e8,test
left,368060,f1a2031a910f19123f6ef5df6d307e8db77fa5d89f04ef4b34d5da736cd83277,test
left,368085,4fe52eb4e39303092c6ed9c006f2a5e1458ed6b113d00f0a5ea3fd897446d58a,test
left,368135,82b15ad1b5240606e3789c7a5e880bfe87a2f2093845381bfbcbf0d2e980ff3a,test
left,368140,82b15ad1b5240606e3789c7a5e880bfe87a2f2093845381bfbcbf0d2e980ff3a,test
left,368155,887c11c22f27a4e6a188258a3752f05b47ef799b233ca7671b973f7cd33c83e5,test
left,368225,264e40a72e09ff8c29c3305b2ca4c05d21b74dce6ef8540ff03dc1d132d919fc,dev
left,368805,2fa3237c4bee0139fdfdb87ae3dea6cebfa86fa050279173f0a6f7236a5f9bfd,test
left,368810,0a30c5e2dd932147b4126912b82fbcb09bd840daf4dde419b2a394e05aceed7b,test
left,368985,c15326d26133d7dc2a67490d8113b71be595f466d41c7497497878b639c6551e,test
left,369090,8e80e44b57ce79c18ca69c6d2d01b2b2973c2b3ead5d76bed20a394c1eaaeb7f,test
left,36925,280fd74881220977fbaec5408444ea7b9421d89027e760e3fe8b4c71bc3fb19e,dev
left,369275,9fb1c5c1b0e7f0bc2201aff7a7d50335c3dc10dff84ace4881fc72db938efa9f,dev
left,369320,d90df9eb7cb3da5490fd721d9f61fdaf7be9b17588a4fe3fdffe3a6409709b0f,dev
left,369475,8d6b8e217ed5a39b4bbfb66b47cb8ba740fd470cd5a0e9a3edace231d0ae4e8a,test
left,369480,4b7b31ca6e2c43282cd0733ca1f74c21dedf7b320a183b4485f1a5c42416093a,test
left,36975,24090e01b61516250ea7e377241e73e903322b094e2de55c3bdb77c67701e2c4,dev
left,369750,b92b82ec1df557cec9cc75575f83693acdf6cb4f9a8b26a65e397e6e0544fb0f,test
left,369825,5be3314fd9413005528d8f9c1fb662330228e27c403fc20bd0985a46297fbf0f,dev
left,36985,8fc269c518b0500a3b0535e1830fb0fb1ba2a0d457512704002ce190cb924221,test
left,369885,193d304716b3df8b5b25a981a7b11df2005f050cb7d8ebca7440510851dd9ec5,dev
left,370055,97f1e5b3895559b670fdc5602d86b546f6bf5335aceece4673f648a348812291,test
left,370110,0873ef2c1566a3aa863b296ce3bac8379c19bc356d1e39f41e6c5b28b7a8d146,test
left,370155,22772ade2102bf2a34d623820cd14b3bd5a4a5b699020cb6dcf5f0eb639f83be,test
left,370156,22772ade2102bf2a34d623820cd14b3bd5a4a5b699020cb6dcf5f0eb639f83be,test
left,370190,c3e796e0017647ee8377c7b45dd4c5f6397326338b8d6c3a1d1262d490350e47,test
left,370340,abd536386809ccd235aa976990bdf9cb3c582f2745e473f82e45e03451cf7d32,test
left,370365,4f24a2ca4e628c65595ad5540e8d0d68b5d18090ccd08fede07f21b8c4b6d149,test
left,37055,b6ae30a530a53b287ffbafd14b114cb3ba524b4dca4c9a5ca8a07a86b937dc8f,test
left,370550,ea7bc664ee596ed1c722c36bfff79440e122376ea7b65e2a6f2ad4822f9b6d79,dev
left,370635,3f5e2d1ec4d37834d5b3779847afd173cdb10575c9f2e9b552a13e5e7abe447e,test
left,370640,3f5e2d1ec4d37834d5b3779847afd173cdb10575c9f2e9b552a13e5e7abe447e,test
left,370725,aa871fee56e5babc48c1546d30acdbe36d470e9c203a3551ff8ee8f4cbd58413,dev
left,37110,c39fc5e481c3cd18085316e7445c88e160fc673fec4fcdc613b6fac8054939ae,test
left,37115,c39fc5e481c3cd18085316e7445c88e160fc673fec4fcdc613b6fac8054939ae,test
left,37130,c39fc5e481c3cd18085316e7445c88e160fc673fec4fcdc613b6fac8054939ae,test
left,371760,1b0e552f401a5a1c07af961790e72b62d73b7b87f88be4484fea4ab9d3d95d12,test
left,37205,8e028838ba69c88b026ad09be33c42bc2781d9767e773418fa17fbfeca7c78dd,test
left,372245,a1ae5dae29323222ecf7640282d57a972ed81275c9a494f036431a4c0996e08b,dev
left,372555,74dcd41a0f2bc032e0b823b37249386c071afca196e41a7b1d2c17a17aac547f,dev
left,372640,3da019a37d89f184fa6df8bea2ebf075fe75f019f149ac5aa8add50ff3c85673,test
left,372735,0e87c3ab9d157f5327b44db48e2f4201218a86064bec8caf7212d73d23a003da,test
left,372765,6205d1b6ac720cf5e299e89437c86452645138267bd2d47a0748725a65d43f4b,dev
left,372775,4ca807c49539e44ff606e4df587dc8873c27cbaa9a1d2c9ce72f171588398ea6,test
left,372790,9d64cfdc5f36f95f203017eea891a86389a2b7b8a35f4d2d9d64de4f0d8a2a7d,test
left,372795,9d64cfdc5f36f95f203017eea891a86389a2b7b8a35f4d2d9d64de4f0d8a2a7d,test
left,373085,0a83ef5251dd919d8d4e31862474455c2b5c5925637ec93b0a4f82cfee4d7869,test
left,373240,57bc2fabb88732a01843ebc3c4b56694f24ff36804d1a9e6f5ed53e4f1f14f51,test
left,37330,368ef2d7a6b46705e85601e4d99003199214e17099c5fa8421b7be4136ce9af0,test
left,373310,fb6ff5a9da327ce5b4bff632b50cbcccbf505508bd6e9ddd25a21f5715b31565,test
left,373440,c64c8d4966dfd502243fbf676e1b3d69a6dfa67a2340d500af679a7a8995fbb4,test
left,373535,10678cd9a456fd795c92aa65a4f93144ec3d73359916682ce351a023922daf1c,test
left,373645,34462fa6825eb201748ade01baf72ac016933601e17e1e38e2829ace215f0dc3,test
left,373750,207d07cf7402cae04bf39d7b421b4f8b8f4c317de214e72860c1c3c358526c57,test
left,373780,6aeee3e6c314639f6889e2d26d517355529b0c30d9d947c9ed75a1478dd2683e,test
left,374195,01c916a3f5def7c4ed2bddd14d7ac3c248cd2c5d30e7971513657a7b13257658,test
left,374450,cfdba456c1dad024b2cb0ab909fe38bef331a3eae1c67bb243d135ae164c97e3,test
left,374580,032fedb85ac155d2ee58231d47e5bc13f8253f47e8a4da065254448ae978cb4a,dev
left,374620,7061047651c1100f25d9a6396ff059edea8d32ecdb700580a4e69c397a6d08f3,dev
left,374675,55084f56cf65edf276183a0d068269803ff64bf42651fba60528bb55aa7ceacf,test
left,374700,d6618995edcfb833514df29eeaacaf022589551487813d31b3bab2f896ebb934,test
left,374980,fb6ff5a9da327ce5b4bff632b50cbcccbf505508bd6e9ddd25a21f5715b31565,test
left,37515,e52f404986927cd18496938c7b5cfb8495ad51960297a0b1a7adb5989a95da7c,dev
left,375735,b942a79075d346ec50590f45f7a7b5021a458d2d4bf257d1429ffe3b1967ef2c,test
left,375740,e1f6924032802975bb38c2d54e71450b173e029efd823f505e14876da8610361,test
left,375795,1b5c4c883ab24564095c25278b5b3a0bf715674f59b44e6d0fb6b37d8866af1f,test
left,375930,e75af75bd7068bddfae02109c0b0fe60bcec1df12cb23ba30a34ebfd06864422,test
left,3760,4446203e9a52d776cec5ea9e82ac9165766816f8a2c6cc9f4d2ca78811af39de,dev
left,376100,a501e4383ad2429412da5e8154849698f914a42672e7b2fdcde251f497d77ea8,test
left,376505,ce021775deef5c8249677792c4ed10782dfe264f6cd8b58ec256d12b1b623e43,test
left,376515,ce021775deef5c8249677792c4ed10782dfe264f6cd8b58ec256d12b1b623e43,test
left,376545,5d0952c4c711ef3bc520ba98ce434331271f80eb1f8ed4b1e72a037913ea889e,test
left,376750,a81a36c5f47f1cc04bc4b086d1ed057c5b14911c5679b5f00d92bf915c14e3a7,test
left,376775,8a9d5772de397c7cf2deb4780bd7363d085e04f88386028159882ffd86a34066,dev
left,376890,dcf1d52419fcf72d9a753f7227e15e13f672fa11137f5f3a53942ca4377b563f,dev
left,37695,f04ac6aa78a8de13b024915f0c23ea4753b59ebf3733224021f141916f2929be,test
left,37700,8784a3cb91fad81822091ec69b573ee3dd5fa154948d2d4ca8f8c012648bd1c2,test
left,377050,4fe52eb4e39303092c6ed9c006f2a5e1458ed6b113d00f0a5ea3fd897446d58a,test
left,37710,8784a3cb91fad81822091ec69b573ee3dd5fa154948d2d4ca8f8c012648bd1c2,test
left,377230,6bf383df8669c9c6637728cade45553cfd85fa5b8eab17fbc35325954fb8143f,test
left,377245,7a2121761f6588a89ffb305b314dceab7132f94596c75621f4ad89d6801bed26,test
left,377250,7a2121761f6588a89ffb305b314dceab7132f94596c75621f4ad89d6801bed26,test
left,377375,dcf1d52419fcf72d9a753f7227e15e13f672fa11137f5f3a53942ca4377b563f,dev
left,377545,668293ee41815ddfa3573d0ad7fdcfa520dfb070a16949bce49320ea12419fd4,dev
left,377880,d1af8d9ef18967fee7bd46fa109843f46e1068b9538a61c112985cf3a0a8dfaa,test
left,377920,2532c7ff0b75b85ad755f328ceb587d39e88dc5113d719a1319ce91444aed0a7,test
left,377940,a66bbd388e83bc16d9b91934e3454412895a7c069e50b016c5db5e90c31ef09c,dev
left,37800,8784a3cb91fad81822091ec69b573ee3dd5fa154948d2d4ca8f8c012648bd1c2,test
left,378135,0b44e623b381c8819c29a8ea70feb7c83c75afddc5af5fc49a681dfc194bbb01,dev
left,37815,d042686f6aa928bc5b5908844dc01a2e48742d6c0a7bc22bbc49e25b757b6680,dev
left,378425,a60a11892e13693bf1f96203d21a99382f6cc9991c2fd273c5d11582a3e871bd,test
left,378680,89bf2f269c9598fb5e539ca833f1515c905e99f49c8af358d434b9a16d2d1440,dev
left,378685,00c7f7ac9a702584bc2243b8e328876982220216f926f2c5415d5c5218fa1d33,test
left,378905,05ef71dd669578d8f16494fb8e879efa98fd2445b4684357a12b137d263bbea4,test
left,379040,53f090d0166984ec20292f10a9bd5f5471634b9f65f434d650e815634c2d3394,dev
left,379070,e1cf11a6fe9d5b0a62f29fc11f0709d4c7e394143a4388ce6fcf318bf3b701b3,dev
left,37990,fef2c0a22bd93db4594c1a2f58de937ac619cce87e6cfb751e478edada6b9d50,test
left,380060,92d1111cb6285c11f164fc1dbb6e6223c7467853103b585ba2c39299fa771ced,test
left,380580,4ee1597611645232ad948561e6706317006c25ccbe21be0d197d5db5fd96b35b,dev
left,381140,338aed220c1cf5f23dd8f8ee5c363e9570e7d73b294a7626c6df765bbc32776f,test
left,381450,1e34ef413aecae4c7215b1a267d9ae9d45d3e49b1f2f85703ab8f02ae6d23732,dev
left,381495,480997c5a984c3be379db58e98bc0b6fe06f3a9020cd3cb630a0c6f09787e756,test
left,381545,098cfb62d1344808ac7cab260d355bf762ca9dd5d2522630ff43cf3f893d274a,test
left,381550,e88969c6de84be91bf8c7cae1528a81cda8fe6fc91d05f65f58fe2970badaa2e,test
left,381755,d16c3e8052b0d867e7faaf673534ccdffc41871fb08897087bb3c3e4a6aecdc1,dev
left,382155,6d149414880723ef0e36afc60a0a7614c67addff0148d873aff8b72f0c8212dc,dev
left,382170,2547bd525840da29f010c0e03334184361fa2937ef79a431295477154dc9b4f1,test
left,382175,2547bd525840da29f010c0e03334184361fa2937ef79a431295477154dc9b4f1,test
left,382215,87904c1223b7bfd91b684544756dccceb3d0c25ea367389960981e487477b526,test
left,382425,044be59959353f37982d93da888743c4331574ab842684a94af424477ab66ef6,test
left,382575,6b5d282dcd1b47437b8d0beabf0f16c72e289fcf8879eac2370340108a2aa8ba,dev
left,382840,c91db0988a88829c513ad22d8474cad0c09bdb70fa42530181e59d410e44eab0,dev
left,383010,fb27e63db739c0101ae000e4fe169202162a07aaa762674247ed2819eb76bd2b,test
left,383020,85fb5bef6479e685e2a93a7db2e45c8878b2e97f33ee8354ec11b7149e09e825,test
left,383245,5764e3e13d5f4e8c98a8ce01c965db2ce6ba7b544c27c7d625453d3d33c504cd,dev
left,383340,bfefbf97181bbac91a09ac9f8301a9b81f69b37f89f63679a4f26bc92a15cb5e,test
left,383515,bbeebe9c182b00636970b193a52c378355ae73b85fb3375241bcf4fd18198e53,test
left,383555,d62ed978dea717baa9ae0c5a8ad17f79751a545e98af6f41e4f4305c22b83dd5,test
left,383670,169b62343c695da564329bfaa9388546adc505d9d17a56d7ca74944ca4c38531,test
left,383730,9fd3dc5a4387fcd05955e820f9e397992adf834a50fb1eab19ef78dcbc5829d4,test
left,383755,9fd3dc5a4387fcd05955e820f9e397992adf834a50fb1eab19ef78dcbc5829d4,test
left,383770,9fd3dc5a4387fcd05955e820f9e397992adf834a50fb1eab19ef78dcbc5829d4,test
left,384020,dbc1b1167f3a5222ad2a3289898bdb964bc9910090d2ed828a382316e774f1fd,dev
left,384400,00328cb4ae1fa5948e848623648e9d71370acf1366542572f9d2931b03fe184f,test
left,384405,00328cb4ae1fa5948e848623648e9d71370acf1366542572f9d2931b03fe184f,test
left,384415,00328cb4ae1fa5948e848623648e9d71370acf1366542572f9d2931b03fe184f,test
left,384510,b28f483e6c60b7442f09feb8cbc86f40454c0f089768f3a7e5fea61d8160227b,test
left,384625,deeabda4ebb0d082d254628e527cfcb8b01794bfebbff62f6d22de92ea562168,test
left,384645,b28f483e6c60b7442f09feb8cbc86f40454c0f089768f3a7e5fea61d8160227b,test
left,384930,d8e5de772d69718e60537680f9ce1e263b8f901208731000275fb794e83d5d9f,dev
left,384940,a103ab627def4ccb53e2e9825162959091832136a597a55dd58503702b3a0753,test
left,385785,9fc5408c08a47f15d09db02d082ce05c170e2af83ee45f91f1ad7fa41f0d1df7,test
left,385825,545216373c8183cb1146f260e726a918989965b22dcd2c9e35027f29e0b3fe9e,dev
left,385975,0e219386960e67d73f4a39ca7cfe0f119c7b13fb6dc24fad05e5e88993871320,test
left,386025,dc65771de585e4ca08d7a500844a16265cff6f34b15b27b9ad4efdfcc3420d02,test
left,386310,55f72f61322f586a23ce0741de88b9a22f03bbcbd179ca2552ebade7a66ba9df,test
left,386445,d58f9279dc1525cb8c024587eec631a0fa6c06cef06687909a3e471fd64bf1d4,test
left,386460,cb1553b5d90755b42094a551573162382a74b2a13ef1cb7632aa598d600e0eb4,test
left,386725,b7a6bc03f6a9b3ea00f519fc474b6782491bf0a3ebd85a013724832571af0d68,dev
left,386735,b7a6bc03f6a9b3ea00f519fc474b6782491bf0a3ebd85a013724832571af0d68,dev
left,386810,a0f1784997d6ce49de9705e836ba2d3fd0b3162ecb943458a2e519830384b539,test
left,386910,91cdf9b769120a539e4b7c779e77243f0489ad74d54ea4ac09922a87451a9cac,test
left,386990,8c5a4e2b21ad3837f5f4b0e9e2ae28e2ec5aa6b033b355a1568a4e6888e3a2ae,dev
left,387065,a707b381969886ea68589482c1e1526623708628e918d5918448acd5e2e81a53,test
left,387350,1ba9e3b76ad5ee9c6d130c0305172a7c206e996a0fb9c2b6931010c3ed6a63cf,test
left,387710,e302f7696e0a9bd5f7524ba94df03d5de8705015fd210f596db6a3dc8bc81855,test
left,387780,7a2121761f6588a89ffb305b314dceab7132f94596c75621f4ad89d6801bed26,test
left,387875,9317b7b33761d0cf0eb71e246515b59a120bffd9985d5a3436de09dbbb6a336a,test
left,387920,d8a60100a6e5c84e9dc830d2e6082b4758f1206381ad9a7941b1d86556dd62dd,dev
left,387980,de5e437ed1dad22cfccf7f0b4439aab42fe1611d9c675b2557c4707b1357a3ed,test
left,388075,0e6e3693e1d911efacd87aaa8ff797174ad50cee25bb718eea93c08e01721ead,dev
left,388150,3bca7d992ce7efc48d977cb8637679e38ab804501a9900272c038bca98a4a7fe,dev
left,388245,3c5ca950bc2abac1ccf52a9a2748e5b747875bb301c9acb3e3d0407764615d24,test
left,388290,cb5651ed0553ddee2be3fcba372e258ed651f90c8e4ef3c4945c8ad7005d6de3,test
left,388345,816e8bb990ac686640f74b0279637313fcd104f0e12d1aa3b1b0687754291307,test
left,388365,ee072d27259318d5e831ab7a06083e88efdc2bf6a65ec9e6aa3457f1d4fdf6a9,test
left,388390,38878efd265f63cba4c5344f18ba403fb5ef4fb6ab7a99d446551f4651d8d9d6,test
left,388435,55c12229400f9a136926378f4a5049ee570b1b530d13402771b105b2e3589f53,test
left,388440,55c12229400f9a136926378f4a5049ee570b1b530d13402771b105b2e3589f53,test
left,388680,31f0957718de7781f0eec9ba0a62f5d1cb01ac0c08d120693c9f634242e7be76,dev
left,388705,ca524d542ce98306b73487793ddc364ad675905c4a702c89429e498f5f04f4e2,test
left,389215,df67817ab025c8db7253966389ee2ca5986b6bf0bd140547111aeff2559e0f01,dev
left,38945,e50ee5d62c626479880c88988748d77b98e060f0593c083cd6eac44710b027bd,test
left,389575,857138a23af3b15720595dc598dfb3614b2bc3c6c085c65fd8b5945c8722922d,test
left,38970,36df599a351d1d2f6ac5012d190e83448404b2cec505fc24eca6dd3e4ea70669,dev
left,389895,29eef05f53f86da13bc4d67961cb296453b24ed86392ed797e037bc8de40c879,test
left,38990,3a70982a61256e06c001045884b29ca83c6a0631d2ef36ec1c69dc3ba2ac12e8,test
left,39015,3ee1fed0c1e5e0d50d09b53f523401811b1beee16667402787b25ebd434f7346,test
left,390415,841f9a258a292246c4c675a8c3fea985e8b3fa0c9528f18f4a886698217469b4,test
left,390470,f5bc76c2e531e923b17e95a1c93112323df2bc29c38c1ffe0dc6f101a3b26c7d,dev
left,390480,56fdb2e88967e21dc30f1222df9dd9b93dc41e97c1fc37b3ca3d24b307cc561b,test
left,390540,dd023daa5112f5f87bb669952a305bc8d5da6f0ad4dcff6cce512778aa7808ea,dev
left,390640,14e47f48ed428e6e1926214ece1bc8f6739f7220de1afbeb31ad713d8eea351b,test
left,390835,ee64c63d46453a90a8e8eac3c2a09bd6b79f4d7b6bfaf5132d12dce148859e78,test
left,390920,78c12350ba1979622d5cc701fa63451815d8c3492141995ab33299626886761a,test
left,391745,e1be2578dc62a1cd491b3bd6eb99fc9dd46699dd13f1331eafe702e434e4364d,dev
left,391956,c9baea413d056e0548e5b5c68d74a11bf5ca800df9d37490a7be718e2e51b6fd,dev
left,391990,acf70c1bcbddaec0c273333bbb13eacbe61346e7824fccfb514e2cd5401a2229,test
left,392035,8d6b8e217ed5a39b4bbfb66b47cb8ba740fd470cd5a0e9a3edace231d0ae4e8a,test
left,392045,9a7fccb53ab2f92b8658efa96b136023270b726c2d0f0c03c995fb9fd6d2ed7c,test
left,392055,16f41b2e8f23ce592b56db696b88718ff12457e2ff3c7c51762ccf2ba02fe809,dev
left,392095,d4fc347b5b5e57f4081adf31803303bb84e6e814a68905ac0ff2a80c4e0b75ac,dev
left,392180,11b4e3c89728e3f9ad67648affe18b45d058e9908b5daa80f605c4e52ccbb1f7,test
left,392350,c7f87f66bad0f33d18884064b91939dbe13955e5e3cd33c6b22662765d3b8b4a,test
left,392400,3b88d0967881074576ba2435e00c55bdbbf22814cd25bbb96bfea5d9db4281bd,test
left,392540,d1af8d9ef18967fee7bd46fa109843f46e1068b9538a61c112985cf3a0a8dfaa,test
left,392740,71f3a08f58faccf1822e276d45021c18bfb8e77cd0f4f710e175f4bd139c629b,test
left,392745,bfcbed7f9bfa0d361809993010590eeacd1ab267430d6106b8201502f61c695d,test
left,392755,096e36689cce339fbf4b241ef7b7ddd66fcf5cd61a946d71f99ed54d99f7f19a,test
left,392790,12df22ff963702de472c1aea788c2a04824aeee20f58de689c892458956b61f4,test
left,392865,9a7fccb53ab2f92b8658efa96b136023270b726c2d0f0c03c995fb9fd6d2ed7c,test
left,393255,0b1b72124321f5011c35ad99657911e4fff6fc1351ac46366aa493e405bee858,test
left,393265,3059b655d59b4da68e49e3dfe4a41f374663f88f3414e01bfd0a9138018a136e,test
left,393345,cd46cc8405a024e29c2db12ff7da0b85bac8760910f59112e3f97d67306b238d,dev
left,393575,3caac1a72dd483a14a3c091ff547a00b8d8114793684540da1dc235fa5881a9d,dev
left,393615,8d6b8e217ed5a39b4bbfb66b47cb8ba740fd470cd5a0e9a3edace231d0ae4e8a,test
left,393645,93a49c5ac1a1b94fb427dec16e2a37b352d4ebc71aefaae1e99f216b12f3f0c7,test
left,393665,36bca35e96176eb77861ab782391466d75373ff8b3ec4110eb997ab7ffbad65d,dev
left,393735,d65c021c527e684892ccb49c7cc8dcb2de2193f1dd0891a6e98f11546bbd506e,test
left,394000,290ccc5180e17f4ea0bf069ecc7dce4dd278e2d2c8148d908d7e0f2095c962a9,test
left,394010,f577430f62f8dc5c7ef6c111a6005a0802b65e13bf3e5f4bda29649f873baa44,test
left,394015,e4d58c3dac5a169430fc45f8162b9ce68e694118f140d776741a596f1e0c0e77,dev
left,394065,0d6c5e9fd13ac3fa33bb16e812624f69ea349217519072f1d75f068d09a2a426,test
left,394080,c574cca0a6617bfaaa91e5c90b5a2cd40cecb47c005e8b45ff5d0dc07c8bb9bd,test
left,394085,c574cca0a6617bfaaa91e5c90b5a2cd40cecb47c005e8b45ff5d0dc07c8bb9bd,test
left,394090,0a83ef5251dd919d8d4e31862474455c2b5c5925637ec93b0a4f82cfee4d7869,test
left,394095,0a83ef5251dd919d8d4e31862474455c2b5c5925637ec93b0a4f82cfee4d7869,test
left,394130,5ad52e2c2eddc31515be6307c90164423c50ef8d633d530c823b433f68ff80c3,test
left,394290,2ce36a1c6edda9b86a97214efc95aa84bb5285ba285f385fcfc3d45fbbe6f02b,dev
left,394455,23d48b7b5871bfe2151087c2e087ab285d3e14a5401b1e4ea44c5aee6dcd5481,dev
left,394460,23d48b7b5871bfe2151087c2e087ab285d3e14a5401b1e4ea44c5aee6dcd5481,dev
left,39515,7d9cb6d90c07bae373258d0ab9dcf5e403c3701a2a03429b8456470d5b568b4c,dev
left,395210,32afcd22a7dcbce1bd16bc7f8062870a3b82e5f2a026a97cefa13c6b83918021,test
left,395235,dcf1d52419fcf72d9a753f7227e15e13f672fa11137f5f3a53942ca4377b563f,dev
left,395330,5e17b873e82799cc9e1fe219fac45d4ab46741f9f9ce3de847b15eb2d27b5c74,dev
left,395355,409c10c849d9099a5ac7b56fb2840587fd8da1a613fd89d8424168506f70bfab,test
left,39540,c7300a81800d2fb0f921c8ed4930ecdc91a342560cb23c417f489285de48f97a,test
left,395415,637dff00bb2ba93da6fc551d6844fc276868c849b399ba53f3bd1d6d94c1f931,test
left,395480,9aa3d72e9f5e9b198e9b9f6511b43ee4014ef093469959efa0e82cfea1d3108a,dev
left,396270,07e4d5830f2702d91ed505e3ca7d95aff05e450ef135c8dbf51ba7c0553ed606,test
left,396315,381cf2188409cf8355f86bb8de77e37a765cd44e155860dc8c1f4cbe372754d1,test
left,396440,2a8f6887bb2d18ceda16e566478af9ba8d979e92076866f0f2de927aeffaac43,dev
left,39670,3a0716a7a4cf8a4893eb4e27adf154c464714d5680428612779e139f2ef6d887,dev
left,396740,0c4d41df51a63c3e86e2a0e6e73c09213a267863511a88794c442424301ab49a,test
left,396910,4422b827ee4a3f1b2b20b34050a567878723c16aa7f59e1499a6471f7a6aa15a,test
left,396961,dd4d43e2b9f401a1bbb773da80b92b5a2b46cb323e43936fa471d170dbeac426,dev
left,397130,3bf77bc60e24af9f0328a74a7b16db512343ae7605aa5dee91e10a86b50a7ca6,test
left,397340,9f7a2cd9f4d3b72f690408818a3b79f51e7f28c729c821b70ab126ef1e855f63,dev
left,397685,c1a0e70524cac5f9428a56166f7f3d48ea6f13791be5125e1b4f258fcff9ac70,test
left,398005,c0fd3017ad0d90a11dd702d9090f875d1c046ea927f9ac522b9440491af09dcf,test
left,398105,f04ac6aa78a8de13b024915f0c23ea4753b59ebf3733224021f141916f2929be,test
left,398180,870d1a18fbfd799b6d41dd22bf6287c816355de670daa6589d4aeadd669d69b7,test
left,398215,870d1a18fbfd799b6d41dd22bf6287c816355de670daa6589d4aeadd669d69b7,test
left,398325,c72aeb4da4e9c2eceaa6c1c167680834179bf23437e0a8f08d99d752ca717240,dev
left,398390,8028ef2eb7a8b9a747b64e264a1f9ee70d91d4115b0b100734daead1e15a10de,dev
left,398430,9a7fccb53ab2f92b8658efa96b136023270b726c2d0f0c03c995fb9fd6d2ed7c,test
left,398440,255a82e672dce114baf70c0f13d8d16417a27d872f2a86aac82e768a2d0d40d8,test
left,398550,c8e34d12fe73a4965cd7852f3fe001eff5e3213315725f6c015c8c5a3370a231,dev
left,398885,b3f04add0acb854199f34dc9a7b78d858045c6fb1685be4f2bca4cee933a1258,test
left,398890,b3f04add0acb854199f34dc9a7b78d858045c6fb1685be4f2bca4cee933a1258,test
left,398980,03fe0da1033c74c4ac200dfa2be1b65cff8a8aaa5764f84a62125c264034aef9,dev
left,398990,03fe0da1033c74c4ac200dfa2be1b65cff8a8aaa5764f84a62125c264034aef9,dev
left,399015,6ca173c709449307d2fdf3b0d41251637ccf94016f5154f6718ff851456ba421,dev
left,399020,6ca173c709449307d2fdf3b0d41251637ccf94016f5154f6718ff851456ba421,dev
left,399135,8a918830244b788b6c27344dc10507bd8bdd07fc32dd24d8bc9dd44c67fee044,test
left,399670,6c4d23187a9c6ec3afcaa0d59461b0eace61024c4d7a25e75b970b40dbf66dd7,dev
left,400325,28c822887c42ebde4aa8fbc44b2db9bbd4400fc31af0d300f5560eccc5182c77,test
left,401540,64faf919211b27a4cd74cdfb313645c8ef717e65e391445cdc051546538017f5,test
left,40250,27be95a5147162ef14b73df5e1127c341b7ffe584ae557875e5f500eb6d4a512,test
left,40265,c507b8a4d43aa6be10af2cdfc92116fede0b3a63ac20e7ced1f20c230dae9980,test
left,40275,27be95a5147162ef14b73df5e1127c341b7ffe584ae557875e5f500eb6d4a512,test
left,4040,ada7eb2801903bc5fda043e91b3370ea8a36850c762bfa27b0562e99b618ad48,test
left,405365,593178de5c93243a11bfc9dbed89d96142d9906d2d1ca44479b767f99d06fab6,test
left,405380,0c02c1d139eab83727329f4a0b9f956727b08996ecdbe67baa4ea72c7e3bc793,test
left,406235,f08612352c5f394b2dd6985e1029d1dda7a2a5ccade107fc9a11e177093b6259,test
left,406270,1411d1a8a506424fb51543751af88696da32ce86b4c495f34956505003506a32,test
left,40640,31e4eeafce67a551cffb90ba066d6ada6cfe3bcd8326e63c153568c72447fd90,test
left,406855,fe2305117be89f5f085446949c66de2df3eb85642c7e576e0e64470a865dbd14,test
left,406900,de5e437ed1dad22cfccf7f0b4439aab42fe1611d9c675b2557c4707b1357a3ed,test
left,406980,2c1cbcb6af08cddcef529d7b6d1bb4fd5083ef1d1b3b4b4885fa32e0ed499fe6,test
left,407095,5699533bb05cfa6c7bb7f721d9e9b1b02268390657d1027a9e173f979f608234,test
left,407370,837eadd680bfe2b90876c967d688c6212ea1110b2d5b815a31e6d6a5f3697da4,test
left,407450,ede3a9f81b9e89ef3cb29abe8e5028a4cc2a16e4b3c9288c48789465aba4c136,dev
left,407555,de5e437ed1dad22cfccf7f0b4439aab42fe1611d9c675b2557c4707b1357a3ed,test
left,407560,de5e437ed1dad22cfccf7f0b4439aab42fe1611d9c675b2557c4707b1357a3ed,test
left,407620,660cf030f4fe731918b65f16828136a277bf5cd0d88f5d9130d4cc442515ce64,test
left,407805,9a7fccb53ab2f92b8658efa96b136023270b726c2d0f0c03c995fb9fd6d2ed7c,test
left,407820,9a7fccb53ab2f92b8658efa96b136023270b726c2d0f0c03c995fb9fd6d2ed7c,test
left,407945,0ebb11a4e4c8c2e20c7392bd4d944637c325c958784fc2449f2a0fc032222eb4,dev
left,408190,6dc7339353671bc35c24719aa0b37f689452ef1607e62d8872b82390df2d643f,test
left,408225,9bc3d7d1700e5132eabf94e37cdecaefb6401189eccf62ae55e2babe449cd4bf,test
left,408270,a25d1c81c350fa6d71218ab02429f69d19110cef94db42cd675555e9ff5973aa,test
left,408371,93ab80f5686ba4b46a9872cde6f68165be7cbaf29854aae766abc24ae0ba39f3,test
left,408415,b7b75b646b5f01f3552ed4c2b39f3c3e8bf7df7e90a1a5d4432aedea4bd2a0af,test
left,408420,b7b75b646b5f01f3552ed4c2b39f3c3e8bf7df7e90a1a5d4432aedea4bd2a0af,test
left,408485,ee166a16d8b39fcfb670fedc4c22bcc21c32515154b7708e2d5397929fb8252e,test
left,408575,93de51ff1b1d7a082c6b9fc2d4fe8a60502eebd58edff3198a05384d320df931,test
left,408700,efe63968ebc86e8932a1b8b01d8592f36ecdab3b3a366267ce785a5445294786,test
left,408735,efe63968ebc86e8932a1b8b01d8592f36ecdab3b3a366267ce785a5445294786,test
left,408745,ff97dc861674825308219b012c52e10435b75933e6ce9dfa49ea9c98f8bcd807,test
left,408765,7439f8d9afaf70ad885bc456ad2a73ce0dbaf5a64b2e7ec19e5374d0fca0e22e,test
left,40880,a0eb6241b4498ebf0a978ebb180f798e2a90c1e25c38895d8801240121eebb42,test
left,408835,33fe5e3c79cde0871ed699f37ed05294f57731c91dd68b6375de5e7e6a2f1068,test
left,408865,3b20103edb82e1353d7a523514eb85e05adb32a3b6147a5ca0c5c130c92e651f,test
left,408875,efe63968ebc86e8932a1b8b01d8592f36ecdab3b3a366267ce785a5445294786,test
left,408995,9fa29a686cf0ba0b33dded7abd3ea2641b1e9ad1588eec49c7fce6f9a0f5fd35,test
left,409000,9fa29a686cf0ba0b33dded7abd3ea2641b1e9ad1588eec49c7fce6f9a0f5fd35,test
left,409010,9fa29a686cf0ba0b33dded7abd3ea2641b1e9ad1588eec49c7fce6f9a0f5fd35,test
left,409065,9fa29a686cf0ba0b33dded7abd3ea2641b1e9ad1588eec49c7fce6f9a0f5fd35,test
left,409070,76a8090595a8ffe5a1d936a642bf5913678788644b483e0d4badc4b3a5ddd7ad,dev
left,409095,de8e12d5ad9e690e528727e5e11a4f4777ea4758d948a03383c1184ea5041e6b,dev
left,40915,c3fb1e628458970348f82ff31175e71bbef1877815e5ba80c1a3159a0bf0f968,test
left,409345,43682a1faad0c07d5e9f6158a3f3da3bb503df747268d64b15c487fb086b9d4c,dev
left,409520,c630f9f04b92e65fd61868f51c44f52ba9068912414f51efddcd876da3bbd88c,test
left,409625,aeab2259c189df2b6888384f244cbe11989b236383c27960281ecac2537dfdaf,dev
left,409835,76b1df6a36ce91d242e6c0b3ca3415fbea224a07813177b40439dcef1a5c169d,test
left,410090,95387f244746dc712c1f81b7c2ceba107af00ca696320d683e1dfeff67946970,test
left,410265,0f0c67863a26af9446bc6011cc71026ae249cff37785dd4b240777bba5dad2ff,test
left,410960,b0e689069886d274c9aea5c1d3c615f1b35e9104bd0c11306daf41521eeb09a1,test
left,411065,9ace26265a9fc6da3658360689121328614da9321de7597da6f9d55672e88e9b,test
left,411145,91b3ea60a54204cbc5256960d857ebed7ff0e8594d65918330bcc5015d7f45ce,dev
left,411755,9fd3dc5a4387fcd05955e820f9e397992adf834a50fb1eab19ef78dcbc5829d4,test
left,4120,d5120fd72f55a9916411d7ef6b5b7970a77c41b3de30ee31bdb3337bd8f3ebc1,test
left,412100,ee072d27259318d5e831ab7a06083e88efdc2bf6a65ec9e6aa3457f1d4fdf6a9,test
left,412990,356069d111880323d06ff8222b9cc903f66152769ba8172a0be117236f48b2ae,test
left,413050,82c58f3672bbcbe378e21ee7744d3df6815e20de28ecb16d90ea6428f6d0e13c,test
left,413055,3b234cdec8970394636a8587f9603b8d55d40c6e47a49dd7f3675e0b7f913705,dev
left,41310,9ed8e488946978f023f202451b08af43abc3c615a5f918186233fa4b047958ca,test
left,41315,e16657ce0196674f317a065a8f9b42fb5ac2cb7b397ed6503017d086ec147692,dev
left,413555,5646764ae2083f53e40dd1a20d66f7dffa3f4d27249761ac7c7670286a46b453,dev
left,413585,5646764ae2083f53e40dd1a20d66f7dffa3f4d27249761ac7c7670286a46b453,dev
left,413590,5646764ae2083f53e40dd1a20d66f7dffa3f4d27249761ac7c7670286a46b453,dev
left,413595,5646764ae2083f53e40dd1a20d66f7dffa3f4d27249761ac7c7670286a46b453,dev
left,413670,29eef05f53f86da13bc4d67961cb296453b24ed86392ed797e037bc8de40c879,test
left,413830,27be95a5147162ef14b73df5e1127c341b7ffe584ae557875e5f500eb6d4a512,test
left,413980,324e13a93c264be2a5ca67664e2960758c28cc9105b07ee4bbd8debcbb998401,test
left,414025,88ff5ff1581514d76e712da01fbc1419921fc902e391cb2509b0a35af038ac5f,dev
left,414105,93916b3b35c32ee6beb8b2a97137b06c7d6435650b76a084e4db3494d89822a8,test
left,414110,93916b3b35c32ee6beb8b2a97137b06c7d6435650b76a084e4db3494d89822a8,test
left,414170,8dd1d8d857bc3a5a1ec1d2cd09cc6d1e7b54ca5183a762506c72a98cace288e4,test
left,414250,29eef05f53f86da13bc4d67961cb296453b24ed86392ed797e037bc8de40c879,test
left,414265,496476438ed8f13854ca24aaaf035cf0d3caa38bc53273a3675c8ca31415b5dd,test
left,414325,e86a62caf0172087b116d5e0752b16d0fe6ad1802ec9befc9e38d0d8224bc83f,test
left,414396,9cd4c549e6d121255417803a6a6877d85a52f5c086163128c5bd3d0eadcf72c4,test
left,414410,58696bcd16f05a696e9cfa26c7af5f18b11c93968d9f75061b1ba92eee4ec73a,test
left,41460,acaaefd24a6da6a533d3d281d766d4516db3ac541751537521a62eeda95a022f,test
left,41485,dd4d43e2b9f401a1bbb773da80b92b5a2b46cb323e43936fa471d170dbeac426,dev
left,415290,a8608de746556b13c44f0886b9f925a192cf213478d9f42d4ec81ac87386bdda,test
left,415305,a8608de746556b13c44f0886b9f925a192cf213478d9f42d4ec81ac87386bdda,test
left,415325,a8608de746556b13c44f0886b9f925a192cf213478d9f42d4ec81ac87386bdda,test
left,415395,befb682ca8b3b702a668bfddd9b202e95c5337f775a2cd960a8267b93b8fddf3,test
left,41555,c654d2b374665d4ef411c9fee3147e4bb69fda93cc3888bac441cf971d6add3f,test
left,415560,59656105346b58d901dfa9adc03027abb23ed622a2cc44c2b1b07b4426fb32e6,dev
left,415590,c36556ff946ff8786d5fb7d7c798d28b30021c1bbac3b7229e5c1c144aa0557f,test
left,415635,9ec6d87c12397c66dfce6fb57571c2aeeddc2456d8ab1a448d8a7d5e7274723c,test
left,415975,6dcc1cf9212d006d4c7a3eca78551d38c61322ab22ac01c5aa1de392892c9021,test
left,416100,8e6934879cac1af0baafbc85449089663b652d074fec02456c113cff47e75b5d,test
left,416920,6b35e8b2060242d06632bdeafa8e71b76dd773b850cb17ee623c225ccc712944,test
left,417090,64e3f2270255a9ffc3a1766e4989ba15ea0a3676ca11b1decb05733455b832ad,test
left,417130,324e13a93c264be2a5ca67664e2960758c28cc9105b07ee4bbd8debcbb998401,test
left,417140,324e13a93c264be2a5ca67664e2960758c28cc9105b07ee4bbd8debcbb998401,test
left,417150,324e13a93c264be2a5ca67664e2960758c28cc9105b07ee4bbd8debcbb998401,test
left,417155,324e13a93c264be2a5ca67664e2960758c28cc9105b07ee4bbd8debcbb998401,test
left,417160,4271db8f7d0b9b6fea63ca99e54a3bd6759b39f6f513c3f60dad1c44a5279c72,test
left,417275,0f3bfe562cbea0ce8e61fe9b9b405256a3e46a84bed06149191da3537a796dda,dev
left,417565,4ad2b42492056e6ee4d92862e9b0d61638e745a4928bac1e88ec3635c2207bbb,dev
left,417640,5535fe8ddbdd03809989e2edc89bd1f6eaff7be0d18de99096ae0567b00523e7,test
left,417835,a79bff6227e4a52203d7c902bc589c87cbf5b1f7991caa91ea7fda6117a4f26e,test
left,418085,7d9cb6d90c07bae373258d0ab9dcf5e403c3701a2a03429b8456470d5b568b4c,dev
left,41810,03e87f414b90e103e8f253f76d17c4e67077004662201674b4a20a4d98756686,test
left,418410,0d017f1a5ff2fb76fe6c79bf81fee83eed8d35d512ea8e715a176aad076337c6,dev
left,418430,74dcd41a0f2bc032e0b823b37249386c071afca196e41a7b1d2c17a17aac547f,dev
left,418680,4b95850358da42cc2d39060af86b31af3d0fd50c793dbc0479a4662686fcae26,test
left,418690,4b95850358da42cc2d39060af86b31af3d0fd50c793dbc0479a4662686fcae26,test
left,418700,c3fb1e628458970348f82ff31175e71bbef1877815e5ba80c1a3159a0bf0f968,test
left,418770,443be4f57421c6e6c11a5209cb55df313706f37235b5bea310e7120e7cdeac94,test
left,419255,254d83570f51e7228668120a5b25c5112f7bc8f94ed37384a3754b820c919a50,test
left,419525,0c3baf4c02d3fef66fbdb164febdeb8887703a391b1c610b83391418af7e8b7c,dev
left,419610,e69b887e4867a17faf39ade9e52a3e1edcee41f34ff91cc8710e45d7cb317af6,test
left,419865,4c6d93cb13c24eef128358938bea491eedf2e608a5ec455c6b08f28a96cbe208,test
left,419990,ada7eb2801903bc5fda043e91b3370ea8a36850c762bfa27b0562e99b618ad48,test
left,420025,92d1111cb6285c11f164fc1dbb6e6223c7467853103b585ba2c39299fa771ced,test
left,420225,0dc77bf179a19988935e1dfb9b9241f20a6fbaec06331a53f2a063736a339c7c,dev
left,420400,6eb3a595dbe83cd24bdbebc8010c47defd5487d79fe08dd16bb1b4cd91e08414,test
left,420595,c0182d29161ab9b8c238c91bb09d196776f14fb89bfe167a2d4d351aa2de8abd,dev
left,420650,34452edba26510f83737cf60e3023c4c189a282c7d8caf9d220ef5e68170d06e,test
left,420845,0e861b960ca00584b100dc285420c860fee3d3fe13b9bb48321cc77b3752a97f,test
left,42085,085f64c0f7eeb90182f2827b12656966a6381aa76fadebb82708faefafff00d3,dev
left,421135,26c2ed7b338c2857d2dba05b67051f21f81f00c9e4400402bc4198ddd2a94f63,dev
left,421170,3e9c03091a9f819c4441dfa6a5d757d78d40867ee4ce4259432f85b208d1e230,dev
left,421175,3e9c03091a9f819c4441dfa6a5d757d78d40867ee4ce4259432f85b208d1e230,dev
left,421661,f08612352c5f394b2dd6985e1029d1dda7a2a5ccade107fc9a11e177093b6259,test
left,42175,27e294590dc6503bd7fc4f064a0b9f8fa0ba8359c324184a6fd5dc9afd4790bd,dev
left,421765,f08612352c5f394b2dd6985e1029d1dda7a2a5ccade107fc9a11e177093b6259,test
left,422400,07909217233b071f0ee4b82605f359e0a47ba75da7b61b8ba546983527fecc9e,test
left,422435,01bd7f3260808f5b4b46dc35e47dbb93c781cc3d87336c5751c47c1b836360f4,dev
left,422535,48c81fa50b2be0c8d87decd6e64deda86441e7a9b291c9abeed11bed29409d72,test
left,422825,4b0d7c62771621907df6c115a61c883f7dfc3d24b19f9e27d4e51ddb406c4d6b,test
left,422965,b807fb355e39d1bd64bb88ca9c735326751db82a2286264cb850a2138aab8738,dev
left,423140,64450a261d6229bb70572e6376027dcaa6d82908b2f76c5a502a92d418cf335b,dev
left,4235,24ef7bed394b52bad76e8163d3226c1a3a5b36671a836afe48ddd6d842d9f2c0,test
left,423660,57ca062d31f6dbae02958f92c975594d0e769c0ef0c8004f2977bbc5f2cab4d2,test
left,423700,9f57f0b1ac1ead61079409dab00fad046a6d572ef452dbb944533d826da9a5c4,test
left,423850,fe3d2f539fcfb908c627eaf6c4f431d9ae989070220f35678e7275eeb560ec4a,dev
left,423895,f9d2d3326eba404a638900b06b7bf2d708517d557c115ec7aeefeb3db2a8f938,test
left,423930,8d6b8e217ed5a39b4bbfb66b47cb8ba740fd470cd5a0e9a3edace231d0ae4e8a,test
left,423950,c14a20ffd94940964fb41e44f85e132024eb3f22e9600fdfbc1e9055052700c2,test
left,424125,30db3a5485bc2af5b5355ada43a2e77644d75c0fc853a0c5b0010b19316815fd,test
left,424130,7bb482082c1b272201198fd0d1120f4a47664cdbfb7189121650b06e7888d64d,test
left,424145,7bb482082c1b272201198fd0d1120f4a47664cdbfb7189121650b06e7888d64d,test
left,424150,7bb482082c1b272201198fd0d1120f4a47664cdbfb7189121650b06e7888d64d,test
left,424295,5e75ab576a21b7c8e1ec759dc4312c30e14d2b1e6e818b366b11644b09f0d574,test
left,424310,cddbc68ba99d00161cca32cff6b00b23336f0659cc5a539bf9eb5d2529dd0243,test
left,424340,60b8b7d28a0b3715b42691da955de8836bc085117ab0e6567a6b60fe2b0c06e4,test
left,424395,641a9023fcb24cefc35367bfb345b6df066527c2fa8be49a78f94220e41cbd63,test
left,424485,d2592ea5a83d5b649b7866a7566fc2415fa583e3608ed2b3f2911a246d6438a2,test
left,42480,48cf9a5fb527cb5e3d46854140845aa6bd520ff7b5c22a1b0975c457e6ac63fa,dev
left,42500,ab05be48db39d8ef9e93007802d7d78667560c67960423100826084ccf6dd343,test
left,425040,257beebcfe1b5dbfd3869f54de70ce8d1ae0c585511626c0dc4263a043baaf00,dev
left,425100,9ae0fd86872089c9dfcb5d6ffbbf22ef13798da7b82f88d83d8cab409889fe68,test
left,425260,4111bc9b95e7763102d2bed79fa20faf22d56de19e014fa7bae2d3315d8e367c,test
left,425280,1e92e7eb8bb777c4f5930eb143110d0eb6ffee9188bba4457269fec41c4a234c,test
left,425640,324e13a93c264be2a5ca67664e2960758c28cc9105b07ee4bbd8debcbb998401,test
left,42565,a737caab9549624c6f1dbd7d36edd6fa20e6635f6f61bd7c33c7468515279b11,test
left,425655,a4d9097c27eb357304ce5c9e7056ed2ccb41caa2bfe0f9fa765ae3a02875154e,test
left,426030,f6f52ed1c84c612787b4b02966adbf7cfbcad5d669f3b7af5b87e4373b60b99b,dev
left,426035,f6f52ed1c84c612787b4b02966adbf7cfbcad5d669f3b7af5b87e4373b60b99b,dev
left,42610,428e83f8b490f58f0797111c2d2111b102a3e7e55f17a5fbdfc76547a942180e,test
left,426215,a9b273d1bc8c676b207eda7906770ea915adc264bfbccdd97f88c1f3b600ae0c,test
left,426285,631c9e48b84f0cfd83410f819728e6676294ef68e0899f342388af5907ce3eda,test
left,42645,27be95a5147162ef14b73df5e1127c341b7ffe584ae557875e5f500eb6d4a512,test
left,426540,600f4a719ec2915b829575c68b6a5ca3e1acea8a6400af488c577063aeefd3d9,dev
left,426850,e1f6924032802975bb38c2d54e71450b173e029efd823f505e14876da8610361,test
left,427010,4fb32aabf917fcf91cd23381fe59cd3839179e7079b278b77f252060e1768fd3,dev
left,427065,4d9aca9dfaaf3f92cafc5196575ece1963a74c51fbffe810286fb4b7c8adddf7,dev
left,427225,f2ad77bf9faf4e2f1c5cbfc4577844c9f9c2f069db4b2880041296aa2d6a49c5,test
left,427325,e084aa6acb35d8ffed620072d02030805ed10388bf5b92acc5306125ecfd0b97,test
left,427420,62924586b851553851d01d60382a5d64a78c4abfa4d4d8eb5f1ac63dd9e567c8,dev
left,427715,5f94b7c21bea645c8fb85dfaea441d1b818f6e0a88f3064e3859cf7e49002498,test
left,427755,3a840b34a64b9fcf7333cfa976e96491cf3e836d6ce5457f95e701381a81a690,dev
left,427855,30603d119e6d8b42fc38ffb7e17d0d49ca4499483ba98282c5efeb380d68bdd2,test
left,427860,b750e0b954e2555a95d47d91eb7f0bede233fe6fba933fc11dc4ded2a185e607,test
left,428410,87ce41ba55869b15be51fb6f61ec862525f8a905bfe88615d54a7a9c3c041e42,test
left,428420,426c6f390bc0906db0bc008308fe06cd218ae58dc9a5c63ceb017d3ea73c13b7,dev
left,428665,078dfb32d5eb4a962709fd376109717f2b30f185853968f49aa0e54ea7a07d8c,test
left,428710,beafe112ec4f106b25338258e88ff944ef159ea68151cd4510f916bedf0108cc,test
left,428805,d2f72083ac8a99636e63f45505cfc61c26fe29ebea70a86563255c79049ed779,test
left,428930,fe8d4420fa88df53e44aaa6728bb0c67a106ef45187ca628b8a1ac258a09cbdc,test
left,429225,b46fc2760a7afc542f983e3352ac22ec6bd3b10f5995f74d17d719787f14de26,test
left,429255,4786c09352d2ec446da2083680039f1e2bd7130f9d79f4768d077fbbcb6ba15f,test
left,429265,c72aeb4da4e9c2eceaa6c1c167680834179bf23437e0a8f08d99d752ca717240,dev
left,429325,27b1f4a583dbdf73a352ccb69d8bbbfee4f0cd1f4df90af6384f4d205a3b7314,dev
left,429360,c15326d26133d7dc2a67490d8113b71be595f466d41c7497497878b639c6551e,test
left,429425,27b1f4a583dbdf73a352ccb69d8bbbfee4f0cd1f4df90af6384f4d205a3b7314,dev
left,429515,27b1f4a583dbdf73a352ccb69d8bbbfee4f0cd1f4df90af6384f4d205a3b7314,dev
left,429665,a743b1146071d87f789d5b7df395b19a5db9881be958152fd96a7af508f53d45,test
left,430025,85e55fd78d8968163f8e88e1782764acc4faff28b7456ec893f9a81f9ac39e1d,dev
left,430045,fef0162038cec8ab27d8f7b32990e36d9699e76abc36853fd985983db96b4674,dev
left,430115,50209523864c2468d56c792a8380786c0f75e3681945965cce0a9b7f3f044616,test
left,430185,55c12229400f9a136926378f4a5049ee570b1b530d13402771b105b2e3589f53,test
left,430210,475bb09e473658f541f8c5a81174b1fa23ca4adeba6a4a635715009b6dc8e299,test
left,430255,dcf1d52419fcf72d9a753f7227e15e13f672fa11137f5f3a53942ca4377b563f,dev
left,430430,14e47f48ed428e6e1926214ece1bc8f6739f7220de1afbeb31ad713d8eea351b,test
left,43070,61457c3ae0b2afebffebf030181c18b0b09bb8b399fd1a714c8961efa1ee4142,dev
left,43110,176dd1ae72e662272e4f799f112171e58b5fbae8f3e6cfd36f6546c0cfdd40f5,test
left,431395,fb327b07a60d0823f9d5d67bde63f2de3bb63c77283f4a4cef969b121c8907b7,dev
left,431435,ada7eb2801903bc5fda043e91b3370ea8a36850c762bfa27b0562e99b618ad48,test
left,43145,fa63579ca28d79bd9df47772743d35a3353fcbb9a3740f0399cdc682599fdd6c,dev
left,431710,84c957bfd44836c9c7542ac474afddc82c49ca90732293c81952cba770231ef8,test
left,431715,c9baea413d056e0548e5b5c68d74a11bf5ca800df9d37490a7be718e2e51b6fd,dev
left,431835,d1f3c03c75a4cf06d46e8991fa6b945f5a79c2017271de689bba4ce8accd017f,test
left,432040,4a77371a4db00ed01b13a1e6d4418cdabc8ee5abbc75dd08face4ab464828073,test
left,432340,d18a0cc747f3afd8197abb2827e71d8a1ad1c9bc075b5c433c7aacfcaee4ed5f,test
left,432345,d18a0cc747f3afd8197abb2827e71d8a1ad1c9bc075b5c433c7aacfcaee4ed5f,test
left,432380,d18a0cc747f3afd8197abb2827e71d8a1ad1c9bc075b5c433c7aacfcaee4ed5f,test
left,432385,d18a0cc747f3afd8197abb2827e71d8a1ad1c9bc075b5c433c7aacfcaee4ed5f,test
left,432395,d18a0cc747f3afd8197abb2827e71d8a1ad1c9bc075b5c433c7aacfcaee4ed5f,test
left,432405,d18a0cc747f3afd8197abb2827e71d8a1ad1c9bc075b5c433c7aacfcaee4ed5f,test
left,432685,7dcdb38e53e4bbb12ef31993ea191cadd1c209448fb669b6e4f81bd42297e46b,dev
left,433015,0cf960b5a5908830ecf3003d5f2565a42f710362c5d1234422939f81f85fa0e0,test
left,433150,503db10cf91e2c19945d6e41d4e0cee65c57e1959f981c45cb8f3dfbc466e40d,test
left,433935,0dea893080d402690039b3c0987c82697b9cb354be2b630e40f5da21a2d4c065,test
left,433955,0c428b5e52a9881a96f752b10b9303cff58684896ba7e265b00093c513734efb,test
left,434125,9bc3d7d1700e5132eabf94e37cdecaefb6401189eccf62ae55e2babe449cd4bf,test
left,434240,55c6d9127119214d49d97814c2191839c13b48f1d4634d72e6c82846608f99c7,test
left,43425,ebede6541150c9598354fc0e6f98b5d6a60d4d4dd5021082de1c70931d38d52d,test
left,434305,b7f86ce7b3e630eb301cdec12593c41a81fac7d54ef1e376337451c30854c9ec,dev
left,434330,2bd54a2b32f5cbff8284d9d51cb9c9aff30c109e8ddaffbd7e3274125ff05193,test
left,434345,456277ea2cb7877c5e1fe0ad9cc2e57e86ca054c9b822f82e71de7833d575217,test
left,43435,5f94b7c21bea645c8fb85dfaea441d1b818f6e0a88f3064e3859cf7e49002498,test
left,434430,5387bcade6ce0ba6ddff2b05d973e04e6b4e1edf684a59649aca5ef905576632,dev
left,434640,1ba9e3b76ad5ee9c6d130c0305172a7c206e996a0fb9c2b6931010c3ed6a63cf,test
left,434665,c0fd3017ad0d90a11dd702d9090f875d1c046ea927f9ac522b9440491af09dcf,test
left,435350,5c3a9a29a3315985a98bdf6bb7760d1fecaefeadd8fece97e9ee170326548c02,test
left,435355,5c3a9a29a3315985a98bdf6bb7760d1fecaefeadd8fece97e9ee170326548c02,test
left,435565,fd18c7d9c2ea6a6873723132e6f5acc6dcb34a29491d7f170b5f08db864df964,test
left,435700,b6aefc0dda64955c712315adb1d7777e14097755bd16864f249f69921dff8cf1,test
left,435835,9fd3dc5a4387fcd05955e820f9e397992adf834a50fb1eab19ef78dcbc5829d4,test
left,435930,4268053bd395a552e2771f4a16b5167f7a6f6b9a2aedf18d288ba2fc9daaf169,test
left,435940,4268053bd395a552e2771f4a16b5167f7a6f6b9a2aedf18d288ba2fc9daaf169,test
left,43610,c7300a81800d2fb0f921c8ed4930ecdc91a342560cb23c417f489285de48f97a,test
left,436205,f08612352c5f394b2dd6985e1029d1dda7a2a5ccade107fc9a11e177093b6259,test
left,436210,f08612352c5f394b2dd6985e1029d1dda7a2a5ccade107fc9a11e177093b6259,test
left,436295,578b8ef2bac9804ce093afa601dd463564a9e2a5f1812c82d4770996cef9f614,test
left,436315,708accfa60ecb169bbc9edddda6eafd1ec07376623e43c1005de4c4265585c84,test
left,436345,a59b4e64d9273684db005d757c3a9563bd3d32efaa11335e45ab216f45414188,test
left,436640,d647ba2568e3480c8963cb29627ad4180d8a228365a0edb061f2da1dbc86380b,test
left,436880,7998bbee79e864d1255850eb01c29f7014c470cc926fa5b50af663c283e2f95a,test
left,437205,8280ca40f712cf45858d0799b50c942ee9e766172428e42db8d0f91d564522e6,test
left,437290,6ca173c709449307d2fdf3b0d41251637ccf94016f5154f6718ff851456ba421,dev
left,437370,736d009e0d19f1a1e88f64c27820e570e99217532b69edeb76270b4438db967e,test
left,437645,1953e282e0addbdec012db50184db1a3c779bd28f6cd1f0ac73ed8d51e0a8d7d,test
left,43765,cd7dbff10ce6a9dbdd35f7c13968778f0ef673e48a2c39fb60f5a882aa674b09,test
left,437685,c5cab1aacfa3cd26110e08e08303085ed6e57633a71330178e874b6c86c83f16,test
left,437695,c5cab1aacfa3cd26110e08e08303085ed6e57633a71330178e874b6c86c83f16,test
left,438020,61d914c473a8036954b61ebff5822b9c7653db4a3732e093b6a6e6e3b11cbeba,test
left,438025,61d914c473a8036954b61ebff5822b9c7653db4a3732e093b6a6e6e3b11cbeba,test
left,438285,b7a6bc03f6a9b3ea00f519fc474b6782491bf0a3ebd85a013724832571af0d68,dev
left,438315,9ed8e488946978f023f202451b08af43abc3c615a5f918186233fa4b047958ca,test
left,438370,bbd563468b4aa26f23917617b513711730af7d45ddd5d25123b18624395c5559,dev
left,438380,bbd563468b4aa26f23917617b513711730af7d45ddd5d25123b18624395c5559,dev
left,438390,bbd563468b4aa26f23917617b513711730af7d45ddd5d25123b18624395c5559,dev
left,438480,afd339db91b7aecb21fbf882a578f631239581a0f8d7601498b7190abd61eaad,test
left,438540,dcf1d52419fcf72d9a753f7227e15e13f672fa11137f5f3a53942ca4377b563f,dev
left,438640,a501e4383ad2429412da5e8154849698f914a42672e7b2fdcde251f497d77ea8,test
left,438650,a501e4383ad2429412da5e8154849698f914a42672e7b2fdcde251f497d77ea8,test
left,438705,008da3cfd1d93507b233ca731c396d02a32f19829720889e64ae8b662ac11589,test
left,438735,e3db66a7cf67b0501b04ee6150835e72d88adc2ad789a73da6a33553236921de,dev
left,438740,e3db66a7cf67b0501b04ee6150835e72d88adc2ad789a73da6a33553236921de,dev
left,438760,9a7fccb53ab2f92b8658efa96b136023270b726c2d0f0c03c995fb9fd6d2ed7c,test
left,438840,dcf1d52419fcf72d9a753f7227e15e13f672fa11137f5f3a53942ca4377b563f,dev
left,438855,5b770c86bff01beb08fbae0fa0694123713dbaa7b95e681d8d3ba831d3b80286,test
left,438920,5b770c86bff01beb08fbae0fa0694123713dbaa7b95e681d8d3ba831d3b80286,test
left,438945,5f52b9a6c4210c8b980573b2459ab26bd706f0c00234456a02ed2b4d317cdbd1,test
left,438965,d9a1f30b6e836ee798dd1ae81633967c7e4dc45c5a3de4995031e7200c27cd5c,test
left,439270,76b1df6a36ce91d242e6c0b3ca3415fbea224a07813177b40439dcef1a5c169d,test
left,439285,41dabbe851b9d6f557dec778d478850dfb54c5d2048db744887e39fd568ce260,test
left,439340,890d84ea30b229ede006c061293d0d41833137bf72f983bf731d12b2cd0351ce,dev
left,439500,d0fbeb0f57220497a86b7f16fa243571425add9151bbce2253184ac436ff7a49,test
left,440000,324e13a93c264be2a5ca67664e2960758c28cc9105b07ee4bbd8debcbb998401,test
left,440270,b7632e0e7700191e2e2fd2782214803f8db77ef8c1f22ee0b8d8e971fc593e73,test
left,440390,54e96807203ade3329dd45c5438ba89e0973917eeb1f34c16a449199050a89fe,dev
left,440430,fe7c653a746af4a2d5ec3377890b13b4f3f6c179d79e52727f93b39f8cee1044,test
left,440535,c661ce62e17120556202e6707687b27dfcb8224d49fcdcde45cef4f416990d09,test
left,440680,7932dd365e120753e97f58791ad04870dabfeaf88ea7f2b25d0f73de62745d47,test
left,441170,1209dd398a8a65253b7074966b9152cedbaf06cbba73eea8c6074117f089aee0,dev
left,441655,b80b6835a6126b5b9d283a1782a5de5d39ad3c0e56bbcd4c2a9e8dff2cc6d3a5,dev
left,441680,55c12229400f9a136926378f4a5049ee570b1b530d13402771b105b2e3589f53,test
left,441685,55c12229400f9a136926378f4a5049ee570b1b530d13402771b105b2e3589f53,test
left,441710,9d10a61d729efb6ef06856585374ab58a477bdd06309b56d841747085a78fbac,dev
left,441765,6758806b49aaadbf2987068579a0c453459f0bb60f6e7df453bbfdbc0fc79798,test
left,441780,b7b1281301567c9abe2dac4dbd12e676850b4bb05c2047593be103de47e4786c,test
left,441820,2add41f24bf440b1825789d93369a0b943872166ee50baf9be61b3f6f4083913,test
left,441845,cad9f38b66975e4f1eb595717184f113d382c0ea6c419189e622938c80cf3685,test
left,441915,323ac5819e35ae1880815e71c0ca88264a175db5ba9e2ceb509c7eedafe46d6f,test
left,441935,e8ee8eaedd9c761bf08cc573ba16a062d5f62638ab526a402f08d85ac3c2b83a,test
left,442195,85fb5bef6479e685e2a93a7db2e45c8878b2e97f33ee8354ec11b7149e09e825,test
left,442205,85fb5bef6479e685e2a93a7db2e45c8878b2e97f33ee8354ec11b7149e09e825,test
left,442210,85fb5bef6479e685e2a93a7db2e45c8878b2e97f33ee8354ec11b7149e09e825,test
left,442215,85fb5bef6479e685e2a93a7db2e45c8878b2e97f33ee8354ec11b7149e09e825,test
left,442250,635f5afe117719fb8d614e6d9ef55fef8f0cae0ae93cf7fcec0977cf18c957aa,test
left,442325,33c02432677fc1af88b59028e5a0cfc42533ecfdf6da63711b1f0f1686f1e578,test
left,442395,9b8738f32b4ef46fda3fadb41cec0b6fd6b4e22c96485de298d5ccfc25706b79,test
left,442470,c0fd3017ad0d90a11dd702d9090f875d1c046ea927f9ac522b9440491af09dcf,test
left,442900,43682a1faad0c07d5e9f6158a3f3da3bb503df747268d64b15c487fb086b9d4c,dev
left,442990,175c87e14cc718b9e8f79567477098138001d2851e963aaca42cd3dbb49a853d,dev
left,443020,0ad57ff78afaca6d1ca9d971b35f07f6f835a42f9eef4e1758763f21a3ce399e,test
left,443745,870d1a18fbfd799b6d41dd22bf6287c816355de670daa6589d4aeadd669d69b7,test
left,443905,dcf1d52419fcf72d9a753f7227e15e13f672fa11137f5f3a53942ca4377b563f,dev
left,444465,8d9490a0cae1bab1af70081dfbfd069f065f8a14954f402cba70219f218414a2,test
left,444470,8d9490a0cae1bab1af70081dfbfd069f065f8a14954f402cba70219f218414a2,test
left,444610,57d24979a679966079bd6525912b4ee499d81ead39d6d42e7bfc0aea4be3ca4f,test
left,444615,57d24979a679966079bd6525912b4ee499d81ead39d6d42e7bfc0aea4be3ca4f,test
left,444635,57d24979a679966079bd6525912b4ee499d81ead39d6d42e7bfc0aea4be3ca4f,test
left,444660,57d24979a679966079bd6525912b4ee499d81ead39d6d42e7bfc0aea4be3ca4f,test
left,445120,5281aebafc6b5b0c2c991cbc474d777ede963395ca87798e2e8650e9c6f157aa,test
left,445190,10588dc72c3ae5186522beb65351234d924b08b2593160602e193bea33c687e6,test
left,445195,10588dc72c3ae5186522beb65351234d924b08b2593160602e193bea33c687e6,test
left,445295,af70d32d5438ca03c498fb7c5c0992ce80ba5f963fe2876999897e2b649777fb,dev
left,445420,88992c6c4118f3f4486ebe9c1e133fe30bf2a96b8c026fa00d085b23603e61b3,test
left,445460,c42d241a4fd3dc0658b35f5894180012ee4ec31e6ba07e73f8decb9bea4a2ce2,test
left,445890,10588dc72c3ae5186522beb65351234d924b08b2593160602e193bea33c687e6,test
left,446350,7376f8ff0c4ad1f4ee18318e15a6dd70bb952206b023d7edeefc56a37972f6b7,test
left,446550,4399d270af356b54c446df6bf878fa77ddc72ede818bbdeff8c370ef681fc958,dev
left,446720,20942a10bc7fde10fd80f1ccd6ce77ad5ff8833dfab45c537c05987f403539a5,dev
left,446745,2e55961ab131d0d4f6ffcfdae3769a6eec7e72eb5ece38dbe921bd9968c402ea,test
left,446760,155f4317323557b2fd20fa03de3e29f7edf02d67185ec51943d75041c5441a0b,test
left,446770,155f4317323557b2fd20fa03de3e29f7edf02d67185ec51943d75041c5441a0b,test
left,447010,cb77b37f909141b601e85b8b6f7a329127d69125eb90a90c78931a840e70f5d6,dev
left,447780,acaaefd24a6da6a533d3d281d766d4516db3ac541751537521a62eeda95a022f,test
left,447880,27dec8c2754e50d3c881f96e3d9062ac08cd7c0f2e14b517aad5e4af9806ebe3,test
left,447900,69ef66b61d9e871fdf1b37c6a6c17078e3bce2824245031838ddbc692d3a6395,test
left,44800,d2b795145d5ef870f654333a76abcc58eb0bd5d989ad58f911f3811ea7c88f27,test
left,448395,b451e4fd8b21690a78e76054685510ed6b92ba1f93278c5ae5d1840e5203a294,dev
left,448450,e059f270afdea0f7d016a81ea0cbc1200f2e685aebac51225ef38d356842a06e,dev
left,448750,d37e73586bee0d21c5e384c741c9a89a83aebecbb77378d3750aee00e053eef3,test
left,448820,51238e4d9f169ea3a3660493528010b6e538139f7bfb60a7b9f2a55b5dec3666,test
left,448875,b338b03b5cf91fd32887985dc43d2d76f413666b7e66970d5183f17722b750aa,test
left,449010,e334ffa1a518eb658ae8baa6e5c80982dfcfaf389a9c1fbcac591e79f44a31ac,test
left,449070,b0579631f28a7365e7ce497386c54a8be3268eafc795e3d264a600fde20ab2ac,dev
left,44925,07835048e323605b246d4ba106e46f24de0603fe0406abf55ebe3a1f1c1fe60b,test
left,449275,00fd91c665564b8217487ae38cf880653ee9282baf1c92aec9b1ad086ee66957,test
left,449920,f35e0bf894110e6470b04ecf9887d3b12ab41e3dcccfef0b0c7f3a3cb387313b,test
left,450120,de5e437ed1dad22cfccf7f0b4439aab42fe1611d9c675b2557c4707b1357a3ed,test
left,450155,bbbf6cdb5ee32dc7b507ffd39002d23636f1ec599c13eafd6a0f525f0735874d,dev
left,450410,5ba16f78467840e5f6580e396d704b1cdd4d37a9dd738593ecd91de0ae3ec35a,test
left,450615,ee5412eff3b91c2c9ce8e6aa1f6630b665d2fbf747ea816f31be98656ad58149,test
left,450675,4a77371a4db00ed01b13a1e6d4418cdabc8ee5abbc75dd08face4ab464828073,test
left,450705,fb6ff5a9da327ce5b4bff632b50cbcccbf505508bd6e9ddd25a21f5715b31565,test
left,450930,39f490255e1b9037ef1caa9c3ef6bf0b43b29cdd562bd81e7f52fb4b575b8071,test
left,451215,ced6cd080632118258a00502ed0d7fe3011f354b0c26794123dfce3864c20604,test
left,451400,1d3e9af67b3eaf9333f4651243479adf6f6064c9086e6ab0e31b9e5086e49586,test
left,451695,14aac231ccf29064006f285983823038b5d6c486604bf242d67d5e811759573a,test
left,451870,56b5ce6ed9ccbf26448e9fc1b249c77a049c89572676e518f08a7ca03799dd30,test
left,452460,cb5651ed0553ddee2be3fcba372e258ed651f90c8e4ef3c4945c8ad7005d6de3,test
left,452475,25ae6d18f1f6e078faabb84886249c5849b6b133b40b31d43685c945035531d6,test
left,4525,71b03415b60a1bf77ea3ff20401aa78d8c3d3e9387d646b902df4858bab48e9a,test
left,452520,e0dabd46f1878b64b0a447551758e4e1cb627dc24a3d281584c9a0c45194a43d,test
left,452670,166ba9fabf4dd2f64392e563b8ce9ad8f4e1ed9b28c40b42e281b639378a3782,test
left,452690,fbb39d6cd313cf1e6446499dd029d9a6af5a65c47aa56adfb982b9b43b6c41d2,dev
left,452695,fbb39d6cd313cf1e6446499dd029d9a6af5a65c47aa56adfb982b9b43b6c41d2,dev
left,452965,2edfc12e716d656e51ddbc17dab7b32959168c8393535b63bbfc3de8e10cbc25,test
left,453090,5535fe8ddbdd03809989e2edc89bd1f6eaff7be0d18de99096ae0567b00523e7,test
left,453095,741d53c8736f46ada620baa26db31d757a0d283ae5c43fa2a60cb06e261ca368,test
left,453100,741d53c8736f46ada620baa26db31d757a0d283ae5c43fa2a60cb06e261ca368,test
left,453315,741d53c8736f46ada620baa26db31d757a0d283ae5c43fa2a60cb06e261ca368,test
left,45350,98642b3c61adb6393b7839ed0c65707d14853d558845462954c6e15a5f44d9b5,dev
left,453530,f615b01f66716124db0e66c0ba763e0beecb7a3d8c0fb9d63c070a1b8b0cb154,test
left,45360,98642b3c61adb6393b7839ed0c65707d14853d558845462954c6e15a5f44d9b5,dev
left,453700,4485d9444a2282e8726658fa49cd429b64d8a7ce91d38acf771fab9e55ddd630,test
left,454015,820593348b39a11fb48e17d691f021daf9b8a5537e82af3bcac39f5344a36653,dev
left,454210,9d7b96d2039cce695c9040d6a2f521a82728133e2a089834db262d11b03338da,test
left,454215,9d7b96d2039cce695c9040d6a2f521a82728133e2a089834db262d11b03338da,test
left,454240,bdfd4058e231cf2b49d99cc80c6d0a7bbc5b0b7c07ac50d19e9ef4a24a13cb2c,dev
left,454280,53504dc7aba3f8462ca077e84a2ec9cc9eb824525594e593ef73f053e7cdbb50,dev
left,454970,f750f66607d85b35b44bf6791a37788d4f60bebb50a0f2a15e79fcc5fd5ee927,test
left,4555,808a5f26a23223b6e6513bcf60f34043ecc02b356483732809614bcc964e932c,test
left,455760,28a506a6336057237edde2116e60494b65a027fb5fa952b424ee11705e342cb1,test
left,457305,5b770c86bff01beb08fbae0fa0694123713dbaa7b95e681d8d3ba831d3b80286,test
left,457775,08546a5a495ca7f04c8b01e13b1635ae7a41b479c62d5b6810bf141434d6ef17,dev
left,457805,62cec5fd20aee3200574a0dd9c183093cd1380b18247fcb59ca09207c0de78aa,dev
left,457965,e37e8db26039f92097fae154803f3e843e0ab18ba2b5b83fe72e6bcf280007c0,test
left,458110,c917961276c4ac7ff216e68fe8dd87410945581b55867dae331585d27fcd641e,dev
left,458160,d18a0cc747f3afd8197abb2827e71d8a1ad1c9bc075b5c433c7aacfcaee4ed5f,test
left,458170,d0b3e2d7543bbb9ad85c46e5c8ed949a482fb7069bb66de8a9202e4b5a6db94a,test
left,458180,366cf937a8d682b6a61811921cf6ceece9c6b9ab2093a49fcd211a6be0fb5b78,test
left,458190,d18a0cc747f3afd8197abb2827e71d8a1ad1c9bc075b5c433c7aacfcaee4ed5f,test
left,458375,fd18c7d9c2ea6a6873723132e6f5acc6dcb34a29491d7f170b5f08db864df964,test
left,458740,4a5377d38df32761a4a82fdb42eef345fffd3789faa4cc10ebe0b029a1f95f25,test
left,458770,73393450642d3a9db97c4407b0afa4c3d62ccb8356a59239e205214b2909c872,test
left,458775,8af4c57b31c61f77b94ce52bcd5541e4225055ebc8049f8450812f3f48a66de1,test
left,458785,8af4c57b31c61f77b94ce52bcd5541e4225055ebc8049f8450812f3f48a66de1,test
left,4590,618d487849106a2b6eaba43d5eb8053019ba5170e957cac9409de03fed282903,test
left,459065,775528e06a76b0866cfd893f54c6b10d6972d411a13505fe0db5cf5be26b2d53,test
left,459120,078dfb32d5eb4a962709fd376109717f2b30f185853968f49aa0e54ea7a07d8c,test
left,459200,07835048e323605b246d4ba106e46f24de0603fe0406abf55ebe3a1f1c1fe60b,test
left,459260,ece3d239d6d6ea2f716fc866f0382e3f90d57db5e548725c874e4e7dc2eb0a96,test
left,4595,efff51d26944566ab7ee72fa1d45b6958cafc1828ca1f84e92efc0c6d8108f16,test
left,45955,fc7c4b56f2a0197e196bbb5fa90158948e299c2188062eae7d8008be635c4174,test
left,459640,31f0957718de7781f0eec9ba0a62f5d1cb01ac0c08d120693c9f634242e7be76,dev
left,459790,07909217233b071f0ee4b82605f359e0a47ba75da7b61b8ba546983527fecc9e,test
left,459795,5fe215295473084ef40074d30a0c79c1a6b617de61f8dae2f82724f819c3c9ad,test
left,460055,25974b971871f7b4bae592c9a045a6c0b829657de8038c010771f23b477d3db7,test
left,460145,bdd3e542ee4aaa20563ef25932ba7fb4866f5407537323e00b9bf1975173a78e,test
left,460185,4ca807c49539e44ff606e4df587dc8873c27cbaa9a1d2c9ce72f171588398ea6,test
left,460225,e1f8bfa0d2103d49d1550881f5ffdffdffb0de34c1648fff05105fb83c6f5782,dev
left,460300,50209523864c2468d56c792a8380786c0f75e3681945965cce0a9b7f3f044616,test
left,460380,d647ba2568e3480c8963cb29627ad4180d8a228365a0edb061f2da1dbc86380b,test
left,460525,7eaf4cea07bad531a8c42bbc97c8ce9235bc443949dee65c4054dbe5fc40a943,test
left,460660,28388314810f51b97fc10089583663b8a16eb3e947023299e597079638495cc8,test
left,460665,14041d558b92a789a1f2d0c42ff74bd4bcb2e41901cb8921163063baac4a73c6,dev
left,460670,14041d558b92a789a1f2d0c42ff74bd4bcb2e41901cb8921163063baac4a73c6,dev
left,460680,caa747f8bbb87c4d2d377a1b08f00ecffefa5c2b9bb7b63d4003eb90bf5f5744,dev
left,460700,d09dc12064c6ac72f96cddc7972d40ffe98defe1482358d93fcb1193d83a2944,dev
left,460735,d09dc12064c6ac72f96cddc7972d40ffe98defe1482358d93fcb1193d83a2944,dev
left,460805,bbbf6cdb5ee32dc7b507ffd39002d23636f1ec599c13eafd6a0f525f0735874d,dev
left,461005,4318ca5b3807b0f9a73b85effa54d73edea76331ab30f3a6cb6a68026fb45414,test
left,461175,078c3d3312d3b062e99a90c966318b2a4808c4e6679bed9152beef4918804bf3,test
left,461630,ce51c0237a887de9b6276433ac63c0c9f6545d984ee32710bc3e6653741370d1,test
left,461655,5dd426902e1c5823efbb9a9f6ae330217d2740a3471c42a182719ddced97c1b4,dev
left,461665,738859382642622515a2d9a3287620a0d0fa51e6104ee608918e4fe160b50254,test
left,461686,3cf332d320a823871acb30c9d7a2154b79f0c305e278f3db59ea3fa5cac2143b,test
left,462010,3fce8e9e318134a03fad2aa18edbe3f3a00153f769c04a768c3182d0c51ebf1a,test
left,462140,7bdea96df292160fdd8879b8baf145494d5796e5aae0a26e7cb3560756facff3,test
left,462150,a174859c81a7d21da2f0a68b725e64fa7b6f0fc4c1ad93a2b3634aca3a167274,test
left,462165,c15326d26133d7dc2a67490d8113b71be595f466d41c7497497878b639c6551e,test
left,462265,fde5fba165ad6c349fdb49ff2d044377fd60d7fa8b6035dd377ff329a28f1b39,test
left,462440,04c1200675dbd34eb9dee69029aa737c9131aff4fb2a5a3ddeeb9981673d7d2b,dev
left,462515,fe8370824a4bd24458f361831dcfdc05a320b707043362784271fcf1d818b963,dev
left,462610,c5cab1aacfa3cd26110e08e08303085ed6e57633a71330178e874b6c86c83f16,test
left,462720,eacb12851364515514ef42907a896735e33de0fe05ad83a08d7a193b9bc2f74d,dev
left,462725,eacb12851364515514ef42907a896735e33de0fe05ad83a08d7a193b9bc2f74d,dev
left,463540,9804cdc6be8dcf023c26464ce675e13fed6638d799b465ea82fe217b5662ecb8,dev
left,463635,b25eb8287aafa24d082edb7471b8e83d7b2b8edf3b2c8c9d7b2dfe981356775d,test
left,46365,df998025fea090591109052155acd8a1a3a03a407c82d815221d4bb4848feb89,dev
left,463806,1d3e9af67b3eaf9333f4651243479adf6f6064c9086e6ab0e31b9e5086e49586,test
left,463810,cad9f38b66975e4f1eb595717184f113d382c0ea6c419189e622938c80cf3685,test
left,463830,0dbc4c845151d70e0ff9e19cb9e7e0521314cab1bc170fc74a47d9e7d5cfbd54,dev
left,464230,9b2c00b68cc514b200973fb65eefcca4ae8ac9c2c150d57db0f1b2b7ca395399,dev
left,464310,ca24b47eb3ae712ac8158d16204a3add5b5718ffbeacbf6ef84d5b3d6ab6d1f6,test
left,464560,2197e2cb83176ea69cddffbde55f4674bf807d0973563f2488302df2a09df2a6,test
left,464715,64875a183c4899ba8c62001fd77b4d32c99d758553489bafebdaabf284195166,test
left,464725,64875a183c4899ba8c62001fd77b4d32c99d758553489bafebdaabf284195166,test
left,464845,f20acf98b466376593cd9236d15202f1ec11e7d7848fce1e1add7a7fd4473cbc,test
left,465485,5c54f5ca37eb0f29b518ffe25291a3b8c4adeaf54fc82b37f3ce9bde79f16219,test
left,465610,3d2b747c1ffd6e5586114edf7a3e1783afe8ae2904eac46396ff9db6a9b6fe07,test
left,465615,3d2b747c1ffd6e5586114edf7a3e1783afe8ae2904eac46396ff9db6a9b6fe07,test
left,465620,3d2b747c1ffd6e5586114edf7a3e1783afe8ae2904eac46396ff9db6a9b6fe07,test
left,465625,3d2b747c1ffd6e5586114edf7a3e1783afe8ae2904eac46396ff9db6a9b6fe07,test
left,465660,ada7eb2801903bc5fda043e91b3370ea8a36850c762bfa27b0562e99b618ad48,test
left,465735,5b032b0a5fcb159a1d39d443ece20126fcf923741d3aed9741d6aed6bc471467,dev
left,465750,fcec6196db436364aece722a9ad68cb0870edb94e48c31bd8f0595d9b9b7449c,test
left,465800,9fa151bf8c4d37b046b4da711eaf119d9b22cc92b98a39dff892802d36a1b49a,dev
left,465835,4aa29e71a67ae7a7001524fec46f1969a4fe5ba230b5bd502c3f60d9d42f3f04,test
left,465840,21f5ca750e0b81f81e1cad0810dd9a40c1b4335a3f113daefa4e0d7038e2788b,test
left,465855,b30d85f1f902574f627cee8cdaf206226360f7cab08c7564d8faea8636a7f2b8,test
left,465875,4aa29e71a67ae7a7001524fec46f1969a4fe5ba230b5bd502c3f60d9d42f3f04,test
left,465885,4aa29e71a67ae7a7001524fec46f1969a4fe5ba230b5bd502c3f60d9d42f3f04,test
left,465935,35884157adce717b8f473d51563a76b3d043a1da8ea759adfb9c932bab5d0303,test
left,466005,e88969c6de84be91bf8c7cae1528a81cda8fe6fc91d05f65f58fe2970badaa2e,test
left,466175,2ee7c81186b75db484e15d7ac163e1a5ddd32955ecfe62621d66c4b2a17d4106,test
left,466180,2ee7c81186b75db484e15d7ac163e1a5ddd32955ecfe62621d66c4b2a17d4106,test
left,466190,5e17b873e82799cc9e1fe219fac45d4ab46741f9f9ce3de847b15eb2d27b5c74,dev
left,466215,2ee7c81186b75db484e15d7ac163e1a5ddd32955ecfe62621d66c4b2a17d4106,test
left,466300,044b9cc5ab731d8b49fc248c9c516617f37fe35ae690c9ee08aaee2cda9ee9d7,dev
left,46645,93647b00db1c570f6b023372dea58528c3d546eed94a7ad78fb843d4ffafdd61,test
left,466540,5187eccfd3ddb178fc5934d4038dabdf4bb060d9fe131042fd3218f31d6df183,dev
left,466675,f7833c8d4ff489ee2e0b732bf9a5b8d01f866c8b21ca67df4aa10fe6718c6755,test
left,466845,fa888ba50b46626fd986562645ab00524b621baf224f132bf16752fbddb8511a,test
left,466855,eebc4598a85796c3551b2d812bba4ee44019d288f646d915a16ee23930886f20,test
left,466935,43682a1faad0c07d5e9f6158a3f3da3bb503df747268d64b15c487fb086b9d4c,dev
left,467235,82d8fe92eae632b832c13e67da76268c74d443d57d1115bdf1e79d51563a5f23,test
left,467320,06bfb29ee4196000b553d6a64842d3da1d7d7e2b554ce333a65f5a427b2d0a23,dev
left,467335,c0fd3017ad0d90a11dd702d9090f875d1c046ea927f9ac522b9440491af09dcf,test
left,467340,54a928aabbaa4adeb8bef79be91fa63df1de693a94f79279bbdc1ad0aab6b198,dev
left,467555,ed13d4e12cfe532369529b9f6a664f4093dcfa1dc9d8212405d9ed107b8681ad,test
left,467560,ed13d4e12cfe532369529b9f6a664f4093dcfa1dc9d8212405d9ed107b8681ad,test
left,467630,03f309658663f35fbb7e9d068b5e8f8ac2c8a729a5289209c7b97cb38d3ed9ac,test
left,467805,738859382642622515a2d9a3287620a0d0fa51e6104ee608918e4fe160b50254,test
left,467880,67b6731a0d0913e3c77ada406ff75590c395302411f9bd29c456e0505ea10a4e,test
left,467970,0418106af38d12668a1778042540d5481c61307e675e1045b1523f527886371c,dev
left,468160,dc8b40f71cee0016e9e59d43415acea2ccb8b7c3db491c018a84553cb808b9fe,test
left,468180,a167de85a5d7ad5752fc99c2460781230f5f2c1ac65e3f3240f665d7e2d79c42,test
left,468210,07835048e323605b246d4ba106e46f24de0603fe0406abf55ebe3a1f1c1fe60b,test
left,468325,e1f6924032802975bb38c2d54e71450b173e029efd823f505e14876da8610361,test
left,468345,f9f6ee7e5266cd925f4ceea6854644a6ff00d4e41908da78a071f74ff620025a,dev
left,468350,f9f6ee7e5266cd925f4ceea6854644a6ff00d4e41908da78a071f74ff620025a,dev
left,468585,7236aed6490c0d940e7d8d03936e46a2972f4d04fa25c22292dd731bac0d0213,test
left,468620,ac6befdab529a1311980edf4bbdd37cf0c51f5eeabf3dc10abfbec0e82d2af83,test
left,468625,ac6befdab529a1311980edf4bbdd37cf0c51f5eeabf3dc10abfbec0e82d2af83,test
left,468725,4fe09abdd020edfc4ac7e2197203d7be3e3387aff3850e130575fc77c273e8a2,test
left,468910,b6aefc0dda64955c712315adb1d7777e14097755bd16864f249f69921dff8cf1,test
left,468930,a0ff51de506171142c1274a9fc1e6baa3c35649a54175a0f83f8c7e34c1441ef,test
left,4690,b9dd1d6494a58015c170a67ff3fa20d8b25784e9a51799a42d89071e08d982b1,test
left,469405,36514f1eaf9ef0c1b04f61c36b1e05e053e4a7bd8bfb2bdd6d946cd95024beb5,dev
left,469955,b78e3a025c1750d98147eeca5bb0b147f4d567690991d535183dfcdfccee3d37,test
left,469970,4ed2bbc1020d7f9678b90db1f78d999e5c44de932cbc8246b383d367cbe5efed,dev
left,470065,09483666039164882ae73044e2b5b29ccb5d3630636a259ba751bae4707d08ad,test
left,470075,5a86cfae3971a4b7cbb15cc7c38533cfdbd080dac0d35a25395c525d3437db3a,dev
left,4701,87ce41ba55869b15be51fb6f61ec862525f8a905bfe88615d54a7a9c3c041e42,test
left,470175,abe2bd96fbd2ae9a1b4ea30fdd9f4fb526f2fe8a549b2f3223cc43ed00d5c508,dev
left,470415,1ece578c0fcccc319b60b661eed7fb6d59f2621975f53bca0ef3852e0c0b7329,dev
left,47070,496476438ed8f13854ca24aaaf035cf0d3caa38bc53273a3675c8ca31415b5dd,test
left,470795,e14f4a11a53d0fcf5913ea6952dac06fb901f2e988fb5146ec7c496136d9e5cb,test
left,47090,114742d65f67f265680d1b5c1b6ac84b856ffd0fc27640ea7f0ef5e1421a8030,test
left,471285,e59f9f0e4834ecdfdecd76f9a261d982ea50b405e04e3bf5c8c18452448c0fe6,dev
left,47135,3fa023f371770c53205b47f271f039ed566348b582482550a111909e27f0110c,dev
left,471360,bd22a56de1ed83f3e55b7e46b9bcbcb231db96393f22226479f330b0faa66bfb,test
left,471425,6193132c09fb150617062b3c99dc846f100e60d5361bf88a180d161ee4cdc461,test
left,471560,9293e4f9d4821b7a1fcba5e9b72c63469f6375832f0ddebcb2f788873d7b5b31,dev
left,471720,9293e4f9d4821b7a1fcba5e9b72c63469f6375832f0ddebcb2f788873d7b5b31,dev
left,471740,9293e4f9d4821b7a1fcba5e9b72c63469f6375832f0ddebcb2f788873d7b5b31,dev
left,471745,a4b22ae6eb540d27dea1ae0824ea8d049d3cd089a925bc052672d46ada317088,test
left,471960,9293e4f9d4821b7a1fcba5e9b72c63469f6375832f0ddebcb2f788873d7b5b31,dev
left,471965,f21458177b03828dc3c62fe69b1683e0755b2bdcd090006ffdc264401b249620,dev
left,471970,f21458177b03828dc3c62fe69b1683e0755b2bdcd090006ffdc264401b249620,dev
left,4720,741d53c8736f46ada620baa26db31d757a0d283ae5c43fa2a60cb06e261ca368,test
left,472205,97c33b2bc7965dc0fe0781a4dab38d59367950135a84be0d79a0d42be95d774e,test
left,472340,d2f3cdf45a0a1e141fa75b1508a162741c42e945440399b3bb90acaadb99fd64,test
left,472490,27be95a5147162ef14b73df5e1127c341b7ffe584ae557875e5f500eb6d4a512,test
left,472495,f7833c8d4ff489ee2e0b732bf9a5b8d01f866c8b21ca67df4aa10fe6718c6755,test
left,472740,d216330e21c622c789d2ed32496c233ee6701949459fd6989b57205f67e0a63b,test
left,472920,120b42559c091b5b28d1db05e66cd4f97db9047fa7ef3b2342d30850821c5aef,dev
left,47295,42cfdf0ddd9832d84f62e0e032b8b456da3e9ed7d631be0267ef9bf8cdeb0970,test
left,473010,dd1c1cc36bbba08612ea32f3c219b6bdea38052fe4a8b342c5c68651f0330d67,dev
left,473035,92ef9b4259bd8af0126064b02463d2ce2c7b277f43837dfc7bb10ccdba4415d4,test
left,473090,6fe7dfa0a78b2f365b6bcb1d2fcb22b0019c3bdfeb411fb1ed657520b3fc80c0,test
left,473095,6fe7dfa0a78b2f365b6bcb1d2fcb22b0019c3bdfeb411fb1ed657520b3fc80c0,test
left,473220,237fc5d691f93a50590eb91d75023c400795cb4c3798ad708803ea932ff337f6,test
left,473235,77e6872708a649b8174ede4fe639714bab704f768dfaf576826b2d47f074cf30,test
left,473265,0e297cdbecd124125a1ac0305a78957b58f0ac28f54f875f643562dd9cccf988,test
left,473280,0e297cdbecd124125a1ac0305a78957b58f0ac28f54f875f643562dd9cccf988,test
left,473420,6a589d10ad45250eb16acff8b0bff294b7be9d57c0701127289fd27262681270,test
left,473450,cb5651ed0553ddee2be3fcba372e258ed651f90c8e4ef3c4945c8ad7005d6de3,test
left,473480,cb5651ed0553ddee2be3fcba372e258ed651f90c8e4ef3c4945c8ad7005d6de3,test
left,473650,e1f6924032802975bb38c2d54e71450b173e029efd823f505e14876da8610361,test
left,473690,1ffe1dc4184a8593550ae40d0c3739ba02badb30e43ef6fd882c034684b0569a,dev
left,473780,59e2db865e53538ecb4337f844bde438ef2b5b31cbbb1a7c3c64febba9dc41bb,test
left,47405,4ea9c87a446f72526ed1e55dda189b4450921929235300806e99d0dd6be60e60,test
left,474325,89b094af0e5a4ea96ef0441cd3e213c3625df708a870c8a2219ec4982c7d8c8e,test
left,474350,89b094af0e5a4ea96ef0441cd3e213c3625df708a870c8a2219ec4982c7d8c8e,test
left,474351,89b094af0e5a4ea96ef0441cd3e213c3625df708a870c8a2219ec4982c7d8c8e,test
left,474590,b34b64299f53edc97a9c79be0bd3b54939f03c6be0f4ce718b122e454c321632,test
left,474770,29add147a2d577e96ea7868e554b62c6b05ef4420d073b91938b40f9818d2ec8,test
left,47480,c39fc5e481c3cd18085316e7445c88e160fc673fec4fcdc613b6fac8054939ae,test
left,474965,e820283101a5c0defe452a8731e0a80b665fdf8a282578e9ea6e2b62610f317e,dev
left,474970,3a27c0aba6eb5325cef31f6a480bc6ede60a08924d14058f0b98fcb5203084fc,test
left,474980,3a27c0aba6eb5325cef31f6a480bc6ede60a08924d14058f0b98fcb5203084fc,test
left,475005,55c12229400f9a136926378f4a5049ee570b1b530d13402771b105b2e3589f53,test
left,475015,d8cdc639cc23dca51d8e4974e801d6e6862ee7c5bc9d877db5a57ee47d01d9b1,dev
left,475045,157517a8f010c6a984aa2ecd7ca5399a23fb4a08b0c544eda9c48dd7fdaa388d,test
left,475050,157517a8f010c6a984aa2ecd7ca5399a23fb4a08b0c544eda9c48dd7fdaa388d,test
left,475055,157517a8f010c6a984aa2ecd7ca5399a23fb4a08b0c544eda9c48dd7fdaa388d,test
left,475180,5f94b7c21bea645c8fb85dfaea441d1b818f6e0a88f3064e3859cf7e49002498,test
left,475255,4ad5a34c11abdc798fb40612e6d97568665866d3d247aa71325179a9e1760fed,test
left,475330,10e0fe89df7bc647affa7474c92499bc5fb2abce8508e07ab25e9152fcd0f8ca,test
left,475390,0ccf5579c2919c371a551a2e6f929ce2b4ddb4edbdd502590652e3f8c2e06e0c,test
left,475650,fb6ff5a9da327ce5b4bff632b50cbcccbf505508bd6e9ddd25a21f5715b31565,test
left,475805,25a4bfb897110082b77b4d448dd6f004aac3311188bcbe5e534ee1af0c779ca3,test
left,476060,34462fa6825eb201748ade01baf72ac016933601e17e1e38e2829ace215f0dc3,test
left,476275,d1af8d9ef18967fee7bd46fa109843f46e1068b9538a61c112985cf3a0a8dfaa,test
left,476345,27be95a5147162ef14b73df5e1127c341b7ffe584ae557875e5f500eb6d4a512,test
left,476470,5646764ae2083f53e40dd1a20d66f7dffa3f4d27249761ac7c7670286a46b453,dev
left,476725,b9bf696e0037ceaacf091b254839767cc49e684eb1265a055a830fa5771adffc,test
left,476790,ee562a1f586c0fd7c063db1e6db84b8d9ae0fb7564db26a727d464dde85bb119,test
left,476850,032fedb85ac155d2ee58231d47e5bc13f8253f47e8a4da065254448ae978cb4a,dev
left,4770,2c77af73981a41e53436be18e406275fb1f307eae7ebd84b7d31d234e8276a2f,dev
left,477245,12fc3cb1bcb8b3322d3afcda9a436ed99d4c3576835c58148d5f7a9006993e7d,test
left,477255,e3f7fca8bfabe7bfca030d4b33dc93ec949b7186f37578c9d39a2aa3c60376af,dev
left,4775,b6aefc0dda64955c712315adb1d7777e14097755bd16864f249f69921dff8cf1,test
left,47750,8fc269c518b0500a3b0535e1830fb0fb1ba2a0d457512704002ce190cb924221,test
left,477535,055c5582103cab2b34f456c39af9f1cc9f7985149197e14f4c54626cc78fe20e,test
left,477880,31c2504e04032da8fa2a68068a5fe1f5e91f18e0b52ca125acacba28bc0449e2,test
left,478065,9521badfccd8ec9454f5b028a31f4fe288839903d869fed1ab93b4e2c988fc41,test
left,478140,d2cfc19d324d873a056ddee5ad38dab0a53dcabeed3200a59f7818bb507b9f07,test
left,478310,0a8bd48bcd9260945f1edf7ab12177cf980f8cad04cdc8c00a7dae407d555c3b,test
left,478775,669bed12be2fc8ea37aad38441dc1e3157db9d47ef8ad4616e903ea694e92f2b,test
left,478785,669bed12be2fc8ea37aad38441dc1e3157db9d47ef8ad4616e903ea694e92f2b,test
left,478835,c9657d61725e6aaa8b49bcd9c8d39944dce29bb294417ff08efe5b11189bf23d,test
left,478890,ab58433fd8e91fc652169de7f849a898b615e2e33ac295752da94a5ceaafcad0,test
left,479160,eebc4598a85796c3551b2d812bba4ee44019d288f646d915a16ee23930886f20,test
left,479200,498725f414a12246b5d73df6285149ecf32cac37cb5c26d4b4bbdcef3c11e3cd,dev
left,479230,7f843ceff1357a44386866f706990950bc2c0392d2a22cae08d0d6abf4b49845,dev
left,479395,0479b16fb054d6c5be8cdb5d1196eda8d289677655d4111f93a2a21dcdaa3d5f,test
left,4795,4adfc6e0e447e09e1a75c75e2fbe788bfc4ca67a2251d16dd7165827b251edce,dev
left,479660,5d66030f1052ea0d8fd5c9cdb1c17297ecb62a10a51b0456368f185e0fa1a40b,dev
left,479675,6c8e4274ab03662d6bdbfa5c0eb9f98088cc3645b485b982f49797b8adc6a268,test
left,479740,324e13a93c264be2a5ca67664e2960758c28cc9105b07ee4bbd8debcbb998401,test
left,479970,193d304716b3df8b5b25a981a7b11df2005f050cb7d8ebca7440510851dd9ec5,dev
left,480040,f3c37fe647af03c5df6f6860dac15c8fc04fa46a82da016c6b84d3dc77ddff7c,test
left,480050,f3c37fe647af03c5df6f6860dac15c8fc04fa46a82da016c6b84d3dc77ddff7c,test
left,48020,bad10f4f57434579794b350de20d099b38c9d806b8350c50485e5382c7d6f427,test
left,48045,76a686822a9d6b29958f3d9984a621161b13a9aea249046bb1a7061d96190122,test
left,48050,5fd4b05b620a6b3ec12605e57915413b81335602692a5a78f259bf96da008d23,dev
left,480690,94e8153df82cddf9c6c6afd23452ddbe5a2e8a13ed8c21d9308b8c6c503d9006,test
left,480780,d080693bcc93465ccfb8150c07e46cda8d95730a72468ed3d7599983a46535d3,dev
left,480850,3e0124c980fc9b61dbf406e180e80786e079221d0439a707a8084ec95bef0148,test
left,480855,3e0124c980fc9b61dbf406e180e80786e079221d0439a707a8084ec95bef0148,test
left,480960,f83603a752824d8193c36c486e2e91aec87c7fa2e3d872df2d718e198f50aeda,dev
left,480965,f83603a752824d8193c36c486e2e91aec87c7fa2e3d872df2d718e198f50aeda,dev
left,481275,6d1a8ce8df96eda174b1114f3ead934d0d752faccf77a5932cef6ca9218b4a34,test
left,481685,3e5640bf9bc5fdc9168939156314e27dd784f8d7f0dc8484092cef790cf349d9,dev
left,481700,ab62beccd806ecf3859e9e573e2684b716a05e955bb993d6db1d8971e2dd8cef,dev
left,481715,f958a29cc61d44dce951adc235fb60705633f904ab49ccf42c469256a8ad9295,test
left,481795,f958a29cc61d44dce951adc235fb60705633f904ab49ccf42c469256a8ad9295,test
left,481940,cce487334e7bacfc388e2972da283e66ff2950d4999029ac8f190464b332a924,test
left,482020,3e0124c980fc9b61dbf406e180e80786e079221d0439a707a8084ec95bef0148,test
left,482270,0450ea42a44f8d807ab3349d7d73264ad6f13a95b2817e927a2c0b8ff746a6ce,dev
left,482405,c693020cad568fc91497e92ed7b7ff1e7af3be89b47bbfc6d52648a6f5ae8529,test
left,482420,c778774e7656e9f753a3b5ff02ae1a2da7d2fc79753424a58f6b17c2cfd27ffd,dev
left,482490,89b094af0e5a4ea96ef0441cd3e213c3625df708a870c8a2219ec4982c7d8c8e,test
left,482640,282b01b306677d98e52eb7ad33b7f086ff30021489def56e2ddd6c09d0224a14,test
left,482685,fb6ff5a9da327ce5b4bff632b50cbcccbf505508bd6e9ddd25a21f5715b31565,test
left,482690,fb6ff5a9da327ce5b4bff632b50cbcccbf505508bd6e9ddd25a21f5715b31565,test
left,482695,fb6ff5a9da327ce5b4bff632b50cbcccbf505508bd6e9ddd25a21f5715b31565,test
left,48285,3f555fa33087c0b9d59777cdbc95ad2cdfab973a2f576ed28d46a02946bde336,test
left,482930,c9baea413d056e0548e5b5c68d74a11bf5ca800df9d37490a7be718e2e51b6fd,dev
left,48350,ce83454a1ab919775742870eda180f1b0bf36c9ef6d82d28936279592c982d88,dev
left,48355,ada7eb2801903bc5fda043e91b3370ea8a36850c762bfa27b0562e99b618ad48,test
left,483850,816f1e3e36f26eff8ae26c6454ab7d11b7dc8a4fbcdfc5f06033cf1e51860171,test
left,483935,f8ba3c3dd64d3a03ad60040a9f9ef180ba0ab80a1fd6a17c06cb97309622e7b6,test
left,484015,d32e98fd03e1dd1b174d11f5524a7d6bed93892175d0ad0489ecbe81dacab7d2,test
left,484075,578fe6ff63936ce5b6b278aaa59cfc3eb4447e0b988c9e6fa7818aa2b38d1737,test
left,484220,5d0a55987f9806c0d946eebff961b4966c9330ed88c5f7771fd6c54cd7d73e12,dev
left,484230,4fe52eb4e39303092c6ed9c006f2a5e1458ed6b113d00f0a5ea3fd897446d58a,test
left,484235,df0369bcd80405166c52be8008112a36054852dcee88ffe9a81503af24424173,test
left,484275,dcd70cb46a63b46687cbb24d4415e33d7f8b137da605c47ea1f91b9cd2645444,dev
left,484530,9024cec61c5a3a0f2a91db24082e143a9fa8dc4c2354a9a5f43227c7a53aab5c,test
left,484535,9024cec61c5a3a0f2a91db24082e143a9fa8dc4c2354a9a5f43227c7a53aab5c,test
left,484880,c802e3b446c1ece6ea4813334dea007e30ec699387c666e638dd8995824be7f7,test
left,48500,73a17c14bebf120e7aafdcd5c774cede066e0550775904d968bed03174f743a8,test
left,485065,f01de3d8cad57e5addd0f641b48d8d9101fe411b1854d4f52d7b2dc9ce236cb4,test
left,485075,600f4a719ec2915b829575c68b6a5ca3e1acea8a6400af488c577063aeefd3d9,dev
left,48510,73a17c14bebf120e7aafdcd5c774cede066e0550775904d968bed03174f743a8,test
left,485375,193d304716b3df8b5b25a981a7b11df2005f050cb7d8ebca7440510851dd9ec5,dev
left,485380,193d304716b3df8b5b25a981a7b11df2005f050cb7d8ebca7440510851dd9ec5,dev
left,485585,3da019a37d89f184fa6df8bea2ebf075fe75f019f149ac5aa8add50ff3c85673,test
left,48575,dc8b40f71cee0016e9e59d43415acea2ccb8b7c3db491c018a84553cb808b9fe,test
left,485800,0c02c1d139eab83727329f4a0b9f956727b08996ecdbe67baa4ea72c7e3bc793,test
left,486240,722d5439395d59d17318509f53c57fcd745638791053df301ab6821d0967da1e,test
left,486520,1c6a77112c484a319810286c1ad8448cdf826dbb0c554b5fdc220fa4e139d914,test
left,486680,25ae6d18f1f6e078faabb84886249c5849b6b133b40b31d43685c945035531d6,test
left,487120,5187eccfd3ddb178fc5934d4038dabdf4bb060d9fe131042fd3218f31d6df183,dev
left,487130,5187eccfd3ddb178fc5934d4038dabdf4bb060d9fe131042fd3218f31d6df183,dev
left,487155,ba6879de9ae5d635a1680294687d9ab5fe6bbd77f828e5c7937fef6a02e4354f,dev
left,48725,d1af8d9ef18967fee7bd46fa109843f46e1068b9538a61c112985cf3a0a8dfaa,test
left,487955,a59b4e64d9273684db005d757c3a9563bd3d32efaa11335e45ab216f45414188,test
left,48820,90f4b970d32153007fbc27b97de2d46a581822651a117ab127d5729513842d10,test
left,488385,8285853015732fac40a798385972bc32cedeb2c47ce08f8ede0b5139e6f5a4a7,test
left,488405,c6fe336ce62325f1ac4e6c3ce44a9fcbddf29370fb4e69352bd0085fd0c41e2b,test
left,488625,a078bb71af82e9bf45bd28e5f996a47d963a2ce4a7a565c72f8508d010e58507,test
left,48875,3a70982a61256e06c001045884b29ca83c6a0631d2ef36ec1c69dc3ba2ac12e8,test
left,488780,f44060c09395eb3e09526ff8e19df06849737be9b412cafaac680cd97b215ee3,test
left,48885,3a70982a61256e06c001045884b29ca83c6a0631d2ef36ec1c69dc3ba2ac12e8,test
left,48900,c9d50a236103a239b809429c2e2b3b57eb486ee5fd7f1f1636148edd720fea25,dev
left,48920,3cad7f663da2326cae1a155a5445c256f117c46e38d7f3cad783b43136a42d83,test
left,48980,933dea37d9eb816a853bc64ce91a43ce2b698de2282a7f0a14acfb34a921b455,test
left,489990,cc46418cd6ead3a4812e4be0fffb420a2b05d373fe6fb722e5a7a63194a21a59,test
left,490050,2e57a87824101eda0c50de878167cb8b6972f61339d48cb4d22a198769c0ad28,dev
left,490060,2e57a87824101eda0c50de878167cb8b6972f61339d48cb4d22a198769c0ad28,dev
left,490985,cf41ffdbeb02bb5b177521fdc58b2d860324b9b7986bbfa46838e873e6585f90,test
left,49145,f73bc2bc3d50636e66a607a01fdc9937507cefe7cc1679d23f5a7a91408c770d,dev
left,491460,c8da63217aca729da984e3a994eeee3d5dec28832493f5772c0fae4afb7795ed,dev
left,491675,fde5fba165ad6c349fdb49ff2d044377fd60d7fa8b6035dd377ff329a28f1b39,test
left,49180,47a80d6c25d3bb43c3c2b91734c280643fa17e98c019be65d9b1cf26bcfce3e5,dev
left,491900,9b9277b320018bfbb353bccad888182ad8e03abdd37a0c69e19c3e7ad74e5fb8,test
left,491905,4422b827ee4a3f1b2b20b34050a567878723c16aa7f59e1499a6471f7a6aa15a,test
left,492910,738859382642622515a2d9a3287620a0d0fa51e6104ee608918e4fe160b50254,test
left,492925,b42ae135fc09474b207969a9c7a81743ae66d96b3c4e071820a0cfa2d4d5bae5,dev
left,492930,b42ae135fc09474b207969a9c7a81743ae66d96b3c4e071820a0cfa2d4d5bae5,dev
left,492940,b42ae135fc09474b207969a9c7a81743ae66d96b3c4e071820a0cfa2d4d5bae5,dev
left,493110,7a164255a958f776ea57a0ddfb8a06654b02f27fcda64936f9faab31f14b125e,test
left,493565,9b8eb6e7e4c22fd0a18d2d6c39d3db98712d422550dcb739614475e3f2377424,test
left,493825,cafa029e7f0f2fa8288af6d04fd01f46071a324b840fafc815cd586dca43ef1c,dev
left,493885,8c3ca8d4dd628179cdfe9e72e2f055454a16ae4c5da35d5d8f53501476b109e0,dev
left,49455,35c104844b658b7a0cff003ec791095b13eabb4c325d1f47dac6191a4ca55589,test
left,494685,738859382642622515a2d9a3287620a0d0fa51e6104ee608918e4fe160b50254,test
left,495045,5aa73a478f7a7e86b158fb091f104487b2c4821a01c197877bf7e68ca3d82f55,test
left,495335,d5fbbcf1d27bca14660895e9439f82fd49fff0a4f82336c10efaa12cabcd6933,dev
left,495435,1d96c8802ba3537ef1ce8b1c6d1cf2fa60051d4dc2ced0e06163871bbbbddecb,test
left,49610,984c9083dc1f3280226024fd8273bd3a0996804ba5f797408892738482b99fe5,test
left,496870,ad1d9d06e4fe1f04be484b85cd81bbe5963ecb3578923bb2cfbc073d90abed61,dev
left,496875,ad1d9d06e4fe1f04be484b85cd81bbe5963ecb3578923bb2cfbc073d90abed61,dev
left,496915,f8ef87cc464ed229e39be3d07d11043b405dc17dec2adf5c6e5f66e671ede69c,test
left,497085,e7491ebad1d2246a1de577ae2f70c44aa87e1f7d92910ecb014f311c01c823b8,test
left,497185,93ab80f5686ba4b46a9872cde6f68165be7cbaf29854aae766abc24ae0ba39f3,test
left,497485,4422b827ee4a3f1b2b20b34050a567878723c16aa7f59e1499a6471f7a6aa15a,test
left,497495,4422b827ee4a3f1b2b20b34050a567878723c16aa7f59e1499a6471f7a6aa15a,test
left,497620,dfe61a73f2e06a63525874dbc471d4b992c55a12ff2fce7d6209f09e79ca6675,test
left,497650,fc9f8930f8c68ff7b10a3faf203abe6b5c3445c8254badde5e16f8631fca78a8,dev
left,497895,129ba393839e2af73a31017f79ade02609c1265485229259b42c18684903fdf7,test
left,497910,c5cab1aacfa3cd26110e08e08303085ed6e57633a71330178e874b6c86c83f16,test
left,498170,722904254eb296239323dfe25d841c293e7c7f3c243bf2f000525cc699b3d150,test
left,498410,3a70982a61256e06c001045884b29ca83c6a0631d2ef36ec1c69dc3ba2ac12e8,test
left,498415,c15326d26133d7dc2a67490d8113b71be595f466d41c7497497878b639c6551e,test
left,49885,8da54bf251d9cc512df6061481e14344687c3e6d51bdfc0057b6c6185dd961c4,dev
left,49895,a5be325d2fd807a9d5f9fb3fba07a3e4c4a3a9cd49e69e31c750df1cc3413551,test
left,498980,363ed700d109105639c3ab9f58492fbac20a5cf6062bfd6d6c01608875b9efc2,test
left,499455,9fd3dc5a4387fcd05955e820f9e397992adf834a50fb1eab19ef78dcbc5829d4,test
left,499565,600f4a719ec2915b829575c68b6a5ca3e1acea8a6400af488c577063aeefd3d9,dev
left,499570,90b5da3fdba76351db7679f5e956fccb2621219ffd397fbbbcb21fcd95dee27a,test
left,499955,232f140ebee548a41b1c4d5e5f428a718d722cfaa860d15b64db827bd6274cbe,test
left,500035,0d0a2fa9e50a51ee085f938af1d26721f506debfd25100deb7c25dbf04fd55a6,test
left,500130,bdfd4058e231cf2b49d99cc80c6d0a7bbc5b0b7c07ac50d19e9ef4a24a13cb2c,dev
left,500230,abf597ee09a7ed272a10444156cab193bc5611e5193cd4957fad39a153edbf4b,dev
left,500315,4e1c6a48b2d1b92e93e7e8d6db040726e1192238ac5cbcddce410827829baed3,test
left,500345,36807b9eb0662c4867311c18b33a85ab6cad4fe5d88c57862097051730306fd7,test
left,500355,ced6cd080632118258a00502ed0d7fe3011f354b0c26794123dfce3864c20604,test
left,500440,afef5302fbba60a892b9878a40a17c14097f0d0a41f329bd09c02b9114344b2b,test
left,500565,5b26caf6c34deffe7d209b91b00e79158bbd1b7fd4fa6630675160fb5ef86de2,test
left,500675,a49c8bfbe696bfaf69cff403c283289d39bc4e624f961dc2c5486c809d34cff4,test
left,500795,33fe5e3c79cde0871ed699f37ed05294f57731c91dd68b6375de5e7e6a2f1068,test
left,500855,3b0edebea36e588e8c53a35c57f728eb17b3d83b9a38166e7d8662c655a4b38d,test
left,501175,9b8738f32b4ef46fda3fadb41cec0b6fd6b4e22c96485de298d5ccfc25706b79,test
left,501400,44b4ee2f2d0151135465a0b2f7b5547f96b67754e40291c40b20206a55113715,test
left,501415,44b4ee2f2d0151135465a0b2f7b5547f96b67754e40291c40b20206a55113715,test
left,501455,1a59665a92e037ce960f225337a4ead053761be001fcbe5763bc0c1ffc19a031,test
left,501460,1a59665a92e037ce960f225337a4ead053761be001fcbe5763bc0c1ffc19a031,test
left,501465,a82a80b5ef7e6a008385252dbd66d684292b795f4c8639158665d97ad592ee0f,dev
left,501485,47a80d6c25d3bb43c3c2b91734c280643fa17e98c019be65d9b1cf26bcfce3e5,dev
left,50150,c0182d29161ab9b8c238c91bb09d196776f14fb89bfe167a2d4d351aa2de8abd,dev
left,501520,1fd0d78433c59f0780fecc83b860d690090d0c780f13930ac4e3f8d7541aab66,dev
left,501735,7866c86cf42410a6f840788cd94d801fdccc596b3de89c56d0dc9135f4962799,dev
left,501750,9b8738f32b4ef46fda3fadb41cec0b6fd6b4e22c96485de298d5ccfc25706b79,test
left,501760,9b8738f32b4ef46fda3fadb41cec0b6fd6b4e22c96485de298d5ccfc25706b79,test
left,501765,fcec6196db436364aece722a9ad68cb0870edb94e48c31bd8f0595d9b9b7449c,test
left,501810,d40e8d6dbaaca5c4b2ffdb68f6c18ca0b973fc0931507f9721387d401d83b474,test
left,501875,0c8476b4e30ad4de9b618bb8a7f38d6223917f9f7a71524e8ce69204471fa2e2,test
left,50200,b389661d27fee353277134398c1045d81a26b7a4e553e6ca74328c56082a89fb,dev
left,50205,b389661d27fee353277134398c1045d81a26b7a4e553e6ca74328c56082a89fb,dev
left,502060,62cec5fd20aee3200574a0dd9c183093cd1380b18247fcb59ca09207c0de78aa,dev
left,502245,3da019a37d89f184fa6df8bea2ebf075fe75f019f149ac5aa8add50ff3c85673,test
left,502650,4029a12e30127f128d7742925666ae0a6dceb5b18c430325c078adc8050f7508,test
left,502680,75de0a33f8190b92b3c732867543ec78613f6a973b43b28601673e2b2e483577,test
left,502790,4422b827ee4a3f1b2b20b34050a567878723c16aa7f59e1499a6471f7a6aa15a,test
left,502805,e88969c6de84be91bf8c7cae1528a81cda8fe6fc91d05f65f58fe2970badaa2e,test
left,502985,857daf193b1f3ffa266740d60e16483804136594f4a2bcf213b701fb23a73200,dev
left,503060,d889b62b058070d1816820972a474a7b2f56f08cc1b6458e18b899404b839e7e,test
left,503590,e88969c6de84be91bf8c7cae1528a81cda8fe6fc91d05f65f58fe2970badaa2e,test
left,503895,e949b8193f9522d5b284c47ff7dde64efa51d6b9aad7e6acb78ddb833a3b466f,dev
left,503905,bdd3e542ee4aaa20563ef25932ba7fb4866f5407537323e00b9bf1975173a78e,test
left,504540,25ae6d18f1f6e078faabb84886249c5849b6b133b40b31d43685c945035531d6,test
left,504625,8fd54f3df7078d13302e592df641eebbde4dfa47605582c2ea111ec5c4d2b07b,dev
left,504645,a456faae6164e76d595579cc0a599842e38fab2a310c6fdc3cabec79e37a3888,dev
left,504825,5e3a8f0c70161261c256e4e2522ef75decf81931c556cb72c64b06ffc08fecf2,dev
left,505285,96924c20801714f8552dc94f7e557fe11e23764ba8fd619d78046fd4ca274cb7,test
left,505315,e16657ce0196674f317a065a8f9b42fb5ac2cb7b397ed6503017d086ec147692,dev
left,505630,bbbf6cdb5ee32dc7b507ffd39002d23636f1ec599c13eafd6a0f525f0735874d,dev
left,505790,290ccc5180e17f4ea0bf069ecc7dce4dd278e2d2c8148d908d7e0f2095c962a9,test
left,50595,e88969c6de84be91bf8c7cae1528a81cda8fe6fc91d05f65f58fe2970badaa2e,test
left,506135,757c7c772f169b4beca64f701e4a76b9a8c078818787bcb771594ce97e44609d,dev
left,50620,551bf4fe3f7ef8234b1ce8cc706c25ee4e8597c7ab097d5175aa89b806a77a77,dev
left,506610,9fc51d0e62bcb0fdc020539fe8c5382d5e09f14e12893dd35b94e49ed080e7bc,test
left,506715,eb87fe407525fa08faae80034d4da2e63fe5af376230de9893f293d11d951830,test
left,506895,a2e36d40c8cfa5477884baba53f218f9d45c7d84a784899db980205dd8997b34,test
left,507115,a35b9f79a7d3edff84ff8fdfbf4c654c1d79af925af9163ea7f4ce6f9ea5e724,dev
left,507420,a683f3aec9c465cf7c175d14f9237235a7390595227dc4744fc8447cb3da25c8,test
left,507435,8dde20c36b5fff8294c828ac9ccec7d803918b2c901fe6b158c3cf208e5ef598,dev
left,507660,781c80b19f95a975056dc504ee8665f51727cd7e2c8aec95dfa25eb02b14aaf0,test
left,507860,ff140cf49fcc7bc0581f556efdf7df475cd57cf097ce801a9d09974c6f82707d,test
left,507875,f9f3eaf788d825106c2fc986277f3708b6488fd94ddcbb548bb5e182c156d136,test
left,508175,ed692535137993f86710f9ee1767dbb63f796903669ee232dfb3c21740fdc80f,test
left,508180,ee072d27259318d5e831ab7a06083e88efdc2bf6a65ec9e6aa3457f1d4fdf6a9,test
left,508335,19063ca8acfd0629e6a2e06756400774fb13a9ae851d869eb33f529b20b58fff,test
left,508390,419d27e2c82f8d384c4cbc4ed6e99d4437048f24dc10a8099b71db9c3288ade4,test
left,508395,419d27e2c82f8d384c4cbc4ed6e99d4437048f24dc10a8099b71db9c3288ade4,test
left,508396,419d27e2c82f8d384c4cbc4ed6e99d4437048f24dc10a8099b71db9c3288ade4,test
left,508520,e454fc2e2516cb77cf931a0616bba1854cf8ba93edf38335de8c0c83e5385268,test
left,508675,deb5e387bdec190f1a8fb24ac09776505f5b307c0c429cded1161a3be9e29994,dev
left,508685,e05f4f61f518cce32d135c3c386838f1d833c902d39422dcac23d93a54027a48,test
left,508810,3f15d6789d52374b071abe6fd147d6c67447f35944f1eb1161bbf898c7b4c31e,dev
left,508860,6ec2fabcee62fe9ab873f71da010e8781eb9893f3e2feb3a218610a5fd97a749,test
left,508865,6ec2fabcee62fe9ab873f71da010e8781eb9893f3e2feb3a218610a5fd97a749,test
left,509305,5d0d1dc37134bae51bb8e1ef661557812e8f1ea8c492fd4091b7b1251e9af76a,test
left,509320,b90af9106c77c4698c021138b0af45cfaa0bc5a0da495595340c041072e9a9cd,test
left,509325,b90af9106c77c4698c021138b0af45cfaa0bc5a0da495595340c041072e9a9cd,test
left,50945,b9b90f1c666d917386c751e66643737b857971bdf308fade4e0d281d4a0210d5,dev
left,509700,c5cab1aacfa3cd26110e08e08303085ed6e57633a71330178e874b6c86c83f16,test
left,509705,c5cab1aacfa3cd26110e08e08303085ed6e57633a71330178e874b6c86c83f16,test
left,51020,fc07f553d62706d51444bc0cb62a8be1183456d8e035af0c8cde593c3e645442,test
left,510745,dcf1d52419fcf72d9a753f7227e15e13f672fa11137f5f3a53942ca4377b563f,dev
left,511140,254d83570f51e7228668120a5b25c5112f7bc8f94ed37384a3754b820c919a50,test
left,51120,e1f6924032802975bb38c2d54e71450b173e029efd823f505e14876da8610361,test
left,511675,670de0e477d879bd68edd23171ce8bec88deb11f76af21d7cd293489b95f8517,test
left,51205,e1f6924032802975bb38c2d54e71450b173e029efd823f505e14876da8610361,test
left,51230,e1f6924032802975bb38c2d54e71450b173e029efd823f505e14876da8610361,test
left,51245,89c302341757f8df8fa3e89f8d9469fd29b2816628ed829a680434b5d1f95db0,test
left,51270,e1f6924032802975bb38c2d54e71450b173e029efd823f505e14876da8610361,test
left,512730,28c822887c42ebde4aa8fbc44b2db9bbd4400fc31af0d300f5560eccc5182c77,test
left,51275,e1f6924032802975bb38c2d54e71450b173e029efd823f505e14876da8610361,test
left,512885,b9ba0fb531d90ada778740ac0aa6d93b90cb753e75369018022541e7b0f96907,test
left,512960,93ab80f5686ba4b46a9872cde6f68165be7cbaf29854aae766abc24ae0ba39f3,test
left,512975,aa59a20609a090b5de34f25927f1e6d0780250fc15364b147b7e985a7d94885c,test
left,513040,cf52fa140628e31f7e6acf978897934d4a130d05405b37cb12023030946fcaf3,test
left,513110,f45eacc05d50eeceeaa53bab0c96d815c8020236a9863d32185e0618254ae84f,test
left,513225,5ba3bafd8e81619241dbf5e6daf9fd7a3434636a5501a0433fc13aca8cce8a1f,test
left,513315,8980a64e05ca54a9263e98ff4f6025c66ef7f14afbfa785e913df4c38387b321,test
left,513320,67f9b83ce1ad080a82cda5cea51297dcce31bedd1bbedcbfd319849e30709ae6,dev
left,513615,6cd066e89ec5718ea112e7ae8bc4f02b69c9c15426cab09b823d33b629f804a3,test
left,513705,22149a6d058852b85b4cc806ef806aef41eb71c06585c39a6a013eb2929e83e6,test
left,513770,9a7fccb53ab2f92b8658efa96b136023270b726c2d0f0c03c995fb9fd6d2ed7c,test
left,513820,0b85b50a91cc8db3b310391a6ee41c6cec0914d5161602cb87997a4c35632ea9,dev
left,513875,af57738664065c5a0ec48a9329b37c84a8962ccd580262e194ccca0c2af6805e,test
left,514140,1c28cc18cc13457f120298209dad07e85756b33d8ca5991351905c6a40460d71,dev
left,514145,8cdea03894f9461e516dd804f48e74b41b2d041774fb2b69cf86358ec504aae6,test
left,514150,bfd05e84b4da34323cee6ee9ee38208c10a6513a19c2da42ecb1b0f81f03ed9c,test
left,514155,bfd05e84b4da34323cee6ee9ee38208c10a6513a19c2da42ecb1b0f81f03ed9c,test
left,514190,d08a0d7b8b158046e27c19c6a468bd7c125f16ff6ff74835e7d3e941e822d361,test
left,514620,64875a183c4899ba8c62001fd77b4d32c99d758553489bafebdaabf284195166,test
left,514775,a456faae6164e76d595579cc0a599842e38fab2a310c6fdc3cabec79e37a3888,dev
left,514780,33f268de1927cbf73a6a0004885df81d20739a498522e6e636a012ee9876b358,test
left,514795,3e644f12f9d08ab02a26db8405d9d4ddfc3ec072093ee484474820db4c8f7085,test
left,515175,d94cfbdf92deadd5bfb14392d59b2a7d0c67a413ae4d9a65bb23e01b6b4d59f1,test
left,515220,a62d39cb93473395008e3936e02ab109f731e66eb3087bcbd2fae25f759601e8,test
left,515315,60105979a3413dd1a2b19154d67c617866e3981f843e7052c15e48f72aa54943,test
left,515425,670de0e477d879bd68edd23171ce8bec88deb11f76af21d7cd293489b95f8517,test
left,515675,bf37e27690140ccaee02d7d1fc8e5f7cb551d074f838d0cd6e8a653527d64701,test
left,515685,bf37e27690140ccaee02d7d1fc8e5f7cb551d074f838d0cd6e8a653527d64701,test
left,515735,2821e72fe669b76c8bc766c9969bb881bea99c25a67d602003b62fb14e333a36,dev
left,516135,45bc4f18f0907de11194828107bca010a0f8b5a6e80e045d0b24c41ff1cbd3ff,test
left,516585,f08612352c5f394b2dd6985e1029d1dda7a2a5ccade107fc9a11e177093b6259,test
left,51665,a1ae5dae29323222ecf7640282d57a972ed81275c9a494f036431a4c0996e08b,dev
left,51695,566fe3432c0cfe52cbdbdaec45c58c6f7371a4dd4a6cd99f57174ce1101115a4,dev
left,516960,da37695ab3539f99a1d7049af78d86001fe20581ff209504b73478485bae6455,test
left,516995,0e21bca099dfcc6f2f6043ac8ab98d4aefb67e1b7e3eac8a1d35a85b253754d3,dev
left,517095,a7731d4d9487c3b01c6d0e9a54ec858cc5d92511b250a83ba48d8821495dae3e,test
left,517315,7d02ea303b85bd6dbbf21f6742af28b222c2a292eb2f4b96668ce586ee50fd39,dev
left,51745,c3347f54ecd94861d1f69171f4407ad5fb4262a29b2fc54efc46dc097d0a3e9c,test
left,517790,5cdecbcdc05803a0a7290a8066136bcc59534c349ca45239592feac6b4b45cb5,dev
left,51810,9b8eb6e7e4c22fd0a18d2d6c39d3db98712d422550dcb739614475e3f2377424,test
left,518240,6bdae4dc886d65e67e08d03990afe4180aa79d9f6bfbb21ec9140d35d0d08bf7,test
left,518340,d900958873ab140ae9fd3139d68e904a4d93a444ec0a9f220eb6ddae1b8cad89,dev
left,51865,3f7f6613b267360c69abf0db30dc5f1463535aa3451752cf11cceb29b48def8c,test
left,518955,dc20b362e3f6a920bf97144d14fdda35f4d754dfd8b78c8c00baa56af6aa1351,test
left,519145,65fcb3110d01dbd838655b008129858d1b7d37c808bf53d29316d12c1746c04c,test
left,51915,5f7d73c4c6a6b9db835138dd94f3a59683469153dfbfcd0576eb0ca096886922,dev
left,519195,8dd1d8d857bc3a5a1ec1d2cd09cc6d1e7b54ca5183a762506c72a98cace288e4,test
left,519205,78643007666ffb896c76a3dae432b49efdd9ae9f2370280146022ce0f6fe22f4,test
left,519225,8dd1d8d857bc3a5a1ec1d2cd09cc6d1e7b54ca5183a762506c72a98cace288e4,test
left,519230,8dd1d8d857bc3a5a1ec1d2cd09cc6d1e7b54ca5183a762506c72a98cace288e4,test
left,519235,8dd1d8d857bc3a5a1ec1d2cd09cc6d1e7b54ca5183a762506c72a98cace288e4,test
left,519250,df89e08945232083bffdcf68182e2bc09419442a5bf23363c9d806c2c1f29ce2,test
left,519945,fa63579ca28d79bd9df47772743d35a3353fcbb9a3740f0399cdc682599fdd6c,dev
left,520260,b25eb8287aafa24d082edb7471b8e83d7b2b8edf3b2c8c9d7b2dfe981356775d,test
left,520290,c3fb1e628458970348f82ff31175e71bbef1877815e5ba80c1a3159a0bf0f968,test
left,52040,5f7d73c4c6a6b9db835138dd94f3a59683469153dfbfcd0576eb0ca096886922,dev
left,52155,231b1016d452b47dfbe20dd65af4f85227bcc341d082ed93e3c05864ebb2288f,test
left,52160,231b1016d452b47dfbe20dd65af4f85227bcc341d082ed93e3c05864ebb2288f,test
left,52200,231b1016d452b47dfbe20dd65af4f85227bcc341d082ed93e3c05864ebb2288f,test
left,52210,ae3710d7a6f918215491a66dd0251fb28e36ced2d2b1df5e17a458c819880079,test
left,52255,bdfd4058e231cf2b49d99cc80c6d0a7bbc5b0b7c07ac50d19e9ef4a24a13cb2c,dev
left,52425,d114b85367255b039ef83f3a377eaf4e59f16585b09ed4112eebbdde23cd4316,test
left,52435,b62b28c57c91430225edf0b528399cc6dc6f7e1856931f2c6509caa5308c667a,test
left,52440,b62b28c57c91430225edf0b528399cc6dc6f7e1856931f2c6509caa5308c667a,test
left,52590,bb08fc8a88a7c202d60e24efa6a697385a59a0522c435cdf59ceaaf6c375124e,test
left,52655,ece3d239d6d6ea2f716fc866f0382e3f90d57db5e548725c874e4e7dc2eb0a96,test
left,52675,67d342d6b8883e481f21310267b075f6506f786de7b849036512305d961f5d17,test
left,52680,8129973ff477f93b1013912e87e60ce0df08179bfdb1135e794c35e9b69de3e6,dev
left,52690,e6643807684dd82a4642b664f6a4b3a323f2593f593d7f8468d81a33376cae3a,dev
left,52695,99dc1f8d4ed0b5f44498d60338855935deaaa76503bcc4b0ad13bfaf91f56186,dev
left,52760,540998bd6428578c8abfb93236d505caeff64d023f32feb6db508244687aa3d9,test
left,52970,d8884b642a1eaea0c3b08587e33e6f5cefcb691f16a7a612bd30189d499cdbdd,dev
left,529855,73393450642d3a9db97c4407b0afa4c3d62ccb8356a59239e205214b2909c872,test
left,530025,7e333f46b1d25912f613cd7ab184a6efa6dabcd20c21bf542276931c0d137737,test
left,530235,4efd13dc9ee434d436fe4c830a6615b5eae04eab6095661fee97eedb86c77af1,test
left,530520,f5f93fbbc5c375fb95d0b19b279b36e908e3bc053e25f514910f8b2b25f12951,test
left,530860,3d6f6bcf3dcdd2c63a4f88857f3e0e231fc4423d3dfba6cc16b9ffe653b3e9c6,test
left,530880,ace739fdddf1a82faf15e67946e3f28e86fdbcc5c9da8081d1983fa011a9331b,test
left,530970,f60914a055f3a41263b37645bd56cad12f377fa02f55064089b91c9f5e7a3568,dev
left,5310,88c9a9005f1fa4ee820b1c4c976fca7766ecf8fdc3418d3677dac497b8ba4cdd,test
left,53125,6f7089d660af9abe8ee7552c9ca0cf1c0db0d297bc0e996cddfe61a8b9f5bc6b,dev
left,531825,da37695ab3539f99a1d7049af78d86001fe20581ff209504b73478485bae6455,test
left,532065,9b8738f32b4ef46fda3fadb41cec0b6fd6b4e22c96485de298d5ccfc25706b79,test
left,532420,67d06ef1de97eff4f8e9dae4604c7f3e4592b78843a69ce64326f298446d2a2a,test
left,532720,f70d2e5ad02e76b863ebb889291bd1cd4775f133a2834af7357b7607dbf21333,dev
left,533285,b43d699791c7b044bbfb1c89c7fbec8236edb419813de6ed3aac09705bec5b87,test
left,533335,dcf1d52419fcf72d9a753f7227e15e13f672fa11137f5f3a53942ca4377b563f,dev
left,533475,2c1cbcb6af08cddcef529d7b6d1bb4fd5083ef1d1b3b4b4885fa32e0ed499fe6,test
left,53360,736d009e0d19f1a1e88f64c27820e570e99217532b69edeb76270b4438db967e,test
left,53380,4fe52eb4e39303092c6ed9c006f2a5e1458ed6b113d00f0a5ea3fd897446d58a,test
left,533835,8d4e750b660e8221cfab07880bc8dee3520e49c75e28aefe9a02d808b646c70c,test
left,53385,4fe52eb4e39303092c6ed9c006f2a5e1458ed6b113d00f0a5ea3fd897446d58a,test
left,533860,c8d39f01bac31f70ab2e106c0c3b8f6c0f6e27aa595709b71ecff9871664bcbd,test
left,533870,9fea5b84107260f629dcda8c6fc6eb6d30e2624011f0f260a3b889bbae31fb59,test
left,533910,28c623e29aedc87576644e32c9d67382947a25ee5a272a64e7b5b5eae027035d,test
left,534250,680b90f08a6ff27c6b5533b6817ec41ab46448408c0474d2e1f04e866961906f,test
left,534325,ce03887e2b9f4c036f4e6c6362f2776f5b247af4b13969bf0399a8de5b4e203a,test
left,534825,4dbde376d8c3567a55e31af27455ca9dba15b2e28054f6cd4be82a3422c3f0c5,test
left,534935,c15326d26133d7dc2a67490d8113b71be595f466d41c7497497878b639c6551e,test
left,53515,d92525833c9e7e819f550845d42d9be9721cc1876941052dfe26711d1f8366a4,test
left,53520,bd47ae3b3849b2e0b38db74ebed4d606e803b821655358c8cd955187eb7cc269,test
left,535225,d4c9590c5b403543aa9bcd30c7c826ba5d918e0f267b918ab747eeeea6b1b4a6,dev
left,535375,b6543527b3a4076574ada10b3d890ecb12d531328163cf22de0fce7b57bbb237,test
left,535595,a53e1511dd624c03daf7210497b3df26afc5e6101a3872c54949eae440f40278,dev
left,535650,4ade1f7c8da86f642aa0a4e6c056144b36f6e51705472579a09ac703ef5fa001,test
left,535745,174efdba0754ea8a353fdb65386e55d6779c466097698507cce1ea77aa4be6ca,test
left,535750,738859382642622515a2d9a3287620a0d0fa51e6104ee608918e4fe160b50254,test
left,535785,b9d116710ad3ed6ca977fb37bcc36f42ac3054c10c8b54b4f37de03e5ce1092a,test
left,535790,b9d116710ad3ed6ca977fb37bcc36f42ac3054c10c8b54b4f37de03e5ce1092a,test
left,535810,969588d39d995b045cd9ba0880414df26742668809fcf47d06648098a92f2eb9,dev
left,535890,b7a6bc03f6a9b3ea00f519fc474b6782491bf0a3ebd85a013724832571af0d68,dev
left,535980,dd4d43e2b9f401a1bbb773da80b92b5a2b46cb323e43936fa471d170dbeac426,dev
left,536195,e88969c6de84be91bf8c7cae1528a81cda8fe6fc91d05f65f58fe2970badaa2e,test
left,536405,023d77ef74cf4715ac44e4e3f27d884f8bfc02be8eb46e9b620daa2f1421cf69,test
left,536500,e942f64e0a7f3df1544ba823208373f8cad1da8f1c3ec67bd49cf50bfd88bf4a,test
left,536585,171b47bd06b74592f4573d8278e2f17bbaebbc86907a5d15550da30769b058ac,test
left,536590,2c0df7990321194f869fc3854691cd9616da563f3f8bc5876f097a67b5a30dde,test
left,536630,a1d3f144c9a1287789ec7bd8034a11ae25b656b62107691eb7a8486423713e53,test
left,53675,7dd689c4b958a1701bd29dc653cc89a86ef6af16071eeef9f45a8d1f7c6feef1,dev
left,536765,8775e2238b6750c4d436fc9ec47661b82a28f95a1e36fe3ff8992607b9329460,dev
left,537260,283a143b0fdbdf3c92145aaa78bc0ecc2240a2a8c8204af7249bb9e0d9d5b4bf,test
left,538005,ad1d9d06e4fe1f04be484b85cd81bbe5963ecb3578923bb2cfbc073d90abed61,dev
left,538045,0c9287bb7e331a2c75560601f9a4ec48ac3ff42f218067a5a3f1d128dd395412,test
left,538385,4a49aca534aaf93315ccabc949e5e32000cbe3ea64586eaab8f808f3477fdf33,test
left,538395,a1ae5dae29323222ecf7640282d57a972ed81275c9a494f036431a4c0996e08b,dev
left,538540,31f0957718de7781f0eec9ba0a62f5d1cb01ac0c08d120693c9f634242e7be76,dev
left,538575,5efc07c24289c0f7e7ed4f092bdd4c23eff2b981c283b59081069b9177b234e2,test
left,538645,47a80d6c25d3bb43c3c2b91734c280643fa17e98c019be65d9b1cf26bcfce3e5,dev
left,538695,708accfa60ecb169bbc9edddda6eafd1ec07376623e43c1005de4c4265585c84,test
left,539015,8aaba9f368574c977d7f69f1fb06c970a7d7987352833e108983a51b9263cb6e,test
left,539065,4af0a162b601652c463afb24966602168084a3b9f46de5be1ea3fb2cc462b232,test
left,539100,f72376a489eb60aa1c99f9492fa660b2f5f28669638ca5f9a5da208e2864471f,test
left,53915,5cdf4b970eb6e326dbff053956af12001a6164464d890040a9a37baaec4f5527,test
left,53950,9b8738f32b4ef46fda3fadb41cec0b6fd6b4e22c96485de298d5ccfc25706b79,test
left,539750,37c0d484a859ad6b8b4145c87d23e3272ab124f0c7a8a564cd9808b867751220,dev
left,539880,27b1e4905a1005a6351cc884c74ea54f95400b12e53fa47fb76d002d0b1f3045,test
left,539910,27d98064d45403341634f87c0b64411db07576d829bd5ea336909f82b2fc14ba,test
left,54005,fc9f8930f8c68ff7b10a3faf203abe6b5c3445c8254badde5e16f8631fca78a8,dev
left,540100,19f4e8037218873b7feb6e7863352e5dea8716305d4cb55ded72f965a52f6a63,test
left,540175,73393450642d3a9db97c4407b0afa4c3d62ccb8356a59239e205214b2909c872,test
left,540180,02e6fad032a7dbe4670d92b46b3b4c73eba226dc1a967f8091b316d839e301b1,dev
left,540195,9b468ecc5e40b6bf7adacb651cd247a37d7cc8fe43b712be9f7fcf1ac99cff88,test
left,540260,10268f4d80e345377357a2e79a491490750b5b09ef6cd7ff1d89a1b7a64722e6,dev
left,540350,078b07ee63fbea7c3b5382583a5a5b208d9c0f12236784b0d87a206e01eacc65,test
left,540380,1be50b5c3e8715f43e2230c822c132196b5654c336c672d39f51f06bc360ee37,test
left,540405,569be7ecce6ad1ed0dd51e3775d376a7ace6bc3b5283109d3ee2448f7f8a3ded,test
left,540425,a664c1e24641d16f24e43beb279346eeee64bdb6353bdebe0c0e3d5607dd8dc9,test
left,540495,0b771b004d45f6f2fbc6426498e99f948767526d9058609fd747cb365826f240,test
left,5405,a6599a720023e6ebaabd65de3583bb9da376edfdf68ab0b39fb09dd044c8d94d,test
left,540520,73393450642d3a9db97c4407b0afa4c3d62ccb8356a59239e205214b2909c872,test
left,540535,415049908d91c27baf1966fd80df2cf10b6d21717bf49a459a75a4c07158054b,dev
left,540540,8955f8b3cb599c3e2c54ef8a3681cb69652dac070a8c0b15fc5da9d81f96168f,test
left,540600,0f3bfe562cbea0ce8e61fe9b9b405256a3e46a84bed06149191da3537a796dda,dev
left,540615,4ccf18af7ab098b2d5015be5e8ce1dec05a613ae6480207c588f901ffdf18fec,dev
left,540730,2043c7f2122b5798e19e768902411cd95b10cc6094a98a5decc52f92c945ebe1,dev
left,540800,ec69d5db1437b46dd2c2d4e8373cb01721e28b5d0583af3b1faa349967877cd0,test
left,540830,417741e791932e0f3a74b9e456e7efc3b7c42996da207c90a1c3e4acfffaae95,test
left,540895,f40908bdacaf186e5fdc5ff06be0c04fd333134ce5cbda115abcdbe576e60443,test
left,540960,3059b655d59b4da68e49e3dfe4a41f374663f88f3414e01bfd0a9138018a136e,test
left,540965,f5c9430a90ef1dc0c0e1cb53507c2c56fc534a58976965c8d7b985eff61e9bad,test
left,540970,3059b655d59b4da68e49e3dfe4a41f374663f88f3414e01bfd0a9138018a136e,test
left,541000,7849948a2195a9dcef2b3da356b5304cf33451bd2a7fe0f5fe3439d5edb5b6ac,test
left,541070,3059b655d59b4da68e49e3dfe4a41f374663f88f3414e01bfd0a9138018a136e,test
left,541075,3059b655d59b4da68e49e3dfe4a41f374663f88f3414e01bfd0a9138018a136e,test
left,541080,3059b655d59b4da68e49e3dfe4a41f374663f88f3414e01bfd0a9138018a136e,test
left,541085,3059b655d59b4da68e49e3dfe4a41f374663f88f3414e01bfd0a9138018a136e,test
left,541135,00452d16177172eb9c11805a2576e1e1a75f597a7ad5bf1cf78659bf99de2be3,test
left,54125,87f6cd6f0a9d481ee6325ddf72b05bf318e3eeb8c4c473b374b3181364ec266f,test
left,541430,daacb9875a5b0dde8112b0709c152ccb45cb3132f734a90bf031e6f09b78e4a7,test
left,541480,7cae2fc2d49c5ce228cdba6566e86eabd1c487a3bb9137ff67888d344e35ef62,test
left,541530,ddff54565a55c64640bde6024ebbffafe13d13efbe03077e60a0144d31927ef9,dev
left,542295,81191c76b1705b629e62d0b99eea89f8b5d88476546f68e20e71febeab93f087,test
left,542330,a82a80b5ef7e6a008385252dbd66d684292b795f4c8639158665d97ad592ee0f,dev
left,542445,64875a183c4899ba8c62001fd77b4d32c99d758553489bafebdaabf284195166,test
left,542525,7d86fc742f7b8f3bf8cc031d6486499d65cee3ffa8022caf2658b07a0ca3e119,test
left,542865,e88969c6de84be91bf8c7cae1528a81cda8fe6fc91d05f65f58fe2970badaa2e,test
left,54295,0a39bad6a8878728dc1a7ef9277cd412c7f5dcbd482d5390b62cc50b31e88cf1,test
left,542990,e1b75c13a702fd73f5678dc928b0b0bd17990c83bdaec65496ead56da0eeab35,dev
left,543060,9b8eb6e7e4c22fd0a18d2d6c39d3db98712d422550dcb739614475e3f2377424,test
left,543300,f958a29cc61d44dce951adc235fb60705633f904ab49ccf42c469256a8ad9295,test
left,543530,a010245d825da92acee34349d85ea42f757e2ba27e9a6f311097a1c31281e044,test
left,543835,e61d34144d8eefe682ac91f922e0d9f7fc081469899b2f22319a23c61bc6be53,dev
left,543895,af5f2faaa6ff1e59b3aa6c69349169c5193656fa5d0b9ed6f7cf3c3d71dc018a,dev
left,543900,af5f2faaa6ff1e59b3aa6c69349169c5193656fa5d0b9ed6f7cf3c3d71dc018a,dev
left,544010,73393450642d3a9db97c4407b0afa4c3d62ccb8356a59239e205214b2909c872,test
left,544015,73393450642d3a9db97c4407b0afa4c3d62ccb8356a59239e205214b2909c872,test
left,544155,47e592e9cfc015a62d688abd8a0f2eb4db50b16055ebc8c565b19846ba9fca3d,dev
left,544240,7225865a507ab730573ce5019ea7835c3c9808041207c6d90616ef12da2f2818,test
left,544350,6758806b49aaadbf2987068579a0c453459f0bb60f6e7df453bbfdbc0fc79798,test
left,54445,266816746351f97e58c0d7cdad85007efaaa0acb167411e9806686ddfed66d71,test
left,544515,a43840c6d261d15c0ce7bff986a33653a78dfabe9f7b65d30a373f75ac3764ec,test
left,544530,6758806b49aaadbf2987068579a0c453459f0bb60f6e7df453bbfdbc0fc79798,test
left,544550,cfde6f3bf757c117c152b0bd8928e8d92b0ca2c18d1ae80b1b5d161b782ebe66,test
left,544635,89c302341757f8df8fa3e89f8d9469fd29b2816628ed829a680434b5d1f95db0,test
left,544676,9ace26265a9fc6da3658360689121328614da9321de7597da6f9d55672e88e9b,test
left,544680,9ace26265a9fc6da3658360689121328614da9321de7597da6f9d55672e88e9b,test
left,544700,1aff2c07de6ee74e5f97b188b8b616d9d05f0d4a3c68ec122b3375742a3d865d,dev
left,544720,c4407e59e66572e148d8112d452894f422711f387568c46623fd4eaf53fad42c,dev
left,544780,1d3e9af67b3eaf9333f4651243479adf6f6064c9086e6ab0e31b9e5086e49586,test
left,544925,78edfba3de2d3345c571065e389ac0b2ce33196c26655464e89f6f2316b71a3c,dev
left,544945,f5bc76c2e531e923b17e95a1c93112323df2bc29c38c1ffe0dc6f101a3b26c7d,dev
left,544955,7f21e1ad90a26eb940d81b3f40aaa8ff417508ed21d1cab0c4db07600d6b00a7,dev
left,545040,f958a29cc61d44dce951adc235fb60705633f904ab49ccf42c469256a8ad9295,test
left,545175,2b797d97464be2522d39b828edc814d4c278d79bc6f35ffe165ef777a62ffe4e,test
left,545180,2b797d97464be2522d39b828edc814d4c278d79bc6f35ffe165ef777a62ffe4e,test
left,545200,5ff2b270e33337a1ff7f4bf7a7ed687255df2699aa224a74b168fac856f168a6,dev
left,545215,5ff2b270e33337a1ff7f4bf7a7ed687255df2699aa224a74b168fac856f168a6,dev
left,545955,1ebd65fd43d25220fc077b7b0fc18902cba1d01cf2ea58e9f6f4d38e6a983b9f,dev
left,545995,a874f9be4a3735dbe224ce6e228d61830cd8f37eb442250c73bcc1d31ea5cef6,test
left,546425,596a21c871f0034c7216be2ad5f53dfbb335d9e6dd4df2c7f7daba7c916b9d89,test
left,546530,93a49c5ac1a1b94fb427dec16e2a37b352d4ebc71aefaae1e99f216b12f3f0c7,test
left,546570,a1ae5dae29323222ecf7640282d57a972ed81275c9a494f036431a4c0996e08b,dev
left,546660,11010c231afd299afe97249c5111bcb9d7bccac2806649ff738c93b2156e8075,test
left,546665,11010c231afd299afe97249c5111bcb9d7bccac2806649ff738c93b2156e8075,test
left,546805,70f8e93cb7f796cd1850954296d6aa08a9359aa3725ebcd557d10a630d7aa63f,test
left,547115,e5128acacf9ff270b1a4eb466afd4a1c1e1117e749ca5026b5fd95264cfea60e,test
left,547125,670de0e477d879bd68edd23171ce8bec88deb11f76af21d7cd293489b95f8517,test
left,547260,f20edaab50969b364196fedaf0578ce8f81bbac317cc0570bbc916c77fb4800a,test
left,547266,f20edaab50969b364196fedaf0578ce8f81bbac317cc0570bbc916c77fb4800a,test
left,547655,12ad74d9352c3122ffed5d0b06c8bfe9bb315ab2e3ca5dee44a70efc4d7b74f2,test
left,547810,8bab8ce0f5bc91366a958fce6f96f833b9cfed27118ba0ae0250924b46a7805a,test
left,547985,2d2184ec045f8200e847e1b06e2f6aa7d23d84ff39a4c82316a82756dbb3f632,test
left,548025,078dfb32d5eb4a962709fd376109717f2b30f185853968f49aa0e54ea7a07d8c,test
left,548410,5e17b873e82799cc9e1fe219fac45d4ab46741f9f9ce3de847b15eb2d27b5c74,dev
left,548455,2e9077ee8fa95095a99e1ac69ffebc9612f6d8f18f8db7f1cc8b80e0716b1e59,test
left,548535,356069d111880323d06ff8222b9cc903f66152769ba8172a0be117236f48b2ae,test
left,548560,904ad49667eb28bc20fcb9507acd6cc62996743821dc8b711e45a0af0e13341d,test
left,548565,904ad49667eb28bc20fcb9507acd6cc62996743821dc8b711e45a0af0e13341d,test
left,548590,4b0d7c62771621907df6c115a61c883f7dfc3d24b19f9e27d4e51ddb406c4d6b,test
left,548660,bdd41b04b66b1b2da926d15d442c5f6aec078aa70637e0f647ece726739ea2c8,test
left,548835,5166cf2d34c112c166129357ab91ed21211bcc4ce74e407592ab456f77ca15c4,test
left,548945,c239f4d65d6ced67e925e23a9dbc809df36ba593440f1b13aada023d3da40965,test
left,549105,0b136d9c4c27d6b440f295d27e11f4769a285efba8735e3a2dedddc142e08126,test
left,549915,301509432f389f5421e91fbd15cce2f3529aba81350d5e667d2061a56f1bec87,test
left,550480,846897807826438dff3108b3410cae04b2a029e369703cfe077a162772200754,test
left,550650,ee072d27259318d5e831ab7a06083e88efdc2bf6a65ec9e6aa3457f1d4fdf6a9,test
left,550730,c50b054c90b77f11e535a21127233821860c0f0ac52e925ef9e1f1930a5efae2,test
left,550760,1d463de479a083bb8551cec8088b13f564c5257c2e79e51bf5a3f6115f619ac0,dev
left,550775,1d463de479a083bb8551cec8088b13f564c5257c2e79e51bf5a3f6115f619ac0,dev
left,550795,1d463de479a083bb8551cec8088b13f564c5257c2e79e51bf5a3f6115f619ac0,dev
left,550930,078dfb32d5eb4a962709fd376109717f2b30f185853968f49aa0e54ea7a07d8c,test
left,550955,078dfb32d5eb4a962709fd376109717f2b30f185853968f49aa0e54ea7a07d8c,test
left,551125,22149a6d058852b85b4cc806ef806aef41eb71c06585c39a6a013eb2929e83e6,test
left,551140,22149a6d058852b85b4cc806ef806aef41eb71c06585c39a6a013eb2929e83e6,test
left,551150,22149a6d058852b85b4cc806ef806aef41eb71c06585c39a6a013eb2929e83e6,test
left,551200,de8e12d5ad9e690e528727e5e11a4f4777ea4758d948a03383c1184ea5041e6b,dev
left,551495,b9b048d35b1bb2e660f0225be3b397d58992c5b64f300f8e31a19d04ed6fa023,test
left,551555,078dfb32d5eb4a962709fd376109717f2b30f185853968f49aa0e54ea7a07d8c,test
left,551565,078dfb32d5eb4a962709fd376109717f2b30f185853968f49aa0e54ea7a07d8c,test
left,551590,078dfb32d5eb4a962709fd376109717f2b30f185853968f49aa0e54ea7a07d8c,test
left,551600,078dfb32d5eb4a962709fd376109717f2b30f185853968f49aa0e54ea7a07d8c,test
left,551640,078dfb32d5eb4a962709fd376109717f2b30f185853968f49aa0e54ea7a07d8c,test
left,551645,078dfb32d5eb4a962709fd376109717f2b30f185853968f49aa0e54ea7a07d8c,test
left,551705,078dfb32d5eb4a962709fd376109717f2b30f185853968f49aa0e54ea7a07d8c,test
left,551855,c2d8781e2ff26aff31871ccf6389c3fb8cd11c0bc0ae903763c09a43e2a0b542,dev
left,551915,078dfb32d5eb4a962709fd376109717f2b30f185853968f49aa0e54ea7a07d8c,test
left,552120,078dfb32d5eb4a962709fd376109717f2b30f185853968f49aa0e54ea7a07d8c,test
left,552165,078dfb32d5eb4a962709fd376109717f2b30f185853968f49aa0e54ea7a07d8c,test
left,552300,3e0124c980fc9b61dbf406e180e80786e079221d0439a707a8084ec95bef0148,test
left,552575,e7afb175b22b775e6454aa727690c003d1f22afb566418db558cd07a258467b0,test
left,552650,73f783997889f8aaae191d0a48001c08ed06f011a65268fbb2f18a48e3c614e9,dev
left,552690,b5523b0dc9d5dc4932839504a9d57caaca3a1ae41e3d212288dd68f675f3bf9a,test
left,552790,bb503878f005a0d87246670be9aa4d7027d8ba99bb5ec75f3fec74d88d8b5a0d,dev
left,552810,9b8eb6e7e4c22fd0a18d2d6c39d3db98712d422550dcb739614475e3f2377424,test
left,552840,7849948a2195a9dcef2b3da356b5304cf33451bd2a7fe0f5fe3439d5edb5b6ac,test
left,552845,7849948a2195a9dcef2b3da356b5304cf33451bd2a7fe0f5fe3439d5edb5b6ac,test
left,552970,2547bd525840da29f010c0e03334184361fa2937ef79a431295477154dc9b4f1,test
left,55320,9bc3d7d1700e5132eabf94e37cdecaefb6401189eccf62ae55e2babe449cd4bf,test
left,553205,8aaba9f368574c977d7f69f1fb06c970a7d7987352833e108983a51b9263cb6e,test
left,553690,f08612352c5f394b2dd6985e1029d1dda7a2a5ccade107fc9a11e177093b6259,test
left,553785,0c9898871214cdc92ca356e1c35c1ed57e257305f62929320c1e1dc2008b3ff1,dev
left,553840,59e2db865e53538ecb4337f844bde438ef2b5b31cbbb1a7c3c64febba9dc41bb,test
left,554020,a260b0825ca5e73758df276205fea5721a02e7170222c78cf5cb46a32c326c38,test
left,55420,cb77b37f909141b601e85b8b6f7a329127d69125eb90a90c78931a840e70f5d6,dev
left,55425,cb77b37f909141b601e85b8b6f7a329127d69125eb90a90c78931a840e70f5d6,dev
left,554805,d28488b61648f5dd3445ff023112c062eb68afaee9086162f3fcd2e06a41c264,test
left,554980,fb6ff5a9da327ce5b4bff632b50cbcccbf505508bd6e9ddd25a21f5715b31565,test
left,555085,85d7b72c724a197ccd5466df0b3338a763dcd8e2429b67f13cf23e88406667a9,test
left,555150,2586e7d6a3ae182180775e37953a561ddbb46bad71efadee270ecf0acba47a14,dev
left,555500,b6aefc0dda64955c712315adb1d7777e14097755bd16864f249f69921dff8cf1,test
left,55560,03083688b95e4340052f361537ded897df0ba682d7dd4be803d69780a15d07b3,dev
left,55570,03083688b95e4340052f361537ded897df0ba682d7dd4be803d69780a15d07b3,dev
left,555750,e88969c6de84be91bf8c7cae1528a81cda8fe6fc91d05f65f58fe2970badaa2e,test
left,555760,5be3314fd9413005528d8f9c1fb662330228e27c403fc20bd0985a46297fbf0f,dev
left,555825,cafa029e7f0f2fa8288af6d04fd01f46071a324b840fafc815cd586dca43ef1c,dev
left,555875,c45411c2cf89fb54f86b5b24ba201a2a79038a25e23c6c7e1fb3ef6050995630,test
left,555900,e2b0d73940224a59e7ae5055d2de168877a14b94ce62f2209494d38a86d715c4,test
left,556025,36df599a351d1d2f6ac5012d190e83448404b2cec505fc24eca6dd3e4ea70669,dev
left,556175,706c3f9417e7d28769b7243fc20d3ae41b146d31eeb93e065d0b40b776864f51,test
left,556210,1964fb9bf17918cf4e93e19248db2d72a0dc160d68dd1a0bab8dc4a17f88106f,dev
left,556326,54249d9e4bcbb454ae90ec89b77b0851b094776468b08dea8ff615f10efb3a6b,test
left,556720,dcefd6b3dc9d7474b3b3862cc890922d78f0a2735c80de88b0a463771522fab0,dev
left,556740,162cb32cf4fe01ceee972d999976e1300bacc942e591e10e61586d6bd8255a5b,test
left,556775,162cb32cf4fe01ceee972d999976e1300bacc942e591e10e61586d6bd8255a5b,test
left,556780,162cb32cf4fe01ceee972d999976e1300bacc942e591e10e61586d6bd8255a5b,test
left,557305,0c53128f545042f25191d4f638866f08438c36b4c28c6b6a46aac49317986231,dev
left,557315,7c3eeae0e927e7607a74ca10b455fee2d9beabc8450a7be5fd9cf4649c8ca79f,dev
left,557475,10a3412470c9979c3f921cc90b7ad654bacf36dedfd0c5505ceac7ae1c006f5f,test
left,557490,b6aefc0dda64955c712315adb1d7777e14097755bd16864f249f69921dff8cf1,test
left,557640,ea98a67b94409e6a7825c8e9fc92c4b41447c411c32df21ce90eaef2c62ffe4c,test
left,55765,fcec6196db436364aece722a9ad68cb0870edb94e48c31bd8f0595d9b9b7449c,test
left,557655,f355c2caa336bec780076074fa88e697683f6d9fac4f9937dcdc6c83194046ea,test
left,557660,f355c2caa336bec780076074fa88e697683f6d9fac4f9937dcdc6c83194046ea,test
left,557835,89473e48df4c5ba8fa54965cf527089eb0bab400e491b3d51bd40eb1493630cd,test
left,557990,820593348b39a11fb48e17d691f021daf9b8a5537e82af3bcac39f5344a36653,dev
left,55800,1eed67194c614d70cd07e821c3d8ad767220bd114e1b71bb29a7aeac8b60c3b7,test
left,559655,4fe52eb4e39303092c6ed9c006f2a5e1458ed6b113d00f0a5ea3fd897446d58a,test
left,559660,4fe52eb4e39303092c6ed9c006f2a5e1458ed6b113d00f0a5ea3fd897446d58a,test
left,559670,4fe52eb4e39303092c6ed9c006f2a5e1458ed6b113d00f0a5ea3fd897446d58a,test
left,559725,77ea359347747ceb88680cead751919c1d94f57654c02dd489025c202c8c678b,test
left,559775,4fe52eb4e39303092c6ed9c006f2a5e1458ed6b113d00f0a5ea3fd897446d58a,test
left,559880,7bdf7d3a630285ee95d6a66842464285b6805de29d31076ea9737ffda5a1fb60,dev
left,560270,48cf9a5fb527cb5e3d46854140845aa6bd520ff7b5c22a1b0975c457e6ac63fa,dev
left,560305,6b265c65891177c17d81319aaf75687edbdd6ab4385211e2b623c5d23eb01737,test
left,560320,b807fb355e39d1bd64bb88ca9c735326751db82a2286264cb850a2138aab8738,dev
left,560545,66ff54ed2acae47f4127b027a0d59deafe9d17b6039694c73c07d06c017ff761,test
left,560645,92d1111cb6285c11f164fc1dbb6e6223c7467853103b585ba2c39299fa771ced,test
left,560775,08bd30cececce478b89b2cbdba0f38ff6ed08c90b9573251c6026b4f16bbe135,dev
left,560905,9fb1c5c1b0e7f0bc2201aff7a7d50335c3dc10dff84ace4881fc72db938efa9f,dev
left,561100,e8c874cf666d1d46a5062fde687804b5d403a80f616b12f6ea223ea64d33d65f,test
left,561535,92d1111cb6285c11f164fc1dbb6e6223c7467853103b585ba2c39299fa771ced,test
left,561795,f958a29cc61d44dce951adc235fb60705633f904ab49ccf42c469256a8ad9295,test
left,561805,3059b655d59b4da68e49e3dfe4a41f374663f88f3414e01bfd0a9138018a136e,test
left,561915,e11cd55a74e9d729730941a39ae80952d6567e281beb343bc747ef05cdbc4ec4,test
left,561935,b807fb355e39d1bd64bb88ca9c735326751db82a2286264cb850a2138aab8738,dev
left,561950,b9b90f1c666d917386c751e66643737b857971bdf308fade4e0d281d4a0210d5,dev
left,562515,a1ba2d651750d0f03c317ced4b176c94f38dd4d6f45e216a3031791e3295052d,test
left,562555,dc2fbaa92eb72bcd973f3ad9cc3bb279edaddc59d5fe28c1e0ef8f8ce078e30d,test
left,562915,bf6d532a50fb1bfbc02d8c75d70a9dea885c16032a5084af3290ca1bcdec7552,test
left,563085,b92b82ec1df557cec9cc75575f83693acdf6cb4f9a8b26a65e397e6e0544fb0f,test
left,563090,b92b82ec1df557cec9cc75575f83693acdf6cb4f9a8b26a65e397e6e0544fb0f,test
left,563110,e1f6924032802975bb38c2d54e71450b173e029efd823f505e14876da8610361,test
left,563130,97c33b2bc7965dc0fe0781a4dab38d59367950135a84be0d79a0d42be95d774e,test
left,563215,c0edb6a9f7aee3fd92a71809daefb68b29b6309860f2bc8100e2f9da1e6acf28,test
left,563225,1fc93d98cb2985cbf7cc2443d157ac516f0112bc9ea785a66c289d6b3f8cb273,test
left,563230,1fc93d98cb2985cbf7cc2443d157ac516f0112bc9ea785a66c289d6b3f8cb273,test
left,563240,2842584997ec624a95856db115e7f940660064179536fd4e97102fe3818020de,test
left,563265,04c0fec08e837da4c731c78ba4be871de0a5318e546e67b4e1a21652840c0a38,test
left,563310,6fe7dfa0a78b2f365b6bcb1d2fcb22b0019c3bdfeb411fb1ed657520b3fc80c0,test
left,563315,6fe7dfa0a78b2f365b6bcb1d2fcb22b0019c3bdfeb411fb1ed657520b3fc80c0,test
left,563325,182ad74bec9490936ee79b9813d84476823315396532914d527cd86c09ed75d0,test
left,563695,586ba4a776e64e30a309563a316807012db2e3ee7377a713d93db5fa0498e6a7,test
left,563875,1ba9e3b76ad5ee9c6d130c0305172a7c206e996a0fb9c2b6931010c3ed6a63cf,test
left,564040,43682a1faad0c07d5e9f6158a3f3da3bb503df747268d64b15c487fb086b9d4c,dev
left,564840,8d6b8e217ed5a39b4bbfb66b47cb8ba740fd470cd5a0e9a3edace231d0ae4e8a,test
left,564980,567b7b7cde5a73cdd63b398ab922cb071cfc15db05a22c3d0b4468a476bbdbea,test
left,565750,032fedb85ac155d2ee58231d47e5bc13f8253f47e8a4da065254448ae978cb4a,dev
left,565820,bf6d532a50fb1bfbc02d8c75d70a9dea885c16032a5084af3290ca1bcdec7552,test
left,565850,19e1a00c2a57e38fb1de0f0366f23d26c0ccf035aa3acda0fbaf702c3f74edbf,test
left,565910,5f7b60783b1289cb4a20d00d0a49ba99638b9efb28f7bbe5c098df6945fa4942,test
left,565965,0ccb6498669f40f3ccab179ae0ae9b218facc06a033f30d2ac7bf1837501ed8e,test
left,566065,f6cf326f85c325a11937ea0b8c78eb618de3598f82e181719db67590eee4fa2e,dev
left,566100,94bfedd2882f3038bef82b9e191da6763ff44a8bc1ef10415bf7c3063a62c35b,test
left,566130,92d1111cb6285c11f164fc1dbb6e6223c7467853103b585ba2c39299fa771ced,test
left,566170,f6cf326f85c325a11937ea0b8c78eb618de3598f82e181719db67590eee4fa2e,dev
left,5665,670de0e477d879bd68edd23171ce8bec88deb11f76af21d7cd293489b95f8517,test
left,566510,757c7c772f169b4beca64f701e4a76b9a8c078818787bcb771594ce97e44609d,dev
left,566515,757c7c772f169b4beca64f701e4a76b9a8c078818787bcb771594ce97e44609d,dev
left,566520,757c7c772f169b4beca64f701e4a76b9a8c078818787bcb771594ce97e44609d,dev
left,566845,3b37d5e68752fe0982f2aa106236ad18efecda71f4e8c7d2300b202d45f1950c,test
left,567290,2308902859e7b3066d12d80437bf8ba65cac0c6a90acc25e84c1ac06ddb597a2,dev
left,567300,1f9917b3a93e33f6944a25acca4e8fad8fa560903bd1c164706e862ada92b8ef,test
left,567360,6c8d0f0aacba58e0684a91454bd59f183089d94a37ca1c40f4a591e4da17f079,test
left,567600,62a9b1f4885d6dbe3a019d3792ba3ddb3fec5c5174bb9fb30117529ca1ff978f,test
left,567610,07835048e323605b246d4ba106e46f24de0603fe0406abf55ebe3a1f1c1fe60b,test
left,567925,3c5ca950bc2abac1ccf52a9a2748e5b747875bb301c9acb3e3d0407764615d24,test
left,568160,130a399a1d8f8ce498769164e481bb04daa5fc6ba65888c3836eb737f5ca1a49,dev
left,568170,ea92ae1472261f3bc9f57131613b5db32dad2974f7e1107d982d0061e67da72b,test
left,568180,ea92ae1472261f3bc9f57131613b5db32dad2974f7e1107d982d0061e67da72b,test
left,568195,1e32eae9bf32c2bcda746932ddc90e3c9be295e49aff7da09dd0f8e311628202,test
left,568205,1e32eae9bf32c2bcda746932ddc90e3c9be295e49aff7da09dd0f8e311628202,test
left,568210,6ca173c709449307d2fdf3b0d41251637ccf94016f5154f6718ff851456ba421,dev
left,568215,6ca173c709449307d2fdf3b0d41251637ccf94016f5154f6718ff851456ba421,dev
left,568220,6ca173c709449307d2fdf3b0d41251637ccf94016f5154f6718ff851456ba421,dev
left,568270,6ca173c709449307d2fdf3b0d41251637ccf94016f5154f6718ff851456ba421,dev
left,568285,9c858e41041c7848898b6d6bb93b138f9cab16c5b1337dc5ba06e9eebed4d70e,test
left,568575,33bf6a46cf2c2239cfeb4ed6589bb52b2dcb5a647e9bf8737c04e1ea3dba26d8,dev
left,568665,ded0b29ceb6bf8450545f46a61e28304528ba408eefa50c35007d86d20f30323,dev
left,568730,3975c92cac67171b302b16a9419fe805f73b494001c68e916c44361da1b74118,dev
left,56925,33f318524d390160000904e01f3ca3622e53681252cac144f3e7e61c2cef90ca,test
left,569280,678158f87a5858d8bab00e384c056a0ca44326c6566983eac5c55ef8bf3be0d9,test
left,569555,93c685a704d12c9f12b3677292445ca8fbe16b4827b399a0935918f731cd1a39,test
left,569865,9b96b580e778d5a4bc66274175c43a4d3547acbd92642b840097205f28cf566c,test
left,569870,9b96b580e778d5a4bc66274175c43a4d3547acbd92642b840097205f28cf566c,test
left,569900,9b96b580e778d5a4bc66274175c43a4d3547acbd92642b840097205f28cf566c,test
left,569905,9b96b580e778d5a4bc66274175c43a4d3547acbd92642b840097205f28cf566c,test
left,569925,9b96b580e778d5a4bc66274175c43a4d3547acbd92642b840097205f28cf566c,test
left,570035,2cb7389e5e57f4a59f4ed4aa1503908416b6b9e1852cd474d01aa5a096ef4486,test
left,570040,2cb7389e5e57f4a59f4ed4aa1503908416b6b9e1852cd474d01aa5a096ef4486,test
left,570050,2cb7389e5e57f4a59f4ed4aa1503908416b6b9e1852cd474d01aa5a096ef4486,test
left,570090,44b4ee2f2d0151135465a0b2f7b5547f96b67754e40291c40b20206a55113715,test
left,570110,0e6e3693e1d911efacd87aaa8ff797174ad50cee25bb718eea93c08e01721ead,dev
left,570125,9b96b580e778d5a4bc66274175c43a4d3547acbd92642b840097205f28cf566c,test
left,570135,f42b5039a2dd58152ef24155abfc1e7496728e57213817ba2e8fda943bc6e740,dev
left,570155,48fae162bd1683e54676332c173e51eb52ac932c8588f4f5009e4abc3159c2c0,test
left,570160,48fae162bd1683e54676332c173e51eb52ac932c8588f4f5009e4abc3159c2c0,test
left,570210,e1f6924032802975bb38c2d54e71450b173e029efd823f505e14876da8610361,test
left,570240,9b96b580e778d5a4bc66274175c43a4d3547acbd92642b840097205f28cf566c,test
left,570420,112aa53555bf0287fbe6d3fbe3b5875b3c53cf7ac45c85aded9a6b374cc5eb38,test
left,570575,3ecbdf2f8ffb7088c0673b1ab717c280cdb734e3d2d18959773e255693fd78bc,test
left,570590,3096f4357d5fe7640ffce6a98d1c574c676e9600d32254ab33aa8d2396572e0c,test
left,570855,ada7eb2801903bc5fda043e91b3370ea8a36850c762bfa27b0562e99b618ad48,test
left,570865,2f106483898adc12481045037ca74779b7fe1dc0d09051bd190ccaedcb249eca,dev
left,570895,7c721297b3bdb917bcd670272c114e36a4c0e55c923b442b2ed60b3621013168,test
left,571515,fd18c7d9c2ea6a6873723132e6f5acc6dcb34a29491d7f170b5f08db864df964,test
left,571805,f958a29cc61d44dce951adc235fb60705633f904ab49ccf42c469256a8ad9295,test
left,571840,73cd87b4094510a8eeba96a25487aa31667a641029c5cc98a67e289ceb406239,test
left,571945,23d48b7b5871bfe2151087c2e087ab285d3e14a5401b1e4ea44c5aee6dcd5481,dev
left,572160,ff3f710d05798307146e3e9aa1705d03c7b3c97c4bac76bb92c7c6f7640a47b7,test
left,572210,e37e8db26039f92097fae154803f3e843e0ab18ba2b5b83fe72e6bcf280007c0,test
left,572330,fb6ff5a9da327ce5b4bff632b50cbcccbf505508bd6e9ddd25a21f5715b31565,test
left,572365,8d6b8e217ed5a39b4bbfb66b47cb8ba740fd470cd5a0e9a3edace231d0ae4e8a,test
left,572380,8d6b8e217ed5a39b4bbfb66b47cb8ba740fd470cd5a0e9a3edace231d0ae4e8a,test
left,572385,8d6b8e217ed5a39b4bbfb66b47cb8ba740fd470cd5a0e9a3edace231d0ae4e8a,test
left,572470,8d6b8e217ed5a39b4bbfb66b47cb8ba740fd470cd5a0e9a3edace231d0ae4e8a,test
left,572490,e109d01c4e58437024f36e7dd033675928d5a10ba8dd8560457c6cd745a16850,dev
left,5725,b6aefc0dda64955c712315adb1d7777e14097755bd16864f249f69921dff8cf1,test
left,572820,48394105c944a201e491ceedb2788b2cba515df85c2dc57390f5de68bd31bc65,test
left,572880,b6543527b3a4076574ada10b3d890ecb12d531328163cf22de0fce7b57bbb237,test
left,572920,467883f510f91e7664508a6aae8c0723d3efbc053a42d0c9b0c757c83f63c15f,dev
left,5730,e1a907d6378141aa4b9b957d7be9b1fae1cfce189a5d8e9fb8818f1f951eda84,test
left,573020,2a8f6887bb2d18ceda16e566478af9ba8d979e92076866f0f2de927aeffaac43,dev
left,573100,bb2e9057f85d455cb9fd432b7fbfa17d2745615f5c2de5764e565f99cb3012ab,test
left,573320,4a19ec00415300d96c7d7c6be8e9780c0457a1811766e7350f976fbaa172f395,dev
left,573475,d3743e185b93ac16dfbd40010c90db599d118d3224749e1047b6de296f5a7407,test
left,573480,d3743e185b93ac16dfbd40010c90db599d118d3224749e1047b6de296f5a7407,test
left,573485,d3743e185b93ac16dfbd40010c90db599d118d3224749e1047b6de296f5a7407,test
left,573490,981801e7518a5c65a66ac5ccde2d00d421e40705c5275301c0fcc83725dd8aa1,test
left,5740,85e611a0166da40bda3c33ac893d62552207a780934552e4fbe42a70a600a7c7,test
left,574170,5c9dfcb8718222575acaf92f3e0bd54cf41cd0daa4809d448ba792bd051903eb,test
left,57435,fb6ff5a9da327ce5b4bff632b50cbcccbf505508bd6e9ddd25a21f5715b31565,test
left,57445,ae73afd7ff9fe55d44759828a6b225d9e188fa3e081bd393ac0ecb099d4b7ef8,test
left,5745,3b37d5e68752fe0982f2aa106236ad18efecda71f4e8c7d2300b202d45f1950c,test
left,57450,ae73afd7ff9fe55d44759828a6b225d9e188fa3e081bd393ac0ecb099d4b7ef8,test
left,574510,d90c42b4566da919dd39d45d33d5a20f1034a8a6f9019d23aadd834eb86bf4bb,test
left,574540,0da7cb02c8c6b1beb1db9d77cd0c70bb2c7183e082ba0c83e286615b13bc6df2,dev
left,57455,ae73afd7ff9fe55d44759828a6b225d9e188fa3e081bd393ac0ecb099d4b7ef8,test
left,574565,618d487849106a2b6eaba43d5eb8053019ba5170e957cac9409de03fed282903,test
left,574720,66eaff1841a5e4303a2d92bb085be7afb4b7db1f574a964a8463411738d1ed42,dev
left,575230,abbb528dd2d46cb23954169287aa6ce6f7f8c676a0afb72721b1b380f754e004,test
left,575300,a1fd2db5f323a64586c84a42bca5a85d5fe5963e5e5473c37fd9bac00f7c3199,test
left,575395,0ff2a0b6667ee043846c40960bdaea80bc6e41f99b7793ca0ae9c21f1936d8a1,test
left,575555,bdf4eae2b6ce8cc53f099fdc6d24b2f643df41ca04d7a645d1bcc864345affa2,dev
left,57560,26e71e534c358d5964e0335065a36983cb05e9842fce71e862288fd99215f06c,test
left,575755,bdf25c4317e7a3264cf66568575b7491820d32c429311f8099e0e8bf64d29f37,test
left,57580,71266469fe56ed0b680401b5bde0c4c345034e41867ca1016f06354c5e8252a6,test
left,57585,71266469fe56ed0b680401b5bde0c4c345034e41867ca1016f06354c5e8252a6,test
left,57590,71266469fe56ed0b680401b5bde0c4c345034e41867ca1016f06354c5e8252a6,test
left,575945,069ecea35fa3358a13b7e6e6c42b40520743c23d032bb8afad618512e7a8eed5,test
left,57595,71266469fe56ed0b680401b5bde0c4c345034e41867ca1016f06354c5e8252a6,test
left,576120,68937fd38882d246bcf9a82a9016ffbd04c0f303fa1b2ca7961582aa30f1a9a3,test
left,576165,a58f4dd565aa866d44eb6d00905730cbf99f4d8cd8ac8f0cfaf1df8e48f39da2,dev
left,576385,1f1796679f39cd4e3f589a1aee3704d633aa0cdd963c51d90ecad2d1541ec2df,test
left,576615,0873ef2c1566a3aa863b296ce3bac8379c19bc356d1e39f41e6c5b28b7a8d146,test
left,576635,0873ef2c1566a3aa863b296ce3bac8379c19bc356d1e39f41e6c5b28b7a8d146,test
left,576650,0c02c1d139eab83727329f4a0b9f956727b08996ecdbe67baa4ea72c7e3bc793,test
left,57695,93ab80f5686ba4b46a9872cde6f68165be7cbaf29854aae766abc24ae0ba39f3,test
left,57705,b0ae58cfcd0468146903022c0dc18e2e7a4a67441159910e028227018a1ca7ab,test
left,577515,f521855d65ae0e80e9ae6835d77c71530bc8ca0a7aba79ff30ef48b10e53741b,test
left,577750,7a491fdca53057a496627ca9e26ef411ecff051bbcbd9fb79f70ad808b5f7a5e,test
left,57780,18da004d3429fb6432e591540d0b227b02c6fc2f18f7404883469357a9f775a2,test
left,57785,d647ba2568e3480c8963cb29627ad4180d8a228365a0edb061f2da1dbc86380b,test
left,578355,9c9945fa62bb7caa69ee999a9db7ce1d4e2e3fd5e9e557c8b1e15a2053f10dee,test
left,5795,2762eccc4e5bfbc37f8d555b6f7ee96dd7a58f891b315c521a4a583c2cb0c38f,dev
left,580095,1a7e07abaccc7d69044e1058c29cc383e829ffb89cc46a3d9bbc301959aa23be,dev
left,58010,26fff13f7534940041cd460623f73aeb20f8f604fbbf2aa5dce67d5c57f8cfe4,test
left,580270,248c6acf00ccd99ee6fc0608f5fdc113812d7e16b13f8471f888f0fd866ebd4c,test
left,580310,8bdec82a43cdfc27f4e864d56db598d90ec75af1c513a4638583f034c738b0fa,test
left,580565,08e8e5cb9d7e05c10b6e9fc8e075041fd132304bea84247a4eaa510d5a58bfa2,dev
left,580626,442b90e28c92ffd8c0ea465cfb748cbcd84c462dccecf0297e4ac6bc36211afd,test
left,580825,3a4da7ca2880f89f7b9c5e0761e17c1024deb5c9c0eee447439a24b901b5098a,test
left,580945,4f2b026a13f8a19dd9fa8d0a42cc20c753a6b4e3a57fdbcf12636761e0be8ad0,test
left,5810,f3bef337dd313294da5f45012095238734dac436fa54b474beb51575b2d202bd,dev
left,581075,93ab80f5686ba4b46a9872cde6f68165be7cbaf29854aae766abc24ae0ba39f3,test
left,581195,8a2925754f78376764c078f109a5972d3eba5793141fa4104bb83dfc2177a21b,test
left,58130,7029272276dfd7beb167f9a900538f89266631480a07bdec6d2ec5b9776ba734,dev
left,581565,8fd9755638694de7d6ab2b3c2a11cb4c001123e75d79f09abc59b5448b527389,dev
left,582055,d0ba1cbab2499043d710b3f40b5f6fad95cf25a6525507f36ae60df59fcf1357,dev
left,582210,85017c8cf055bf84043e336b869069002413dc225dd9a694c567ed26754e8189,dev
left,58265,af46f6b9dbbdc592b7ff8c26eab3df0fba9ac1e12f36d88eb78c4cc3ac745d4d,test
left,58280,cd55a6730c5084f896457aa17a1fa53a566e5409c6f3ed23c03b86cdc3d0726e,dev
left,58305,82051f75697adb558f1308a0276d2ffb95a921db6fdf13638138a8d3aff0b053,dev
left,583185,b80b6835a6126b5b9d283a1782a5de5d39ad3c0e56bbcd4c2a9e8dff2cc6d3a5,dev
left,583325,ded72f2982cb896c54ddbf1072291f75cb5b4af6e7340bdeaf8b458ced0530e4,test
left,583330,ded72f2982cb896c54ddbf1072291f75cb5b4af6e7340bdeaf8b458ced0530e4,test
left,583335,ded72f2982cb896c54ddbf1072291f75cb5b4af6e7340bdeaf8b458ced0530e4,test
left,583340,ded72f2982cb896c54ddbf1072291f75cb5b4af6e7340bdeaf8b458ced0530e4,test
left,583355,816e8bb990ac686640f74b0279637313fcd104f0e12d1aa3b1b0687754291307,test
left,583525,d40277322232219ee2c55c865e1c6fbdd445986f3cfc173961bca323e690d691,test
left,583665,89bf2f269c9598fb5e539ca833f1515c905e99f49c8af358d434b9a16d2d1440,dev
left,583865,cb49a8f7f5003b4324e83bb20207efb57062268398aea49b8cee7bf3ff85d082,test
left,583945,3cf332d320a823871acb30c9d7a2154b79f0c305e278f3db59ea3fa5cac2143b,test
left,583970,d58f9279dc1525cb8c024587eec631a0fa6c06cef06687909a3e471fd64bf1d4,test
left,584005,187a41b4937dd47aa6ab42b34dd1810245bb7fe9743f0b122c06ab7d976b9c47,dev
left,584170,dfb40c368218e156ffba1a47ad30b17322ae4b5e3b623b3d7387a44de70ff9e8,test
left,5845,078dfb32d5eb4a962709fd376109717f2b30f185853968f49aa0e54ea7a07d8c,test
left,584570,b1ddd0e5d7884ad64405daeda9fb89050351789973fabd22e6c0af32dc7fee6c,test
left,584620,e16657ce0196674f317a065a8f9b42fb5ac2cb7b397ed6503017d086ec147692,dev
left,585025,1b3a795e362c3e5b540198fbdfe8babf1170a0dafa2379ab59c6372c6f8dfbec,test
left,585075,54be72f34e46f5bce12bddc193f75b70511c67623341ecf2415dae69d8c824e9,dev
left,585125,1f1796679f39cd4e3f589a1aee3704d633aa0cdd963c51d90ecad2d1541ec2df,test
left,585435,566fe3432c0cfe52cbdbdaec45c58c6f7371a4dd4a6cd99f57174ce1101115a4,dev
left,585580,ba6677d16541700f94418cee7dd14031fd98a019342eab6d4928c22b3563a6fd,dev
left,585590,c6d16d2d05ce0d8bbc3f17bcfe2a569aa2ffaf3bad99d028d3deb297cc70be7a,test
left,585800,663cfc923788683b9827e87782119ba1ca719dfdeaf09c06e2d2532a51c33e34,test
left,58600,ada7eb2801903bc5fda043e91b3370ea8a36850c762bfa27b0562e99b618ad48,test
left,586190,1e8e43c815e7703ad6ec663794f31e9ecc3df644833151db89816b9b12252325,test
left,586255,56d38ccdb78f61f45e9078b4685831b63844d8ca48f21880e134e0935bf68c97,dev
left,586295,9fffafd8f8e60cb8f1752ace848f4890531586a6b78206fb00a0ee195d0cd569,test
left,58630,29569e8ad9167185991ecb5020d0aa29f68d586a771e929f5a974d3e28bb64e7,dev
left,586305,df0369bcd80405166c52be8008112a36054852dcee88ffe9a81503af24424173,test
left,58635,29569e8ad9167185991ecb5020d0aa29f68d586a771e929f5a974d3e28bb64e7,dev
left,58645,29569e8ad9167185991ecb5020d0aa29f68d586a771e929f5a974d3e28bb64e7,dev
left,586490,d890affa34eaa7415d4196955b442ff77479b3a01e1de168ec44e64f43ff186b,test
left,586535,4975044e9453e536d24f5aa6d35b29ade183cdb9c79061942895520633bb03f6,dev
left,586730,d7e452ab4d17c5f661ada88e2b69f66fbe8b049500948552b706a58dd53128ce,dev
left,586825,e16657ce0196674f317a065a8f9b42fb5ac2cb7b397ed6503017d086ec147692,dev
left,586930,3f90c783219936354904bae876768423ad5c4ad3884e9f68916500b6d3db6f72,test
left,587016,1c9342e35fad3ede365adb9c61f3029e5dbe921130f9f8f3f4656fdb5ef7a43f,test
left,587055,d1b49d3857a23c2eae2cfcd34f393968aa7f518b8447ac77031ecac4621c615e,dev
left,587080,4446e04063c1ee29898960edae070acc73139afd9623c454c7f587d38d26a204,test
left,587130,d1af8d9ef18967fee7bd46fa109843f46e1068b9538a61c112985cf3a0a8dfaa,test
left,587275,6c21eced463adbe509a2843af870967f5e700a98c9d308373f1d62a6a8652862,dev
left,587290,93a49c5ac1a1b94fb427dec16e2a37b352d4ebc71aefaae1e99f216b12f3f0c7,test
left,587400,b92f60af4c37db71c2b00c69f782e63cdf6e101ebaf643e1c903f732e51213d1,test
left,587415,b92f60af4c37db71c2b00c69f782e63cdf6e101ebaf643e1c903f732e51213d1,test
left,58765,ed48f4295a37818319347c61b42873e14e4b617ca64c9a4022bea5c00a6dfa85,test
left,587900,e1f6924032802975bb38c2d54e71450b173e029efd823f505e14876da8610361,test
left,588000,b2781b43f9989abd02660d1cabde6201717e7194fcb036a0578e7c992adbd343,test
left,588140,c0182d29161ab9b8c238c91bb09d196776f14fb89bfe167a2d4d351aa2de8abd,dev
left,588450,cb33d59a22123005c9f4d2814e72458020d9ed24c78fde494bf41fa038ea49ad,test
left,588685,5e89780be2a6c9d3bc6649fd2f3a5c6bba95159fe5d40fe18f85549a3c403437,test
left,588860,43682a1faad0c07d5e9f6158a3f3da3bb503df747268d64b15c487fb086b9d4c,dev
left,588865,43682a1faad0c07d5e9f6158a3f3da3bb503df747268d64b15c487fb086b9d4c,dev
left,589300,e82ea86c084c632d7887d62c574d56e7f0388bdc2b5c7a8629c779c872d4b775,dev
left,589355,e82ea86c084c632d7887d62c574d56e7f0388bdc2b5c7a8629c779c872d4b775,dev
left,589445,e82ea86c084c632d7887d62c574d56e7f0388bdc2b5c7a8629c779c872d4b775,dev
left,58965,fde5fba165ad6c349fdb49ff2d044377fd60d7fa8b6035dd377ff329a28f1b39,test
left,58975,fde5fba165ad6c349fdb49ff2d044377fd60d7fa8b6035dd377ff329a28f1b39,test
left,590200,dfb40c368218e156ffba1a47ad30b17322ae4b5e3b623b3d7387a44de70ff9e8,test
left,590525,c0e00cfea7ea19ef66a07cbc8c4bceff7e9d104410b584683a92d5c280d5421d,test
left,590700,07767ab407b678f2c650065baff56d23a8ffbf1d801aa20c78f4bd5cbe17501c,test
left,591780,b6aefc0dda64955c712315adb1d7777e14097755bd16864f249f69921dff8cf1,test
left,591785,9bd1d59a1243ff5c24fb138b3a85768a4b1b22465f8ae9ae5ca23a04f4de45f6,dev
left,591955,7a9bd429cb8006ccf197718ef410a8c6ff1c674ff002bb2c8e74faf123fb42a8,dev
left,592195,1e2d7da514385cefe0c6c23f1e1d1813626f3ad461a440f72100dfddce5f3b18,test
left,592245,207d07cf7402cae04bf39d7b421b4f8b8f4c317de214e72860c1c3c358526c57,test
left,59225,a59b4e64d9273684db005d757c3a9563bd3d32efaa11335e45ab216f45414188,test
left,592250,cd7dbff10ce6a9dbdd35f7c13968778f0ef673e48a2c39fb60f5a882aa674b09,test
left,592285,cd7dbff10ce6a9dbdd35f7c13968778f0ef673e48a2c39fb60f5a882aa674b09,test
left,592370,08546a5a495ca7f04c8b01e13b1635ae7a41b479c62d5b6810bf141434d6ef17,dev
left,592430,af84eab63ead8ffe9cf6b3bb22f105fb83daad325dc98f72b19d79016518b967,test
left,592460,c927d8d347326787bcb8daa5ab45e8348692957a31e4e2800993e2fb6b822f6f,test
left,592550,90dd0786c7b3c0179298b3e8ea1f6dc6f3bc53c59299412b83732d8782846824,test
left,592695,092b3ef6dd142731228c3854af5b9c97edbac524f7fe318e3404e40422d80098,test
left,593130,d34eb93ec3883882d27ed290c4b9c7036676f6a8d4785535295e7ec8cae532bf,dev
left,593540,7102bf14d3d01f7ddc8667d0e3fa97da7daf4295f9f9870d3198eb12b9421b2e,test
left,593885,7102bf14d3d01f7ddc8667d0e3fa97da7daf4295f9f9870d3198eb12b9421b2e,test
left,593895,7102bf14d3d01f7ddc8667d0e3fa97da7daf4295f9f9870d3198eb12b9421b2e,test
left,593900,9ace26265a9fc6da3658360689121328614da9321de7597da6f9d55672e88e9b,test
left,594080,76b1df6a36ce91d242e6c0b3ca3415fbea224a07813177b40439dcef1a5c169d,test
left,594125,71acf75287a7f1c5f44281cec4508178b4023630214bbc24f9be128e2bdcd594,test
left,594165,53504dc7aba3f8462ca077e84a2ec9cc9eb824525594e593ef73f053e7cdbb50,dev
left,594185,53504dc7aba3f8462ca077e84a2ec9cc9eb824525594e593ef73f053e7cdbb50,dev
left,594245,981d08f8b80beb902f434a571f27fdb25e8d9da859df30484098201fca17ab6f,test
left,594425,48cf9a5fb527cb5e3d46854140845aa6bd520ff7b5c22a1b0975c457e6ac63fa,dev
left,59445,b375184142c4bfb8afff80afa3e0ff9254df8e13333bd8ec84cfe3f8973e39ee,test
left,594625,53504dc7aba3f8462ca077e84a2ec9cc9eb824525594e593ef73f053e7cdbb50,dev
left,594755,c5760afc1e1cdc077920f37bf7d3bcfef0fb95f716bb69a5647a2ea858994c62,test
left,594760,20942a10bc7fde10fd80f1ccd6ce77ad5ff8833dfab45c537c05987f403539a5,dev
left,594765,20942a10bc7fde10fd80f1ccd6ce77ad5ff8833dfab45c537c05987f403539a5,dev
left,594815,3812342521195d78ee3cbefea878d6967d86af7b9642bf04120d86dcfeb1bc00,test
left,59505,b375184142c4bfb8afff80afa3e0ff9254df8e13333bd8ec84cfe3f8973e39ee,test
left,595070,02d4d7ecf0294fb215c3090ce27fde9e7525356bddcbeaa4638216f9a26d0f0a,test
left,595150,5d3a611d85b8bb4d940792b3c333ac7d08291368931762516c46a383423b79d1,test
left,595155,06bfb29ee4196000b553d6a64842d3da1d7d7e2b554ce333a65f5a427b2d0a23,dev
left,595160,76b1df6a36ce91d242e6c0b3ca3415fbea224a07813177b40439dcef1a5c169d,test
left,595170,76b1df6a36ce91d242e6c0b3ca3415fbea224a07813177b40439dcef1a5c169d,test
left,595175,76b1df6a36ce91d242e6c0b3ca3415fbea224a07813177b40439dcef1a5c169d,test
left,595180,76b1df6a36ce91d242e6c0b3ca3415fbea224a07813177b40439dcef1a5c169d,test
left,595190,76b1df6a36ce91d242e6c0b3ca3415fbea224a07813177b40439dcef1a5c169d,test
left,595195,76b1df6a36ce91d242e6c0b3ca3415fbea224a07813177b40439dcef1a5c169d,test
left,595200,76b1df6a36ce91d242e6c0b3ca3415fbea224a07813177b40439dcef1a5c169d,test
left,595205,76b1df6a36ce91d242e6c0b3ca3415fbea224a07813177b40439dcef1a5c169d,test
left,595265,d4bf93e02085a471bb61d2e16e24a67fd61d2296b3d9de48ce0363e8cb83b697,test
left,59531,de5e437ed1dad22cfccf7f0b4439aab42fe1611d9c675b2557c4707b1357a3ed,test
left,595450,da77f3b37e546da2b78e1fd8aab1d72f39090c0988ed6e38b8cfe6cff32e65b4,test
left,595545,d4c9590c5b403543aa9bcd30c7c826ba5d918e0f267b918ab747eeeea6b1b4a6,dev
left,595595,2a0d7d1a2ef1f04004672d73823837c6278c461654f4406a14e6d8fa17e6bbcd,dev
left,59580,30cd4914592525d9591b7f2fb6f1d6422f8b150ad36f89df9b589a33356bea8d,test
left,595800,dfe1328cf9a7acc90c526877059fd7dcef148b57895359ed93b5780426ba3d42,test
left,595875,976f9a0dbe57d6227cbbb44b127365cde3d6f7dabfd90225bcbc740247bc22cb,test
left,595905,95165444568714765d1ce1ff757b8cdf0a0401bfcc01ae4c65f8bf4e54bf0d8d,test
left,595910,96d8b5efdac08e2f4c06bc208e9efc8bca5cd85471fc07ae43f65b42ce092209,test
left,595915,95165444568714765d1ce1ff757b8cdf0a0401bfcc01ae4c65f8bf4e54bf0d8d,test
left,595920,95165444568714765d1ce1ff757b8cdf0a0401bfcc01ae4c65f8bf4e54bf0d8d,test
left,595940,95165444568714765d1ce1ff757b8cdf0a0401bfcc01ae4c65f8bf4e54bf0d8d,test
left,595955,95165444568714765d1ce1ff757b8cdf0a0401bfcc01ae4c65f8bf4e54bf0d8d,test
left,596125,a1d3f144c9a1287789ec7bd8034a11ae25b656b62107691eb7a8486423713e53,test
left,596230,792babd64cc5e2b9dd8ef979a64afb5fc88899374d0ec1b69fe3b2aa017fa179,test
left,596235,f1a2031a910f19123f6ef5df6d307e8db77fa5d89f04ef4b34d5da736cd83277,test
left,596250,cda86eee8c28d8ff4fa7372a318ef21557d9e303de090aab56d9457e854f8ca6,test
left,596355,86f97930582614e216a4054cd94c73a48a15928c376943a35342bfeedc35c2a7,dev
left,596645,f684fb568e223c36712107a8f5b4223d70596c715d975991fa90a916378cd606,dev
left,596650,f684fb568e223c36712107a8f5b4223d70596c715d975991fa90a916378cd606,dev
left,596750,f6bc62fb6e8a14af6382c7bff83bc57ca9aeeee048eb9661422dcf46d933c08d,test
left,596785,53504dc7aba3f8462ca077e84a2ec9cc9eb824525594e593ef73f053e7cdbb50,dev
left,596840,02332c708cb27e9371ce10901cc55a9fc14c927133fd8ec7a3bd224fd84856e0,test
left,597020,0da7cb02c8c6b1beb1db9d77cd0c70bb2c7183e082ba0c83e286615b13bc6df2,dev
left,597080,3fa023f371770c53205b47f271f039ed566348b582482550a111909e27f0110c,dev
left,597130,48686398af212b6b97c399f44c13d484133a181bde04c2401232e073956ea10c,test
left,597355,27be95a5147162ef14b73df5e1127c341b7ffe584ae557875e5f500eb6d4a512,test
left,597385,ee072d27259318d5e831ab7a06083e88efdc2bf6a65ec9e6aa3457f1d4fdf6a9,test
left,597410,6c41b41d6ce02a17e0e1502d46987525564d91810bec1ae5e29b9173af30a6ef,test
left,597540,c0edb6a9f7aee3fd92a71809daefb68b29b6309860f2bc8100e2f9da1e6acf28,test
left,597550,c0edb6a9f7aee3fd92a71809daefb68b29b6309860f2bc8100e2f9da1e6acf28,test
left,597565,c0edb6a9f7aee3fd92a71809daefb68b29b6309860f2bc8100e2f9da1e6acf28,test
left,597695,fd9c39e86468edec776bd14fae85eeb523d6520bf1ff4dabb3ff9c3bfa1aa4e5,test
left,597725,d6041a4cca3c8804cbba43d27f6ad7ba8ffab283e9a5eacaf81afc7d318e1b16,test
left,597765,4c17c9d2ed654739502971e086e1f26a7ee3c14f5fa54239aa069f1e0eddd17b,test
left,597780,e7afb175b22b775e6454aa727690c003d1f22afb566418db558cd07a258467b0,test
left,597785,e7afb175b22b775e6454aa727690c003d1f22afb566418db558cd07a258467b0,test
left,597955,a263aa6070c3ae05c11560e2793f71df41f7b196de4a0c5b91ca7dc8489e03d0,test
left,598055,b7a6bc03f6a9b3ea00f519fc474b6782491bf0a3ebd85a013724832571af0d68,dev
left,598140,736d009e0d19f1a1e88f64c27820e570e99217532b69edeb76270b4438db967e,test
left,598235,d080693bcc93465ccfb8150c07e46cda8d95730a72468ed3d7599983a46535d3,dev
left,598330,55c12229400f9a136926378f4a5049ee570b1b530d13402771b105b2e3589f53,test
left,598345,949c1b67ae43085f9b39db8c8b2d45e8aa67a24212295166f1913bb292259478,test
left,598625,4fe52eb4e39303092c6ed9c006f2a5e1458ed6b113d00f0a5ea3fd897446d58a,test
left,598690,b64095bc1318310a2f1c42aa6d740eb69310ccc900c79204df4497a70f3da840,dev
left,600155,f3807193e6fcaf0ce39957f44f50c75f3507d75e5840f973b184759cb57091fc,test
left,60020,bc0193ca13ecd59a617f4e990bd93c622ec65d5775c2415c2da75fae3a2eedc7,test
left,600335,71acf75287a7f1c5f44281cec4508178b4023630214bbc24f9be128e2bdcd594,test
left,600390,eb2c7ab4ed98198d2031b5347f3015cab8144bc914d66f0df0ae65971b79ce13,test
left,600400,eb2c7ab4ed98198d2031b5347f3015cab8144bc914d66f0df0ae65971b79ce13,test
left,600480,91b96e5b9a24ff20e69a297e8f29c75a14e10e077a6ab1a4cefbf992494bf153,dev
left,6005,c687cb0eda3fef718ce6a3d2787ee12811f47176b890476f7208040b9985e320,dev
left,600565,7ffee528699fecec7801fa1fe979b0cad9d692d9186fe1b517b3e4a450c98ba3,test
left,601080,fc3f4594639b28d18c66c70576f769de73afa8f47e860d22e84275dc97f08d6c,test
left,601090,c0edb6a9f7aee3fd92a71809daefb68b29b6309860f2bc8100e2f9da1e6acf28,test
left,601140,bb2e9057f85d455cb9fd432b7fbfa17d2745615f5c2de5764e565f99cb3012ab,test
left,60130,227ba673815c19868041428091471965e1b1b9d9e71cdcd55a7fa645e1e7536c,test
left,601355,efe6494f99d0f42f5e927e45c76c684373a1a406a1a519baf8f5c033bd678215,test
left,601390,48686398af212b6b97c399f44c13d484133a181bde04c2401232e073956ea10c,test
left,601395,48686398af212b6b97c399f44c13d484133a181bde04c2401232e073956ea10c,test
left,601400,48686398af212b6b97c399f44c13d484133a181bde04c2401232e073956ea10c,test
left,601515,7c595a133eaa5b732ac01b5fd050a0dcc5a06b4ca9e4070b489c7c0c89d004d8,dev
left,601570,044152b7631ad4566dbcf86b5b9a22e2490986b9858ef22ca1285f9295871314,dev
left,601595,fcec6196db436364aece722a9ad68cb0870edb94e48c31bd8f0595d9b9b7449c,test
left,601600,f12095fbe890d142e2d9f9a20c0ebf69aa4fb198c472b9566d983f5f18d79c8d,test
left,601645,f12095fbe890d142e2d9f9a20c0ebf69aa4fb198c472b9566d983f5f18d79c8d,test
left,601650,37f2eec616ba26a29fcf84d02f0b9eab33b7ef0385d1c1412a1d9f2718693749,test
left,601715,9a7fccb53ab2f92b8658efa96b136023270b726c2d0f0c03c995fb9fd6d2ed7c,test
left,601795,78c4c6bc54c6d18cdd3349ef10e768d84e5358ec190987933f333b0640549e17,test
left,601825,beaf5de8936d2ad856b93d2f3934a85cfa22369665b769f9cf65cf7b6161d025,test
left,602760,13db918fb1db805c421ddc89c1c0efc1a003461c175a4b5b76db965d9981c51a,test
left,603255,b033d7943a274d22663ebfa3f063db5099d577e8758e76c4ec9e79a147e41fa4,dev
left,603290,0e06dd06dc0368214a9c03d4a352b2e4b0caf26158140aa658b79247a4656847,dev
left,603315,31f2a662bd283effa8db0b96e506881a4713c5dc2c865b277789dc847955959b,test
left,603490,3b031ed6521e9aab981419be9c28dbd581dd69cbc9f03bc9cc7f50794ed6d083,test
left,603495,0849668ebc140cf04a2fed60433ea747243dcaa58d1b3e076075214032492ca1,test
left,603555,3b031ed6521e9aab981419be9c28dbd581dd69cbc9f03bc9cc7f50794ed6d083,test
left,603565,d6618995edcfb833514df29eeaacaf022589551487813d31b3bab2f896ebb934,test
left,603705,1a570916fa59ca05176fa8a90c60d987ff196f8ce1b86061e7f9fbf68e52d9d5,dev
left,603810,6d4a80761967cf0524066a8b22ddc9c04d2fc78d1d75dd300e58903db6e05452,dev
left,603830,22236ba9bfe72c72f7d262607427129e54a1c704a341d54d4a40ece8c48ce4c7,dev
left,6040,8dd1d8d857bc3a5a1ec1d2cd09cc6d1e7b54ca5183a762506c72a98cace288e4,test
left,604080,27b1f4a583dbdf73a352ccb69d8bbbfee4f0cd1f4df90af6384f4d205a3b7314,dev
left,604320,8705773b035daac52fbe0d8179273ae48e49af67449d6a69f34237d2dc4337f9,test
left,604655,9b96b580e778d5a4bc66274175c43a4d3547acbd92642b840097205f28cf566c,test
left,604675,76bbc43e913d831a7ebeeaeb319f94a2d08a2d0eec0f996e7d2ea7c0201b5220,test
left,604870,299526d7285dcf8d728afc638c1bcaf3b169a33c8a47e7f9686bcd072c1d443a,dev
left,604980,3ad8ef4669925417760d9455ed313dabd13834c0fb0c47189bfc4509096c836f,test
left,605045,969588d39d995b045cd9ba0880414df26742668809fcf47d06648098a92f2eb9,dev
left,605125,5166cf2d34c112c166129357ab91ed21211bcc4ce74e407592ab456f77ca15c4,test
left,605270,9e88c054dceb5227ebfdea2f770fde071eb987b40294164e62a92f706174d914,test
left,605305,1e3657a27b0603ed794e1ef972df47fcb3deb840c70e130bd1e116d9fdfae337,dev
left,606930,821c0b2ac01699f4512805906560d231031efc5af080ff3eba89a824884e1e39,dev
left,606935,821c0b2ac01699f4512805906560d231031efc5af080ff3eba89a824884e1e39,dev
left,606945,2411587e565af0226ceadce8366063880e8a405dff6078a9ea36b1286361459b,test
left,60715,075a079a746b9480e17d365496b62f5e10900f9c2f2a2b710427ed26db026d3e,dev
left,607180,3c5ca950bc2abac1ccf52a9a2748e5b747875bb301c9acb3e3d0407764615d24,test
left,607260,9832043082a9d98857effbd59241469f579b43aaa74409437a450ddfb1669128,test
left,607320,7b87ef7542b2a4c6205377b1da3f8859f1a03e17ff8e7ed510150ea6e7fede6d,test
left,607550,323e3f382968bdec1e47c5a4afff51b424fe72f923bbe190dc77980171429403,test
left,607745,d6790cc9c63569a5441a46d5583da916b2fe95c053e8cd4b33bc1c9e9292790f,dev
left,608055,a3a672d44a23ad11cdf5bf3c090bf68c16ed2673cc2ef1a17fd0a296bd7a4176,test
left,608620,d669424584a39553640d3005fd73851631999f167230d96c3fae655531c6899c,test
left,608715,68b4e63495c9a177de7eaef56c8761f6e2015e3b08780add2f8d31f1d76fe7dd,test
left,608900,e3db66a7cf67b0501b04ee6150835e72d88adc2ad789a73da6a33553236921de,dev
left,608915,e3db66a7cf67b0501b04ee6150835e72d88adc2ad789a73da6a33553236921de,dev
left,60895,0b33f174d4ae6eee1dcec91903feb69789026c851916a9529b870957c227b02a,dev
left,608960,b50561a823c51c88fd68ec5671416adc9e12c08b5fa9852cc60032e427aaab85,dev
left,608970,7c3eeae0e927e7607a74ca10b455fee2d9beabc8450a7be5fd9cf4649c8ca79f,dev
left,609300,d5bbd9a21ecf308c8f07f11610d888dabdd13e7fe8fb0d29df242a0dfa88e550,test
left,609450,92244e5a6ed713beb90928247ee3d619b2151cc4e1304703e7cc55ca520db0d7,test
left,60950,bc2c5b1fa144c7579ffaed2b892a9821881f5bf884b0156cd8e0f00d3d7b9fac,test
left,609625,480997c5a984c3be379db58e98bc0b6fe06f3a9020cd3cb630a0c6f09787e756,test
left,610160,6b6184770b8169340dd926feedfc79156be345ca74945d90e585117ed95d693f,dev
left,610185,4f7495a221a7f94b59fc23a4019f9e04aade9b19d2d3ac292020bc548cadc93b,dev
left,610240,3c6e48cd94e9d8c134ecbf7cac06ab3347bff27c239188502b443a008f6a1b59,dev
left,610275,73cd87b4094510a8eeba96a25487aa31667a641029c5cc98a67e289ceb406239,test
left,610675,cf7f74546613e3b48e80289d7dc62e76edc206f5aae2d1f416288a166c44d7c2,test
left,610891,fdcbe37eeca6435e6505ea2a0638037900dc3eb78e12fb526f759bfae55e32c1,dev
left,610965,b9686a0011abd3cee55282e3be837bda591a063310db34c4cc137fb63041f539,dev
left,611165,41d22e83aa8e9cf9029b5908eeb9f126935a34fb06d244e2728fd81868ff18b8,test
left,611805,1cf117dd5cae14d4c15d52c0f95fc2cb779f86b063f471e15b6d43897bc76948,dev
left,611850,8c46947bee25aacf96fc42dd4428a5c54e2caa9a5f77da40885bc4779e7b989e,dev
left,612110,6ca173c709449307d2fdf3b0d41251637ccf94016f5154f6718ff851456ba421,dev
left,612305,3fb55d0101a1203231f367227dda1621b5a4d05ed88ba273780cf9cb563b0399,test
left,612370,c558b545de55e5a693d59a63b2d557013520a8904708d6b4de7e1f24f08c732a,test
left,612390,f08612352c5f394b2dd6985e1029d1dda7a2a5ccade107fc9a11e177093b6259,test
left,612505,c0c0342930f0a7c2faae89209ccfd3f9c983d96cf1a7d4ca84bcd5e4889e2e7f,dev
left,612585,fc9f8930f8c68ff7b10a3faf203abe6b5c3445c8254badde5e16f8631fca78a8,dev
left,612610,a04edca3eac52c4c36cfd45815b47c8c23bcefa550d468733cdc9ff0ec86d73d,test
left,612695,39f490255e1b9037ef1caa9c3ef6bf0b43b29cdd562bd81e7f52fb4b575b8071,test
left,612820,700d03fea0630886c4bdfaf21b02054b76e9626f26309bf50a1a70a840600884,dev
left,612900,fe6c17dbebc10a535c6d874a42ed9669b21df457380465129be076e60f02bff1,test
left,612965,090fc7db1d96f9025af87e6bb782b4afc45eec4bd0ece82465435923c0e34599,test
left,613025,08576296a2b3ea7759b035b84e06b8a3d4a897d3b4e9ecfa54b2da35622b8d2f,dev
left,613245,1ba9e3b76ad5ee9c6d130c0305172a7c206e996a0fb9c2b6931010c3ed6a63cf,test
left,613280,4d12bb86ee18f75b2d1fcba4c02bf4d6b65480282fdb07798fe8961fbe58c357,dev
left,613300,ca79950c8562d5f97a96f32389a76afaa5b6e44c61c768e4fb86a5b89494f1dd,test
left,61405,71a7475dd9003e40cadfff6f577d8ae33d68fa4c673df0e2d7d3aa2734594552,test
left,614125,93ab80f5686ba4b46a9872cde6f68165be7cbaf29854aae766abc24ae0ba39f3,test
left,614260,a83d71a3e9ef81670146baf4eb6e2964870783035eec2e62a39894893d1e972a,test
left,614525,f7413bc1de3e0d95d0fbc66d1a8df3d28bc3ce9bd160e430472f8715066be762,test
left,614645,185338f715fecf6e998544dd5fad765d143684811e328ca212ac883eca277e92,test
left,615045,4fdfb696eb0496d4411b991483dcb65a25a26776b6150c8765f684abba84c710,test
left,615130,34462fa6825eb201748ade01baf72ac016933601e17e1e38e2829ace215f0dc3,test
left,615255,c7e5e70ac3bf0479d54bd049fdc1f4264793476ad5ecd89bbb3d04d1c17fe1e3,test
left,615275,1d3e9af67b3eaf9333f4651243479adf6f6064c9086e6ab0e31b9e5086e49586,test
left,615280,c7e5e70ac3bf0479d54bd049fdc1f4264793476ad5ecd89bbb3d04d1c17fe1e3,test
left,61530,a394f05ee80eedf6e30dd6b87e3f862d0e7d5ea49a6a73c93ec8e1b76ad5ec98,test
left,615310,10023170c6d497630148bbd382d8c19c3a4a2d401cab4d529cc68e4e21baea95,dev
left,615390,f084e7c659bbf4f17dd3ef5d8e9e373130fc979afff61fe0579e578ac25fa61f,dev
left,615910,508e02b95b7e042c78e9ebd5340377db8ff57d243d2f7127aa40e5a471c99922,test
left,615920,7e7f83f1387f2e4b6baae8c1a857f6cb8b25bc6633d932cca47e2e8b7ec9fbb9,dev
left,616125,0ab4f3ce4a890c56d4d8f19ee52957ad0358b7bd161e03b560501b4ac8859c5a,dev
left,616130,0ab4f3ce4a890c56d4d8f19ee52957ad0358b7bd161e03b560501b4ac8859c5a,dev
left,616450,193d304716b3df8b5b25a981a7b11df2005f050cb7d8ebca7440510851dd9ec5,dev
left,616890,ae67ad7441ca9e64ce82b7fc0183c228c3ab7e3e58f2528ece2e25e58425d010,dev
left,616945,c1b8524a73e25d7926774e7ab34f86f92c4e44803fd7a9d6a4479bd79f9d942d,test
left,616955,c1b8524a73e25d7926774e7ab34f86f92c4e44803fd7a9d6a4479bd79f9d942d,test
left,616975,6bd9dcfed0237aef5b5ec9962131113ce5da76cff15a53970b0a4b2aa28623c5,test
left,617055,f9d2d3326eba404a638900b06b7bf2d708517d557c115ec7aeefeb3db2a8f938,test
left,617185,0ad57ff78afaca6d1ca9d971b35f07f6f835a42f9eef4e1758763f21a3ce399e,test
left,617255,6ca173c709449307d2fdf3b0d41251637ccf94016f5154f6718ff851456ba421,dev
left,617260,6ca173c709449307d2fdf3b0d41251637ccf94016f5154f6718ff851456ba421,dev
left,617285,2821e72fe669b76c8bc766c9969bb881bea99c25a67d602003b62fb14e333a36,dev
left,617400,010d9d63e950786eb68c2ddeb67656966ae40cd234550c13f204258efe045c0e,test
left,617435,422293af575384be28c965b6749f08f7ad1972589f9722f4d87c5b2fd3350b48,dev
left,617610,8d6b8e217ed5a39b4bbfb66b47cb8ba740fd470cd5a0e9a3edace231d0ae4e8a,test
left,617665,fb5b5b7dac1acfc3bc9bf7c4a7785279ee618e73b9262c1f8b1c3416a801cf4c,dev
left,617670,fb5b5b7dac1acfc3bc9bf7c4a7785279ee618e73b9262c1f8b1c3416a801cf4c,dev
left,617990,c3fb1e628458970348f82ff31175e71bbef1877815e5ba80c1a3159a0bf0f968,test
left,618175,cd27365b5ab13f992deeead1906d28eac8668181a7ea1a35612a207f8d8125fe,test
left,618190,7be6615d3b5795841c614667aeec7a41bea97af3d3bbb4db28ad99f42903e5da,test
left,618330,8f7b9abaef30221b1b532a037c40c1975a52b971e1101f52aac283da60d91791,test
left,618350,3d5450862ed4b3ba4039106149cd22eebb7599fd9ee89b56a2f1a844008b1a6d,dev
left,618530,e3fe0f1fac0284a897351e2632659b8f6b2c6131800d9a110d4bcdc629eb7c6b,test
left,618550,e454fc2e2516cb77cf931a0616bba1854cf8ba93edf38335de8c0c83e5385268,test
left,618565,e42c88dfaeeb195961c6970defa7cc4db5345dd187d8abc029148f5cc9cca03d,test
left,618575,e42c88dfaeeb195961c6970defa7cc4db5345dd187d8abc029148f5cc9cca03d,test
left,618585,83c4f93dbea56714277f0ef7f9554077f49cf0b17cf75b6dc5660cb2ca00026a,dev
left,618590,db537dc81127a660eff9c9bcdbc4644c609aa05a3db6a9ff79c5b2b0e41e7ba5,test
left,618615,4786c09352d2ec446da2083680039f1e2bd7130f9d79f4768d077fbbcb6ba15f,test
left,618625,4786c09352d2ec446da2083680039f1e2bd7130f9d79f4768d077fbbcb6ba15f,test
left,618645,83c4f93dbea56714277f0ef7f9554077f49cf0b17cf75b6dc5660cb2ca00026a,dev
left,618670,476e4b48c582a2c7bee7b1d077504357e1a44fd4df067b69e07b9487eaf47239,test
left,619090,88629035d85dc843ef5b1ca1b80edc45b6274a1cb2448c9f0b1ddc98f1f8023a,test
left,619105,20e8b80645cb520c87c03bbf65b20b535ff86c7d91a0be6a7c1a10ef7b812b9b,test
left,619280,01944cb3fea0aec870b50c3476c92b2d977594e3cbebd88c598b831113377614,test
left,61950,768dd538f24831e36e102f6611ceed91ecb1a6143e07fdfa73f67c34e0756ef1,test
left,619510,dcf1d52419fcf72d9a753f7227e15e13f672fa11137f5f3a53942ca4377b563f,dev
left,619515,4fe52eb4e39303092c6ed9c006f2a5e1458ed6b113d00f0a5ea3fd897446d58a,test
left,619520,4fe52eb4e39303092c6ed9c006f2a5e1458ed6b113d00f0a5ea3fd897446d58a,test
left,619860,504603cbdc39e449326ca29f6bacf6c26c653dbc979bcb1efdf09539667d1da1,dev
left,619910,4fe52eb4e39303092c6ed9c006f2a5e1458ed6b113d00f0a5ea3fd897446d58a,test
left,620050,00f6525d62c5af3891b86c70272fa198c7a50f37f4b9cf6c1f1651cf06de040e,test
left,620060,566fe3432c0cfe52cbdbdaec45c58c6f7371a4dd4a6cd99f57174ce1101115a4,dev
left,620120,3869b12704d695d30682ea774b4e03ba166edb5c098dc42ab1fa888e60baba10,test
left,620310,1f1796679f39cd4e3f589a1aee3704d633aa0cdd963c51d90ecad2d1541ec2df,test
left,620445,06cec0f74b16daa1b6a1ff2c70f540780c63c19fcd4e523e59f0f5c7f3f835ec,dev
left,620460,06cec0f74b16daa1b6a1ff2c70f540780c63c19fcd4e523e59f0f5c7f3f835ec,dev
left,620465,06cec0f74b16daa1b6a1ff2c70f540780c63c19fcd4e523e59f0f5c7f3f835ec,dev
left,620480,06cec0f74b16daa1b6a1ff2c70f540780c63c19fcd4e523e59f0f5c7f3f835ec,dev
left,620830,e42c88dfaeeb195961c6970defa7cc4db5345dd187d8abc029148f5cc9cca03d,test
left,620835,19d9659fff38786d6fc06721bd07e0f5c86704f2bedf6c3d1e29ef8ec5a8b84f,test
left,620870,0bf5d26bb70e391938bb00083096fbf21e834213c9d081e6584f31170f5a3e7c,test
left,620970,3610f16e0e68d7fcc4cec9483a078935a17c4f7091f339ab847d930420909be8,test
left,621145,2a7215d26f82e981f6d26e9028889577a9c8ed0c1b02de19309670e8aa003d7b,dev
left,621500,6cdc0d7e774b5f714e4b52e038c22beed968a2763fd0dd5974a4fd999483345d,test
left,621680,9b370d0ff70ec485436f61154775c6010edc47e31f5587b55dfb5b088e13346c,dev
left,621845,ec49180802322eaeebbc7613a2ccde4511e257ad5ea9f938217b1789ddc6110d,test
left,621920,ddff54565a55c64640bde6024ebbffafe13d13efbe03077e60a0144d31927ef9,dev
left,622110,e1388a7b31ba6ddc563ebf8fbc7c740b488bff12e7f096db2ed654cdfb3e8692,test
left,622205,e6e20f65c105b568ad78e95ae5a69aa072251268a3ba1b55e16004fed651ba93,dev
left,622240,1b5c4c883ab24564095c25278b5b3a0bf715674f59b44e6d0fb6b37d8866af1f,test
left,622265,54ad1d90884584350249faa6c7d64df61be48c2e1879929669d76ae9c1876cb4,dev
left,622285,6758806b49aaadbf2987068579a0c453459f0bb60f6e7df453bbfdbc0fc79798,test
left,622440,9bb89b9a28b593706c8b653b5cba02b5138052556910213579fd6c30d2f643ee,test
left,622700,01e0baa188e255bd35903f1772181e902037ccd04d00297d03e8d0843df27cd3,test
left,622710,01e0baa188e255bd35903f1772181e902037ccd04d00297d03e8d0843df27cd3,test
left,622785,a6f68ddb5cf05206e9123c13e1b4a6709fbe8cf431fde97d9037d3d668380a51,test
left,622800,cbdb25750e522e8abb0caca77db1b923dbbc54006f42136e11f2ff86eaa06062,test
left,622815,723e3bc794a2afcc084953f503d319a97a3b851202128e107b68a7322044a3d6,test
left,62315,63fa31e030dc3ab919664a1eaaf013f257c81ba055744a4b8cee49477b712049,dev
left,62335,d58c09f458e79006019caaba73279a29dba5cb8d27b55c4677da08595532c7fe,test
left,623785,ad1d9d06e4fe1f04be484b85cd81bbe5963ecb3578923bb2cfbc073d90abed61,dev
left,623790,ad1d9d06e4fe1f04be484b85cd81bbe5963ecb3578923bb2cfbc073d90abed61,dev
left,623935,1d3e9af67b3eaf9333f4651243479adf6f6064c9086e6ab0e31b9e5086e49586,test
left,623965,39575fd2009f8304b33d4995b36bf19033bb85407074cad5ca5a99443921935c,dev
left,624035,4b4c6e972b90bda4e90773dc13e8be8f8d41e55a6e267a09eb15667720642044,test
left,624055,4b4c6e972b90bda4e90773dc13e8be8f8d41e55a6e267a09eb15667720642044,test
left,624205,44ada23b70c1fa2a57cc9ec98db68d62e7600193e4b841bb8cf07006cfa9a219,test
left,624215,d40e8d6dbaaca5c4b2ffdb68f6c18ca0b973fc0931507f9721387d401d83b474,test
left,624300,da37695ab3539f99a1d7049af78d86001fe20581ff209504b73478485bae6455,test
left,624325,bfda53126381a6de935b1d844940eefa0c4de7fed911c6bfa21a9165b7018bb2,test
left,624335,bfda53126381a6de935b1d844940eefa0c4de7fed911c6bfa21a9165b7018bb2,test
left,624355,93c685a704d12c9f12b3677292445ca8fbe16b4827b399a0935918f731cd1a39,test
left,624415,fb6ff5a9da327ce5b4bff632b50cbcccbf505508bd6e9ddd25a21f5715b31565,test
left,624430,0b48f0d259e4f32b70e7121dd5510c9fdeb7138c3ed4578dddc9a4fc6d8ec48b,dev
left,624440,44ada23b70c1fa2a57cc9ec98db68d62e7600193e4b841bb8cf07006cfa9a219,test
left,624595,dd4d43e2b9f401a1bbb773da80b92b5a2b46cb323e43936fa471d170dbeac426,dev
left,624635,71423a5d341d8d126db1cddab67645d0b7737c50a1dd7fe77571dc589e5a83dd,test
left,624710,9d00ce91f45a6b844906e9cdb1ec777bc8d1b78b8b69e15edef7f0b54455cd60,test
left,624795,061fb1a0f6cf07747f3316257af304e58a66ed968785ce4b35e3def21d2d561c,test
left,625070,4b4c6e972b90bda4e90773dc13e8be8f8d41e55a6e267a09eb15667720642044,test
left,625080,6dbf7c66c914b1f40e862a5dc4c2f188563a26eba982e4b0b42515a01d52c5ff,test
left,625115,e109d01c4e58437024f36e7dd033675928d5a10ba8dd8560457c6cd745a16850,dev
left,625130,e109d01c4e58437024f36e7dd033675928d5a10ba8dd8560457c6cd745a16850,dev
left,625440,76bbc43e913d831a7ebeeaeb319f94a2d08a2d0eec0f996e7d2ea7c0201b5220,test
left,625545,73234e2ec565c3670611bce5f2d4665ca3f0baf7c41ceedd0e10f8139ce31c5d,dev
left,625615,c3fb1e628458970348f82ff31175e71bbef1877815e5ba80c1a3159a0bf0f968,test
left,62575,17ee45714e4886376845c2e25f1a3aeba318ed3667da54cc71f9a28cf105db0b,test
left,625795,c0182d29161ab9b8c238c91bb09d196776f14fb89bfe167a2d4d351aa2de8abd,dev
left,62580,17ee45714e4886376845c2e25f1a3aeba318ed3667da54cc71f9a28cf105db0b,test
left,62585,17ee45714e4886376845c2e25f1a3aeba318ed3667da54cc71f9a28cf105db0b,test
left,62595,17ee45714e4886376845c2e25f1a3aeba318ed3667da54cc71f9a28cf105db0b,test
left,626110,66e8d3309be5ee1aae16c650bf2a1c5f038fc98cb027a0b5188ee14079d1805a,dev
left,626180,25ae6d18f1f6e078faabb84886249c5849b6b133b40b31d43685c945035531d6,test
left,626190,25ae6d18f1f6e078faabb84886249c5849b6b133b40b31d43685c945035531d6,test
left,626200,81bc4b41653d80cc405e29594413fd520b2766099c3c56317e4fdcb09cc41ff1,test
left,626275,ec83aec80d9a1852f66edbfe50d3ebfc1d1725eaa89c7132af425b610f037f30,dev
left,626480,38bfa5aac55ad836eddc2e55d8cf4731f4f0536f277c418a74e95b76a3c448df,test
left,626640,a6046ab331b2097e27f8514c03f66632a12009db860675492290f4e60d8f5f52,dev
left,626705,62ab6f4b7e363614c273d00e9b6861adc48c9f6ed15cc9c5b1a201b2ec73ed84,test
left,626800,ad1d9d06e4fe1f04be484b85cd81bbe5963ecb3578923bb2cfbc073d90abed61,dev
left,626900,ae89a4e2733b73dae6c3ce16d33a38774998c1a08dfbe5feafcbf5283375fe5b,test
left,627075,d771bbd8b213df2d2fb58e0b1e3203c54e3e1a01e5d1d4cfe94de9f823be5554,test
left,627090,e399ca754ab6ba35be2633c1080d6a5bb4c36e93dc686745b4cd67eaf5ac043f,test
left,627250,fc81c15d1b307ced6bf260b9ec93bc144108aca55421414ab4bd0ab4a21026b4,dev
left,627275,fc81c15d1b307ced6bf260b9ec93bc144108aca55421414ab4bd0ab4a21026b4,dev
left,627320,c15326d26133d7dc2a67490d8113b71be595f466d41c7497497878b639c6551e,test
left,627575,778347fc582c69847809865c0e70a93fe6186d7aa45ed0ba8f280845c2a38968,test
left,627650,df67817ab025c8db7253966389ee2ca5986b6bf0bd140547111aeff2559e0f01,dev
left,628055,f007edb5bfbb1b532dcb1704013bf22dc4169328d74c1f0e1629f8956af75144,test
left,628100,444f2fce322c9428ea24dc9fe0ff8f8c176521f3a011f7ef8eb852fd29951d20,test
left,628130,0ad57ff78afaca6d1ca9d971b35f07f6f835a42f9eef4e1758763f21a3ce399e,test
left,628250,d0ac8ace3516dcd1cc9579f0274446b304b5c934c58fed37c11b462d373e9f1f,test
left,628775,059683837098ab56b3cd59ba2ea02418fd49165dce9a96eaf59733aa4168b3b1,dev
left,62890,54e96807203ade3329dd45c5438ba89e0973917eeb1f34c16a449199050a89fe,dev
left,6290,0c614f2ab50150ecc94b1a25f140a97d0ae62749647c4ce579b1f4dc906c7ec2,dev
left,629035,89b094af0e5a4ea96ef0441cd3e213c3625df708a870c8a2219ec4982c7d8c8e,test
left,629055,2a8f6887bb2d18ceda16e566478af9ba8d979e92076866f0f2de927aeffaac43,dev
left,629245,b92b82ec1df557cec9cc75575f83693acdf6cb4f9a8b26a65e397e6e0544fb0f,test
left,629470,7439f8d9afaf70ad885bc456ad2a73ce0dbaf5a64b2e7ec19e5374d0fca0e22e,test
left,629855,4bbb2059c8d56bfeb06cdf4a2ef8f63beaf16cdcafebc6ad9c66f55351c051d6,test
left,629905,4bbb2059c8d56bfeb06cdf4a2ef8f63beaf16cdcafebc6ad9c66f55351c051d6,test
left,629955,b6aefc0dda64955c712315adb1d7777e14097755bd16864f249f69921dff8cf1,test
left,630375,17d48338f8ba300ba983137fb7c8da3e45617ca397bfe27950fea7915b81c2d7,test
left,630590,566fe3432c0cfe52cbdbdaec45c58c6f7371a4dd4a6cd99f57174ce1101115a4,dev
left,630790,3f233dbe1341ed4b5f94d82fdc9499cf85966a17c88c5380a31fa61f9a497b4a,dev
left,631290,7ba93972d6beb38800994a5126be223c35867b139d803b4111c3be806c5b608a,test
left,631480,e820283101a5c0defe452a8731e0a80b665fdf8a282578e9ea6e2b62610f317e,dev
left,631485,e820283101a5c0defe452a8731e0a80b665fdf8a282578e9ea6e2b62610f317e,dev
left,631490,e820283101a5c0defe452a8731e0a80b665fdf8a282578e9ea6e2b62610f317e,dev
left,631635,17863c4af6a57dbd84e86e7b07fca2247c43be0d437f65a50f5c02c97509b4f6,test
left,63235,1fb4674521e0c30514fbd288898484916dda98b4878fc98f644b4af8fa353216,test
left,632370,ff4608906b7cd1dcbd4074c477a8376f8b4e50dd118cbe2ef38f1c9ab8bf43fe,test
left,632390,bb70fe31ee4ac9d5f33058a82cb6e8db36deb2daee31036b44ca9eee58962e28,test
left,632630,e68bf53f91afc21a74b91f132976125f5ae35ed88229e7eca65abcf25d44e68d,test
left,632650,45f56fc6b19f8a2ff448b2df33dcbaa1f4364b637c89848d935432a40b73074a,dev
left,632720,9a65e0964741e44847a1129338482e33586ce3db508b63c69d22bf3599ed035d,test
left,632880,c2d8781e2ff26aff31871ccf6389c3fb8cd11c0bc0ae903763c09a43e2a0b542,dev
left,632900,e773d7d5c3658577ba5a1f0b909e930580c2d1485eb5183496b71c3e3cbc4522,test
left,63295,2acea696b98592e0f2b6e51b0da1faf739a4ddde5a365d5d19b1ce312cf90ebe,test
left,632970,1ff00423adbee9c5f8dcdb3e45cbe78efe91c4cee8c28e1c6ebec9e7cd1d155d,test
left,633165,9b4755b4ea5abae88f918f5bc531b84cf2698c8004296f1b41aaf874dd142c49,dev
left,633255,228121c9469ff629731af7c00f1cf8560ae79b944859f7ae7df941a702252397,test
left,633475,193d304716b3df8b5b25a981a7b11df2005f050cb7d8ebca7440510851dd9ec5,dev
left,633705,b39585ba819da0baa551726ef51d175d9ece70d4957504ec284c181ce8abe03a,test
left,633720,56fdb2e88967e21dc30f1222df9dd9b93dc41e97c1fc37b3ca3d24b307cc561b,test
left,633735,bb16e8e60b7d5a3f4689124824ed16cfa67aed59a2561e9290d550bd99e7b9f9,test
left,633745,56fdb2e88967e21dc30f1222df9dd9b93dc41e97c1fc37b3ca3d24b307cc561b,test
left,633935,b6aefc0dda64955c712315adb1d7777e14097755bd16864f249f69921dff8cf1,test
left,633970,820593348b39a11fb48e17d691f021daf9b8a5537e82af3bcac39f5344a36653,dev
left,633980,820593348b39a11fb48e17d691f021daf9b8a5537e82af3bcac39f5344a36653,dev
left,633985,820593348b39a11fb48e17d691f021daf9b8a5537e82af3bcac39f5344a36653,dev
left,633995,820593348b39a11fb48e17d691f021daf9b8a5537e82af3bcac39f5344a36653,dev
left,634105,fc9f8930f8c68ff7b10a3faf203abe6b5c3445c8254badde5e16f8631fca78a8,dev
left,634660,e52f404986927cd18496938c7b5cfb8495ad51960297a0b1a7adb5989a95da7c,dev
left,634790,da96fd42d648e3adeb21576a5e28ebf7ccda4a90dc0065511cb9838084f4f76c,dev
left,634885,e109d01c4e58437024f36e7dd033675928d5a10ba8dd8560457c6cd745a16850,dev
left,634890,8a7c6383316df5d6eec77f2df9469767264917b3e0c4d529fe3e8120f1bbc92c,dev
left,634920,074dac7659066295f67afb210b23a77f968e2cdb60ef443becbbad8853cde7dc,dev
left,635240,7c3eeae0e927e7607a74ca10b455fee2d9beabc8450a7be5fd9cf4649c8ca79f,dev
left,635270,8d6b8e217ed5a39b4bbfb66b47cb8ba740fd470cd5a0e9a3edace231d0ae4e8a,test
left,635275,e109d01c4e58437024f36e7dd033675928d5a10ba8dd8560457c6cd745a16850,dev
left,635340,9018d7cf4f797e9f5e2d5f6fb45c7c7b843f920118c3d32e8a99502862a72b53,dev
left,635375,880ada465a555c6003de0da382423e5a90db69beeb000e8db0e8c2e08054c9a2,dev
left,635455,c3fb1e628458970348f82ff31175e71bbef1877815e5ba80c1a3159a0bf0f968,test
left,635460,46a4ea95573945cfbeb5abf1c0fd14cb13d08815879480117897eb5fdb8c7aa4,dev
left,635470,46a4ea95573945cfbeb5abf1c0fd14cb13d08815879480117897eb5fdb8c7aa4,dev
left,635480,03f71df8fb2f950d875d323137f10fd7825e6ddb0c3d4dc01ba1828f1ada9822,test
left,635505,abbb528dd2d46cb23954169287aa6ce6f7f8c676a0afb72721b1b380f754e004,test
left,635550,5d17da96e407d23864273b59855cd28fa9af6362b5a611b4a641f5625510ceb9,test
left,635610,880ada465a555c6003de0da382423e5a90db69beeb000e8db0e8c2e08054c9a2,dev
left,635670,92d1111cb6285c11f164fc1dbb6e6223c7467853103b585ba2c39299fa771ced,test
left,635680,31a1b435d1232ab1351a7aa3055f562cad747216dfc5cace630c5e83f955f513,test
left,635705,e547742142ee029104cdc794a2e75d5b3309af803b4fda51b0d48f74f6c3b4f6,dev
left,63580,58f738f3b0edf5d526bd327775d7a2d04e3c1f29fe29a81a88792ea82aab235f,test
left,635870,0bf5d26bb70e391938bb00083096fbf21e834213c9d081e6584f31170f5a3e7c,test
left,636595,16e73e3446a29cba360b05b4b90142ac98199a5747e015d3158b7773cd3af320,test
left,636640,d1bb264e703b97e5120beee19da42b60cc44bdcec1b2d2a758866c03dc96fa48,dev
left,636745,dbcc4d7c4aa6996779e3049c758087bb90f80009e46524c561f3fea18b683b52,dev
left,63725,b3e244a92d3ebd87722716b46e141d8c368b1a15773bfe3677a761f706fe2963,test
left,637330,f2ea3cac8d0f26686b915122895955ba96fd983aec46faeb4b71b3f0377f03f0,test
left,63735,b3e244a92d3ebd87722716b46e141d8c368b1a15773bfe3677a761f706fe2963,test
left,637385,2f735b90e97899a0e0d99c155af3d7ef032b46649902682fcf6bb71526edf915,test
left,637510,50209523864c2468d56c792a8380786c0f75e3681945965cce0a9b7f3f044616,test
left,637880,c4fadcbbfc7d1b3af0c25044d848721391498c922f81289dac3f8aa80be5fb9c,dev
left,637890,310ca572256e98db44ca49a57cbc6dd6811a0d00bbf1c8991291b0acb28cc595,test
left,637940,fada83447615a61cd9cd3ea6f654c0d9c8e99f50690c6b9f10a5f6050bcf434d,dev
left,639010,5555fa31a1a51bc9b270ce36d19ef1d1b65803dd7cae10284a76f2f38e343ef3,test
left,639320,fcec6196db436364aece722a9ad68cb0870edb94e48c31bd8f0595d9b9b7449c,test
left,639675,00e9e179cc5b028604935fb071fb3c85ae037420b927ba1b3407c32fcc674096,test
left,639685,00e9e179cc5b028604935fb071fb3c85ae037420b927ba1b3407c32fcc674096,test
left,639770,3960332df8d3df0d2f6f1e37a3b447151fe9c03d703c32c9e17c0352b84b5377,test
left,63990,9b8eb6e7e4c22fd0a18d2d6c39d3db98712d422550dcb739614475e3f2377424,test
left,639985,3f6177c34f81242503a12370e61c8a38e53d81de69d0de679e79df272895f968,test
left,640000,3f6177c34f81242503a12370e61c8a38e53d81de69d0de679e79df272895f968,test
left,640005,fc9f8930f8c68ff7b10a3faf203abe6b5c3445c8254badde5e16f8631fca78a8,dev
left,640380,aed5142f201003385c7ea853d59dafcde9f475e702ca6189cdaa82a7d962943d,test
left,640410,f130cb370bc90c7c90400ca5a6aa6836b0efbbb810e3ed82fef7b816f4caa91c,test
left,640435,f130cb370bc90c7c90400ca5a6aa6836b0efbbb810e3ed82fef7b816f4caa91c,test
left,640540,f130cb370bc90c7c90400ca5a6aa6836b0efbbb810e3ed82fef7b816f4caa91c,test
left,640660,c72aeb4da4e9c2eceaa6c1c167680834179bf23437e0a8f08d99d752ca717240,dev
left,640740,f1a2031a910f19123f6ef5df6d307e8db77fa5d89f04ef4b34d5da736cd83277,test
left,640980,9d92b3be8e4e42650ca9a7a6cc5b477574082c184095d2a5a7aaaa0f3bcabcd4,test
left,641390,4268053bd395a552e2771f4a16b5167f7a6f6b9a2aedf18d288ba2fc9daaf169,test
left,641480,203b91ead6665e2d58b0c22fa52e06e705baa12ed2c3caf5b6a0c150a62d25b8,test
left,641500,5b3102e06bd6fa30963c2d42096c001fc8f0249235627d17030e9adae441fc2e,test
left,641805,e5ead385f72b904317de5e485f27dc27e52137ab43ca9b38ca93c787919adcf4,dev
left,64265,2e55961ab131d0d4f6ffcfdae3769a6eec7e72eb5ece38dbe921bd9968c402ea,test
left,64270,2e55961ab131d0d4f6ffcfdae3769a6eec7e72eb5ece38dbe921bd9968c402ea,test
left,64275,2165a5211ae52882fb3b7db287debfdea86e60ea95efc9bf674e4b1893cd40f5,test
left,64460,d58f9279dc1525cb8c024587eec631a0fa6c06cef06687909a3e471fd64bf1d4,test
left,64530,dfc4a1df00649fdd11f2688c9abc94338e65ac3b299658f1e2a252e4eec5ae49,test
left,64635,4adfc6e0e447e09e1a75c75e2fbe788bfc4ca67a2251d16dd7165827b251edce,dev
left,64640,4adfc6e0e447e09e1a75c75e2fbe788bfc4ca67a2251d16dd7165827b251edce,dev
left,64825,f6d7833bacbb533a25a40175980c9cb8544f8463f30830968ef18ea1862c8c68,dev
left,64826,f6d7833bacbb533a25a40175980c9cb8544f8463f30830968ef18ea1862c8c68,dev
left,64840,f6d7833bacbb533a25a40175980c9cb8544f8463f30830968ef18ea1862c8c68,dev
left,65435,074f83084eef3df6687f34ebddef64bc266a9b06a37f1ad1f21e3537956b6136,test
left,65510,27f8f6aed4688dfa861a543579e7e9510c1e1f8e6ad286ac78c2de4ff29925cc,dev
left,655109,db05a7ef1d1c8311fb39f4a6ec715d448abefa8f32d621482439ca0c6b426d42,test
left,65800,02ba05210e8a29220b7460f34372912cf5febaee5bc249c08d23a5a3392722e8,dev
left,6590,d1af8d9ef18967fee7bd46fa109843f46e1068b9538a61c112985cf3a0a8dfaa,test
left,65940,5b770c86bff01beb08fbae0fa0694123713dbaa7b95e681d8d3ba831d3b80286,test
left,65950,ce021775deef5c8249677792c4ed10782dfe264f6cd8b58ec256d12b1b623e43,test
left,65960,ce021775deef5c8249677792c4ed10782dfe264f6cd8b58ec256d12b1b623e43,test
left,66040,23d48b7b5871bfe2151087c2e087ab285d3e14a5401b1e4ea44c5aee6dcd5481,dev
left,66190,1f840824097517a96542abfca98d0e3bd7e74b4ed4fb7788260723b240565b08,test
left,66255,af43ce7bcef0dd3cded105637b8d66358ae6c58deb9528c0d04b8493f9893db3,dev
left,66456,73f974d178f71f663af4984beac2d42f1df483bde8c26c90bee76d6841fc25b5,test
left,66565,623fb48f99185b529751d8cfc6dc0343503c124fcfdb313f53b2abadcac6db1b,test
left,66580,304fcb2295d18887b0411d69305c7e7d0afb1024a43dd8b9ff4f73391f4701d2,dev
left,66605,623fb48f99185b529751d8cfc6dc0343503c124fcfdb313f53b2abadcac6db1b,test
left,66630,9bc3d7d1700e5132eabf94e37cdecaefb6401189eccf62ae55e2babe449cd4bf,test
left,67015,cb2d6980b15fcfb8389dea31f31a5e7990103c6c55173cca81664f8bd39d4800,test
left,670697,c0edb6a9f7aee3fd92a71809daefb68b29b6309860f2bc8100e2f9da1e6acf28,test
left,67305,e1f6924032802975bb38c2d54e71450b173e029efd823f505e14876da8610361,test
left,67460,bc3aca3b2afe6f677a3c583846ab90ef956d7b4f304e75cb956e1473976cb771,test
left,67515,bc3aca3b2afe6f677a3c583846ab90ef956d7b4f304e75cb956e1473976cb771,test
left,67645,46a1e4187f821de6ef1ad1836f83573ad04326d6904c9f73aa36433e64eadbdc,test
left,676549,f4d6c0be0bbc0c6084d281d5585cf5ff86be185e04ef6012949487945c19d1ff,test
left,67655,411e7b1b72d0e57bcff2fb50be9b1b6b2d4ee635769c42ad3e83e5bae07bcee6,test
left,67980,faee90c2918b2c584ffa84febb8ddcda295bd2bb101f5b15923bfd6ebbfb4031,test
left,6805,59d32d3b89fd1068b26f35a487944d97db734614a52eecf06acf4df987943b8b,test
left,68055,a6046ab331b2097e27f8514c03f66632a12009db860675492290f4e60d8f5f52,dev
left,6815,f1a2031a910f19123f6ef5df6d307e8db77fa5d89f04ef4b34d5da736cd83277,test
left,682035,728426ba33951501e03f776e74f983cebdd75f42eac77bffe24aa7a8708af566,test
left,682322,ff0b11abfd3e698cc963f8b958bc1a35e31e4ec8d2eb6e3d13b8432bc95e0548,test
left,682323,4ca807c49539e44ff606e4df587dc8873c27cbaa9a1d2c9ce72f171588398ea6,test
left,682380,5535fe8ddbdd03809989e2edc89bd1f6eaff7be0d18de99096ae0567b00523e7,test
left,682588,078dfb32d5eb4a962709fd376109717f2b30f185853968f49aa0e54ea7a07d8c,test
left,682603,9b96b580e778d5a4bc66274175c43a4d3547acbd92642b840097205f28cf566c,test
left,682654,18e3f8893207c19267d862dcd6f880efd7e9f438f269dfed724f89750c254794,test
left,682678,3da019a37d89f184fa6df8bea2ebf075fe75f019f149ac5aa8add50ff3c85673,test
left,682688,ced6cd080632118258a00502ed0d7fe3011f354b0c26794123dfce3864c20604,test
left,68275,484ac173dc47fdcdd3d1b2ed8359e7b89d0a5f1745fee41a167c91cf6f62741f,dev
left,682773,3a326805005546c7074467fdf1aeefbd11c359d4281af56949e97d913b269a1c,test
left,682982,cb77b37f909141b601e85b8b6f7a329127d69125eb90a90c78931a840e70f5d6,dev
left,682990,58ff2f0b3b7bb5fb58fd1b4a3fc214ef9176592d45dd30f92487889762b32af9,test
left,683033,3d2b747c1ffd6e5586114edf7a3e1783afe8ae2904eac46396ff9db6a9b6fe07,test
left,683182,f83603a752824d8193c36c486e2e91aec87c7fa2e3d872df2d718e198f50aeda,dev
left,683261,820593348b39a11fb48e17d691f021daf9b8a5537e82af3bcac39f5344a36653,dev
left,68335,5ba3bafd8e81619241dbf5e6daf9fd7a3434636a5501a0433fc13aca8cce8a1f,test
left,683425,43682a1faad0c07d5e9f6158a3f3da3bb503df747268d64b15c487fb086b9d4c,dev
left,683426,8d4e750b660e8221cfab07880bc8dee3520e49c75e28aefe9a02d808b646c70c,test
left,683450,dd18ff2bde956807f08d46fe4daaca0e9b38d47c06f4086d13c90f6049a66fb8,test
left,683454,daa65dea77d4facf3978773076cad58c73393bfa88403fa0fe5a9b885009e297,test
left,683562,cb77b37f909141b601e85b8b6f7a329127d69125eb90a90c78931a840e70f5d6,dev
left,683646,8784a3cb91fad81822091ec69b573ee3dd5fa154948d2d4ca8f8c012648bd1c2,test
left,683709,ac73df5932654a9a430d7e032d090d97c1fff2e9f2b395b0c361d8485b83b1d0,test
left,683761,5e17b873e82799cc9e1fe219fac45d4ab46741f9f9ce3de847b15eb2d27b5c74,dev
left,683818,fd18c7d9c2ea6a6873723132e6f5acc6dcb34a29491d7f170b5f08db864df964,test
left,683961,3e644f12f9d08ab02a26db8405d9d4ddfc3ec072093ee484474820db4c8f7085,test
left,684226,a260b0825ca5e73758df276205fea5721a02e7170222c78cf5cb46a32c326c38,test
left,684315,73393450642d3a9db97c4407b0afa4c3d62ccb8356a59239e205214b2909c872,test
left,684330,d647ba2568e3480c8963cb29627ad4180d8a228365a0edb061f2da1dbc86380b,test
left,684336,fb6ff5a9da327ce5b4bff632b50cbcccbf505508bd6e9ddd25a21f5715b31565,test
left,68435,c0a507fd2fd68fc0c2be9b797f2378f26efaee0b119185f9173131399e9f0f62,dev
left,684357,792babd64cc5e2b9dd8ef979a64afb5fc88899374d0ec1b69fe3b2aa017fa179,test
left,68445,489d32028c180e978b844a9d333fc0d4a2551b229ceeed6a6fae991e03ea8bce,dev
left,684557,76b1df6a36ce91d242e6c0b3ca3415fbea224a07813177b40439dcef1a5c169d,test
left,684735,2419ddebd2632d5e499fe2feef357d2f734eb91661d1eb00be07d020a9aff107,dev
left,684791,43682a1faad0c07d5e9f6158a3f3da3bb503df747268d64b15c487fb086b9d4c,dev
left,684994,1648141ab813b41f765bcd2cd6227d5b06811daecdbd9f98e04b514749341fbe,test
left,685062,96924c20801714f8552dc94f7e557fe11e23764ba8fd619d78046fd4ca274cb7,test
left,685194,225cfa9251b3f07de6cc97bb3cba9ba6fdd3affaf41a2eb2f4b5a33e11d3a680,test
left,685276,fc81c15d1b307ced6bf260b9ec93bc144108aca55421414ab4bd0ab4a21026b4,dev
left,685415,4888b10aff9461447d1e424b2b166f445af238c580e463643c6afe7c9cdadf39,test
left,685449,e1be2578dc62a1cd491b3bd6eb99fc9dd46699dd13f1331eafe702e434e4364d,dev
left,685473,324e13a93c264be2a5ca67664e2960758c28cc9105b07ee4bbd8debcbb998401,test
left,685497,8d6b8e217ed5a39b4bbfb66b47cb8ba740fd470cd5a0e9a3edace231d0ae4e8a,test
left,685700,1f730c9fd144d347dd3d605ee76dfd0a7a77e6deaa69e338d9c7ff5949eb2757,test
left,685752,e15d190a667a45bdaa3adfbdba54f0770f9ae7c151228f4b24e4ba8b8b443343,test
left,685991,382911f550b51c8040f8ec2a4c5fb7d8ded9a66a207f9c0efa7f06c405ebe517,test
left,686070,623fb48f99185b529751d8cfc6dc0343503c124fcfdb313f53b2abadcac6db1b,test
left,686071,cb9aeeda54325ef1f3f7af2d44346c7aacbd4ac7606b5387b4cc4024aad57a1b,test
left,686124,7ceb47061819d8087386dd240960a21840ec8252907c06bb6bfadc8b22c11327,test
left,686255,6c55fec81887c1bd21d4bfdef3073c88b47c4c6bb3917066bea5fa96510830bf,dev
left,686303,05ef71dd669578d8f16494fb8e879efa98fd2445b4684357a12b137d263bbea4,test
left,686347,52d5046d4d28b042ea03479c87de24d0726e41c3bb695dafa3a7ee9919f2d85a,test
left,68635,c4331368388ac7c997fe7e4180a6803269a82068ec02daf4706e7a34b1ade8ef,test
left,686359,fb6ff5a9da327ce5b4bff632b50cbcccbf505508bd6e9ddd25a21f5715b31565,test
left,686381,9f2585d3c4f111cffa8bc66261a286f970a71fc29015450056192f44a7d8cb33,test
left,686391,0f0b40c2c5a037646aba110105961697f84957fcc647d0cd3bbaa79eff3bfb80,dev
left,686452,954bdd1ddba87a8870870cf989d3d28e654d13ac86db7c23f9f55d0abbbf3fcb,test
left,686458,ed9f1aaf794e328b0a4738fa8ab6fd55f53ddda08ee58442be639049a32bacc7,test
left,68650,c4331368388ac7c997fe7e4180a6803269a82068ec02daf4706e7a34b1ade8ef,test
left,686547,60566a663458a60e1c0500811b1dbb9abf8c3ccbd90746d42691055bf425d4e7,test
left,686615,6f8035ecbcac2c979bf964e7007b46e8a4837d9a497b2d2527ed0d84e41f6a7a,test
left,686629,9a7fccb53ab2f92b8658efa96b136023270b726c2d0f0c03c995fb9fd6d2ed7c,test
left,686793,d216330e21c622c789d2ed32496c233ee6701949459fd6989b57205f67e0a63b,test
left,686832,3d8df3da958125e786400c3d40538d7fb98c986313e7343a30196a6dd1d08b7b,dev
left,687061,c380d9ff62c9d243f47d97f0f7f340eb5dc12d968c4433626c9863fc50a71e01,dev
left,68715,3416bd2397c649cbc2082c107a043ef9b214f3f2062c61773d23f6707d9c79c7,test
left,687162,54a928aabbaa4adeb8bef79be91fa63df1de693a94f79279bbdc1ad0aab6b198,dev
left,687221,c739fc2e05c0e3309f7a774ae68a1acab974bf94f0894aeef6641d81985179d4,dev
left,687294,2a8f6887bb2d18ceda16e566478af9ba8d979e92076866f0f2de927aeffaac43,dev
left,687463,8d6b8e217ed5a39b4bbfb66b47cb8ba740fd470cd5a0e9a3edace231d0ae4e8a,test
left,687479,700d03fea0630886c4bdfaf21b02054b76e9626f26309bf50a1a70a840600884,dev
left,687496,cb2d6980b15fcfb8389dea31f31a5e7990103c6c55173cca81664f8bd39d4800,test
left,68750,741d53c8736f46ada620baa26db31d757a0d283ae5c43fa2a60cb06e261ca368,test
left,68755,66dd93d6a6ce9340176abf930791a8ac7ea23729c7e8d954b7ca9c9e98b72021,test
left,687553,f684fb568e223c36712107a8f5b4223d70596c715d975991fa90a916378cd606,dev
left,687584,480997c5a984c3be379db58e98bc0b6fe06f3a9020cd3cb630a0c6f09787e756,test
left,687604,683a5634281430a8234254f678f91af29ad2bb84c9b5fd16816f63239134d270,test
left,687668,0d64d4cbb4ca47d8d2f81fa2b44ff3024da029dcceda5f819ab930cefe05c633,dev
left,688003,9fd3dc5a4387fcd05955e820f9e397992adf834a50fb1eab19ef78dcbc5829d4,test
left,688132,a842dc5d011237435415205b4ceb4ef8a38d4dd2932026496e3ce772f8030600,test
left,688147,404d9de6a49461b2822a71f1a2f540869070d11a53256f70cba189aa089e494e,test
left,688237,a456faae6164e76d595579cc0a599842e38fab2a310c6fdc3cabec79e37a3888,dev
left,688381,669bed12be2fc8ea37aad38441dc1e3157db9d47ef8ad4616e903ea694e92f2b,test
left,688394,49269e76170791a081e77dc63f9e0a32611cf1839631c98052ed33ef62514c3b,test
left,68850,92d1111cb6285c11f164fc1dbb6e6223c7467853103b585ba2c39299fa771ced,test
left,688564,8a2925754f78376764c078f109a5972d3eba5793141fa4104bb83dfc2177a21b,test
left,688580,029a6716e33ea488dff57ebbc9e01a49d4e191621dd2987c15487001b068eff4,test
left,688740,9fc5408c08a47f15d09db02d082ce05c170e2af83ee45f91f1ad7fa41f0d1df7,test
left,688869,5187eccfd3ddb178fc5934d4038dabdf4bb060d9fe131042fd3218f31d6df183,dev
left,689052,4614d167cbc30a91d2fbb1ddfedf851bc45d53f30b8e00452ed6a30743e0ecc3,test
left,689133,e16657ce0196674f317a065a8f9b42fb5ac2cb7b397ed6503017d086ec147692,dev
left,689356,ec69d5db1437b46dd2c2d4e8373cb01721e28b5d0583af3b1faa349967877cd0,test
left,689595,c0e00cfea7ea19ef66a07cbc8c4bceff7e9d104410b584683a92d5c280d5421d,test
left,689641,612c889b2f8d2096f068f58beb5ba37df47854175d17c7faad89888b4daa7c49,test
left,690043,aa56809a133324cde60a1bfcb01784064cc765c9343fbedb980978e014e8d24d,dev
left,690099,99b171079a13a82e077599add88b97b96b240f22bc48151ba94da1e0ebd2357e,test
left,690156,45bc4f18f0907de11194828107bca010a0f8b5a6e80e045d0b24c41ff1cbd3ff,test
left,690319,c0edb6a9f7aee3fd92a71809daefb68b29b6309860f2bc8100e2f9da1e6acf28,test
left,690429,272c96795da2d3b181b67b6c2722a1a5e9676fc2f7a3ee91b521ea8d3fc1ced6,test
left,690531,b8d3ab43a934f4a2fff5d59a2f1a5bbc0fdc154d9250b58bd554d978462e528c,test
left,690605,e4d5a5e5d5186f0110167ae97f38851e8fa4388ca4045adb12290c936a7effb6,test
left,690782,ddff54565a55c64640bde6024ebbffafe13d13efbe03077e60a0144d31927ef9,dev
left,690837,ded72f2982cb896c54ddbf1072291f75cb5b4af6e7340bdeaf8b458ced0530e4,test
left,690890,27be95a5147162ef14b73df5e1127c341b7ffe584ae557875e5f500eb6d4a512,test
left,690950,02e01de778a59d5bf556a4012b5526c2107f8bc6711c4aac6da585ccd2a2ad67,dev
left,691046,5e17b873e82799cc9e1fe219fac45d4ab46741f9f9ce3de847b15eb2d27b5c74,dev
left,691056,b807fb355e39d1bd64bb88ca9c735326751db82a2286264cb850a2138aab8738,dev
left,691112,3f5e2d1ec4d37834d5b3779847afd173cdb10575c9f2e9b552a13e5e7abe447e,test
left,691147,bb83a33a53e18cd98ad310df309db5182e841aa953e5f382aa78bff2e2c938fb,test
left,691189,54e96807203ade3329dd45c5438ba89e0973917eeb1f34c16a449199050a89fe,dev
left,691204,0ea367b981d7cdcd8184d44163e8cb5810578d9d4f0dc1e1561dde5a98e7794b,test
left,691469,c0ffd3a21d2cf84de1f8794c47abf5332fb4da978d00e802c9b30fd445af27f2,test
left,691547,c91db0988a88829c513ad22d8474cad0c09bdb70fa42530181e59d410e44eab0,dev
left,691594,5e17b873e82799cc9e1fe219fac45d4ab46741f9f9ce3de847b15eb2d27b5c74,dev
left,691614,4446203e9a52d776cec5ea9e82ac9165766816f8a2c6cc9f4d2ca78811af39de,dev
left,691668,bb83a33a53e18cd98ad310df309db5182e841aa953e5f382aa78bff2e2c938fb,test
left,691686,06f90484303363f97961f754969e35737a8b7c9cbc91df2ce8d04976b9c43388,dev
left,691873,9b8738f32b4ef46fda3fadb41cec0b6fd6b4e22c96485de298d5ccfc25706b79,test
left,691889,84e07d6482d6dc46932cc6af2f0e16e9f6da70e170a92dbf8de02bf18b79d237,dev
left,691988,2ab6ece6d8894b1d61ada8840a8fde57eca18aa92a7dcc6ecaebd9670e7b6b43,test
left,692197,d6c82664411f18d34980e199e7cd10aec8aa72c8045e8eb703faea6bc9d52df8,dev
left,692249,722904254eb296239323dfe25d841c293e7c7f3c243bf2f000525cc699b3d150,test
left,692253,078e7f0f494b697363a1d428942b41c6fec2e14d5f2d899ec48dab5fdcd3cc4f,test
left,692270,8aaba9f368574c977d7f69f1fb06c970a7d7987352833e108983a51b9263cb6e,test
left,692271,6fe7dfa0a78b2f365b6bcb1d2fcb22b0019c3bdfeb411fb1ed657520b3fc80c0,test
left,692277,09483666039164882ae73044e2b5b29ccb5d3630636a259ba751bae4707d08ad,test
left,692464,3175273ead1b57650025745205dccb31d0f75511ca5b6436576c1eb8932574d0,test
left,692596,2821e72fe669b76c8bc766c9969bb881bea99c25a67d602003b62fb14e333a36,dev
left,692630,4951b8ae719106ca85460836977a77b2d46195e8898ac3f70ab5357d9e7c60fc,test
left,692688,5e17b873e82799cc9e1fe219fac45d4ab46741f9f9ce3de847b15eb2d27b5c74,dev
left,692750,6ca173c709449307d2fdf3b0d41251637ccf94016f5154f6718ff851456ba421,dev
left,692897,fc9f8930f8c68ff7b10a3faf203abe6b5c3445c8254badde5e16f8631fca78a8,dev
left,692904,f15044c62f8717a0ba5e4e1846f60f52529f8ca5094212fb2eb36b4c4d2e43eb,dev
left,692957,ab62beccd806ecf3859e9e573e2684b716a05e955bb993d6db1d8971e2dd8cef,dev
left,693147,e389ab1b25650aa5fb7ce8cfdd8a4f8f255ade32d162012be1b0a4c8fd17c3f6,dev
left,693199,f007edb5bfbb1b532dcb1704013bf22dc4169328d74c1f0e1629f8956af75144,test
left,693219,59d32d3b89fd1068b26f35a487944d97db734614a52eecf06acf4df987943b8b,test
left,693310,5e17b873e82799cc9e1fe219fac45d4ab46741f9f9ce3de847b15eb2d27b5c74,dev
left,693355,efe63968ebc86e8932a1b8b01d8592f36ecdab3b3a366267ce785a5445294786,test
left,693410,3059b655d59b4da68e49e3dfe4a41f374663f88f3414e01bfd0a9138018a136e,test
left,693605,bbd563468b4aa26f23917617b513711730af7d45ddd5d25123b18624395c5559,dev
left,693651,1d741f7fcb64b0efee48565e36b1d381bd438725a6d0470a0b1ee09074ef49e1,dev
left,693762,b942a79075d346ec50590f45f7a7b5021a458d2d4bf257d1429ffe3b1967ef2c,test
left,694160,0ea367b981d7cdcd8184d44163e8cb5810578d9d4f0dc1e1561dde5a98e7794b,test
left,694209,19e1a00c2a57e38fb1de0f0366f23d26c0ccf035aa3acda0fbaf702c3f74edbf,test
left,694298,46a1e4187f821de6ef1ad1836f83573ad04326d6904c9f73aa36433e64eadbdc,test
left,694311,ae3710d7a6f918215491a66dd0251fb28e36ced2d2b1df5e17a458c819880079,test
left,694375,34462fa6825eb201748ade01baf72ac016933601e17e1e38e2829ace215f0dc3,test
left,694468,47a80d6c25d3bb43c3c2b91734c280643fa17e98c019be65d9b1cf26bcfce3e5,dev
left,694641,89bf2f269c9598fb5e539ca833f1515c905e99f49c8af358d434b9a16d2d1440,dev
left,694940,a260b0825ca5e73758df276205fea5721a02e7170222c78cf5cb46a32c326c38,test
left,695123,25a677e1809bcd9d64c985077750c1d91b83278e4f00790827f94808089ba952,test
left,695261,ee5412eff3b91c2c9ce8e6aa1f6630b665d2fbf747ea816f31be98656ad58149,test
left,695372,d1bb264e703b97e5120beee19da42b60cc44bdcec1b2d2a758866c03dc96fa48,dev
left,695480,a501e4383ad2429412da5e8154849698f914a42672e7b2fdcde251f497d77ea8,test
left,6955,f007edb5bfbb1b532dcb1704013bf22dc4169328d74c1f0e1629f8956af75144,test
left,695966,07877dde94832595b665f7c2b95f4ffd6540223427299dee1b766344cbf79fe3,test
left,696198,102e93058fcf2b96b1be65356f8fe0750a30fdf509d4580d148ccc5a3cc1ab26,test
left,69635,a501e4383ad2429412da5e8154849698f914a42672e7b2fdcde251f497d77ea8,test
left,696467,ed48f4295a37818319347c61b42873e14e4b617ca64c9a4022bea5c00a6dfa85,test
left,697431,82b15ad1b5240606e3789c7a5e880bfe87a2f2093845381bfbcbf0d2e980ff3a,test
left,697655,816e8bb990ac686640f74b0279637313fcd104f0e12d1aa3b1b0687754291307,test
left,697794,7c3eeae0e927e7607a74ca10b455fee2d9beabc8450a7be5fd9cf4649c8ca79f,dev
left,697936,76b1df6a36ce91d242e6c0b3ca3415fbea224a07813177b40439dcef1a5c169d,test
left,697962,e16657ce0196674f317a065a8f9b42fb5ac2cb7b397ed6503017d086ec147692,dev
left,698143,44ada23b70c1fa2a57cc9ec98db68d62e7600193e4b841bb8cf07006cfa9a219,test
left,698202,87ce41ba55869b15be51fb6f61ec862525f8a905bfe88615d54a7a9c3c041e42,test
left,698470,3b37d5e68752fe0982f2aa106236ad18efecda71f4e8c7d2300b202d45f1950c,test
left,698518,9d7b96d2039cce695c9040d6a2f521a82728133e2a089834db262d11b03338da,test
left,698543,64450a261d6229bb70572e6376027dcaa6d82908b2f76c5a502a92d418cf335b,dev
left,698688,adf4b071e0e01373f91f00113236be6e6943b91371cdf0f6dfced954433c72bd,test
left,698720,de5e437ed1dad22cfccf7f0b4439aab42fe1611d9c675b2557c4707b1357a3ed,test
left,69875,d7fb6e30c5badb279a8bef65e2d205977e059e965b67e253f0cbb04e0fd55286,dev
left,699189,92d1111cb6285c11f164fc1dbb6e6223c7467853103b585ba2c39299fa771ced,test
left,699510,7ca076c06c1d85d3eac2de3424fa0dd985b455c08bf3cc5fc450aa91b9555171,test
left,699894,fd18c7d9c2ea6a6873723132e6f5acc6dcb34a29491d7f170b5f08db864df964,test
left,700129,abb052d451c6d2d827e7857359784db02e1caef489438a5d5de80161c75c59e5,test
left,700295,b47d8187f13409f0fc036e043a269853da87033664c1c4e522fe0d2d9c3d2cd3,dev
left,700363,1b5c4c883ab24564095c25278b5b3a0bf715674f59b44e6d0fb6b37d8866af1f,test
left,70040,6c55fec81887c1bd21d4bfdef3073c88b47c4c6bb3917066bea5fa96510830bf,dev
left,70060,6c55fec81887c1bd21d4bfdef3073c88b47c4c6bb3917066bea5fa96510830bf,dev
left,70065,6c55fec81887c1bd21d4bfdef3073c88b47c4c6bb3917066bea5fa96510830bf,dev
left,700859,73393450642d3a9db97c4407b0afa4c3d62ccb8356a59239e205214b2909c872,test
left,701162,3bca7d992ce7efc48d977cb8637679e38ab804501a9900272c038bca98a4a7fe,dev
left,701165,d4fc347b5b5e57f4081adf31803303bb84e6e814a68905ac0ff2a80c4e0b75ac,dev
left,701219,fc81c15d1b307ced6bf260b9ec93bc144108aca55421414ab4bd0ab4a21026b4,dev
left,701246,42da0adad8997c192897243e490f991be6f54e208e99e5932d3d6d208ed79366,test
left,701323,89bf2f269c9598fb5e539ca833f1515c905e99f49c8af358d434b9a16d2d1440,dev
left,701352,641a9023fcb24cefc35367bfb345b6df066527c2fa8be49a78f94220e41cbd63,test
left,701430,8a918830244b788b6c27344dc10507bd8bdd07fc32dd24d8bc9dd44c67fee044,test
left,701451,ea9cd57f1f96bad6afb1d09a43bbfbde656d35e2f08cbc3414e7bce52a6c0c4c,dev
left,701925,b9ba0fb531d90ada778740ac0aa6d93b90cb753e75369018022541e7b0f96907,test
left,701999,efe63968ebc86e8932a1b8b01d8592f36ecdab3b3a366267ce785a5445294786,test
left,702271,7f3259403a5d8f121ac03cfa1ac9c89fd6be99ed44653bb1c3fd40bc8f6468bf,test
left,70250,c7ca2d84ce357c7c9b2998c97369ff908e051463013867ce0767edc3b4d2b56c,test
left,702516,7bb482082c1b272201198fd0d1120f4a47664cdbfb7189121650b06e7888d64d,test
left,703136,d216330e21c622c789d2ed32496c233ee6701949459fd6989b57205f67e0a63b,test
left,703653,c1e62fde7c29c4f6eb224e6a32a021fbecec9b1189e982e77d9ccc7b6f8007b9,dev
left,703780,e1f6924032802975bb38c2d54e71450b173e029efd823f505e14876da8610361,test
left,70390,60b8b7d28a0b3715b42691da955de8836bc085117ab0e6567a6b60fe2b0c06e4,test
left,703931,93de51ff1b1d7a082c6b9fc2d4fe8a60502eebd58edff3198a05384d320df931,test
left,703994,3175273ead1b57650025745205dccb31d0f75511ca5b6436576c1eb8932574d0,test
left,704110,07909217233b071f0ee4b82605f359e0a47ba75da7b61b8ba546983527fecc9e,test
left,704302,5646764ae2083f53e40dd1a20d66f7dffa3f4d27249761ac7c7670286a46b453,dev
left,704369,7b325df5db8ed7bbc19f48501f341ae6a2875120a3a8b2c8815cbd1358d82d1e,test
left,704371,25a677e1809bcd9d64c985077750c1d91b83278e4f00790827f94808089ba952,test
left,704389,5535fe8ddbdd03809989e2edc89bd1f6eaff7be0d18de99096ae0567b00523e7,test
left,704559,e49337ba4d366bcd4adc4bc02d00ff8bc68f010ee0df9b71faf071a62b4d67d0,test
left,704817,dc847047f2aad88bf8b4203a44166c5c07faf21887ab0dbf0b7fd18f887acc4a,dev
left,705492,b6aefc0dda64955c712315adb1d7777e14097755bd16864f249f69921dff8cf1,test
left,70555,04afc8192199eadcd6870ddb6d1352f546fd2dbcbfe26acf1f26707108be53c8,test
left,705584,032fedb85ac155d2ee58231d47e5bc13f8253f47e8a4da065254448ae978cb4a,dev
left,70590,87f0cd789be8bd461e54fd87df391f2682305833d13a371db5ebac4cf55e5e8a,test
left,706055,d1af8d9ef18967fee7bd46fa109843f46e1068b9538a61c112985cf3a0a8dfaa,test
left,706114,25a677e1809bcd9d64c985077750c1d91b83278e4f00790827f94808089ba952,test
left,706122,7dfd45293c521315728d66398516c629444dd44f9e388b2dfc7cff9f003f430b,test
left,706245,9b96b580e778d5a4bc66274175c43a4d3547acbd92642b840097205f28cf566c,test
left,706518,adff593b127553989bfc8b7fc3414792bb877dac1b019451101ff8750616a540,test
left,706627,9b96b580e778d5a4bc66274175c43a4d3547acbd92642b840097205f28cf566c,test
left,706976,cb77b37f909141b601e85b8b6f7a329127d69125eb90a90c78931a840e70f5d6,dev
left,706997,a501e4383ad2429412da5e8154849698f914a42672e7b2fdcde251f497d77ea8,test
left,707308,4a19ec00415300d96c7d7c6be8e9780c0457a1811766e7350f976fbaa172f395,dev
left,71015,028d30d402882d5f602dc4c167c7ec18b54ad35f530e98c7ab4d28c5a5d80821,test
left,71155,b6aefc0dda64955c712315adb1d7777e14097755bd16864f249f69921dff8cf1,test
left,712051,a55c1561accf7b4c4216bb4e7a906f73355be886614fba13d7c7eb567e2d81e7,dev
left,71310,a68ad396d9b18ef928485b64e52809a1472e386e8b59919f1c49fa04affc1a07,test
left,71320,409b88e5b8689cc99eadf4820f84f449b8bc291557508b08c40fc02d838b1840,dev
left,71365,dd51de933d4e17be8e02ef34dea6c5363f080dfecda75b0f40bcee16a419f875,test
left,71420,741d53c8736f46ada620baa26db31d757a0d283ae5c43fa2a60cb06e261ca368,test
left,71440,741d53c8736f46ada620baa26db31d757a0d283ae5c43fa2a60cb06e261ca368,test
left,71450,741d53c8736f46ada620baa26db31d757a0d283ae5c43fa2a60cb06e261ca368,test
left,714725,5b7ba04a26ad3529c662ca83145c90e1c58b6b0eb2bd425cc3a52df32be1378c,dev
left,71630,ace9d7a733fd0c7dd10fa65467d26f31f56b246b3daa39711586de87299d58df,test
left,71655,d16a7109f9649b17ed6ee6fdb8e69da8a6789475b7f44c9a217de51cc94aa5ef,dev
left,71660,d16a7109f9649b17ed6ee6fdb8e69da8a6789475b7f44c9a217de51cc94aa5ef,dev
left,71670,d16a7109f9649b17ed6ee6fdb8e69da8a6789475b7f44c9a217de51cc94aa5ef,dev
left,71680,f1a2031a910f19123f6ef5df6d307e8db77fa5d89f04ef4b34d5da736cd83277,test
left,71840,78edfba3de2d3345c571065e389ac0b2ce33196c26655464e89f6f2316b71a3c,dev
left,719174,5e17b873e82799cc9e1fe219fac45d4ab46741f9f9ce3de847b15eb2d27b5c74,dev
left,72095,33981dc791a92aa1a74cd05ed0786d6096770a94086de9a9c4dbc79cd66227a4,test
left,721123,5e17b873e82799cc9e1fe219fac45d4ab46741f9f9ce3de847b15eb2d27b5c74,dev
left,72330,a31c51cc10a20a5df5631c71becfe681eddbce6770bfc8b617f335780e97f802,test
left,7235,5e6b2818f50242db894a6476da9598731508ec86ac946e0762c72f964b41c602,test
left,72520,b3e244a92d3ebd87722716b46e141d8c368b1a15773bfe3677a761f706fe2963,test
left,72605,81004c010eaa242832dcc568472450c60e158227d3fb8d075e6216dea26983cf,test
left,72680,7cab52991311d631a1d167a8c22cfee1374ec184e81eacd4e2bda52b9018ff66,test
left,72695,7cab52991311d631a1d167a8c22cfee1374ec184e81eacd4e2bda52b9018ff66,test
left,728282,254d83570f51e7228668120a5b25c5112f7bc8f94ed37384a3754b820c919a50,test
left,728585,f355c2caa336bec780076074fa88e697683f6d9fac4f9937dcdc6c83194046ea,test
left,72920,b90af9106c77c4698c021138b0af45cfaa0bc5a0da495595340c041072e9a9cd,test
left,73135,73393450642d3a9db97c4407b0afa4c3d62ccb8356a59239e205214b2909c872,test
left,732034,136b54d45a90d6d5a2adb3d99c9007643b310358d1bd267cebfb40bebc4da34b,test
left,732224,35ce206e8e758646575f946692be0b728229a96b32fae7bf59e690dbb9066e4a,test
left,73275,25bb4f9553a1c02db22dae2d0e583dd06e4f0c42ce9ff81d93a27324d055bf51,test
left,73320,de5e437ed1dad22cfccf7f0b4439aab42fe1611d9c675b2557c4707b1357a3ed,test
left,73375,e16657ce0196674f317a065a8f9b42fb5ac2cb7b397ed6503017d086ec147692,dev
left,73390,e14f4a11a53d0fcf5913ea6952dac06fb901f2e988fb5146ec7c496136d9e5cb,test
left,734405,1648141ab813b41f765bcd2cd6227d5b06811daecdbd9f98e04b514749341fbe,test
left,735,641a9023fcb24cefc35367bfb345b6df066527c2fa8be49a78f94220e41cbd63,test
left,735494,c0fd3017ad0d90a11dd702d9090f875d1c046ea927f9ac522b9440491af09dcf,test
left,73585,032fedb85ac155d2ee58231d47e5bc13f8253f47e8a4da065254448ae978cb4a,dev
left,736177,0e219386960e67d73f4a39ca7cfe0f119c7b13fb6dc24fad05e5e88993871320,test
left,73640,57ca062d31f6dbae02958f92c975594d0e769c0ef0c8004f2977bbc5f2cab4d2,test
left,73840,e82ea86c084c632d7887d62c574d56e7f0388bdc2b5c7a8629c779c872d4b775,dev
left,73860,df0369bcd80405166c52be8008112a36054852dcee88ffe9a81503af24424173,test
left,73960,fb6ff5a9da327ce5b4bff632b50cbcccbf505508bd6e9ddd25a21f5715b31565,test
left,73975,fb6ff5a9da327ce5b4bff632b50cbcccbf505508bd6e9ddd25a21f5715b31565,test
left,7400,6b35e8b2060242d06632bdeafa8e71b76dd773b850cb17ee623c225ccc712944,test
left,741142,d216330e21c622c789d2ed32496c233ee6701949459fd6989b57205f67e0a63b,test
left,741672,ac8335d2f3df03e02f652314ea500fce83202babbb441b9f60bd5b888e471195,test
left,74175,f3d475c2d066e8187e7897843751f6dac17f2990537509fdfcd5c5ac865e4eb9,dev
left,74330,851cdd7d0d682a27245a681dcb98e0dd7d4685c97d6045133773584c4f0b3ddc,test
left,745764,5e17b873e82799cc9e1fe219fac45d4ab46741f9f9ce3de847b15eb2d27b5c74,dev
left,745907,61636a792c37007d0269278aaa52df288c391a51d2e04bb789686d8448d88e8c,test
left,746107,1f1796679f39cd4e3f589a1aee3704d633aa0cdd963c51d90ecad2d1541ec2df,test
left,75495,548a528f668fff5212b49e5aae425f85f3711ba899ae070a3125354de6ca9fb0,dev
left,755604,d646868e8f786fc90074788783a244c9fde085415be05848f7afeed857d9a1b0,dev
left,755619,19d06b01a9d9e43ce3e11cc85647634715604656dbfa74753803c86aa49356eb,test
left,75575,912c84d53b8ae6da51e279d1948bc04d1a36fc57bae5189e218a38648f6f5588,test
left,756024,f355c2caa336bec780076074fa88e697683f6d9fac4f9937dcdc6c83194046ea,test
left,75645,e454fc2e2516cb77cf931a0616bba1854cf8ba93edf38335de8c0c83e5385268,test
left,757172,676c3d8e772a1aae05d31db71ac2e12d3da4f16612247c0f949f7f2f17d46c6b,test
left,758083,cce487334e7bacfc388e2972da283e66ff2950d4999029ac8f190464b332a924,test
left,758536,9c06b8ee7da34de4c4b913c41ccb03047fd6b1bfc755951ac3654a95618ea74a,test
left,75865,559e5b44506d43cde646e378458351f1269252edacfdcd0be79cd8b7e520146a,test
left,759416,9fd3dc5a4387fcd05955e820f9e397992adf834a50fb1eab19ef78dcbc5829d4,test
left,76000,3ff1d9046a4806b5afff3881d6a1ae0fc669eaeba35ae51be90bbf19ceb05f46,dev
left,76010,2f735b90e97899a0e0d99c155af3d7ef032b46649902682fcf6bb71526edf915,test
left,76015,bb6aac0e7de54c5042922f96c5054dd8fce5369f2234075d4c8bc457d521423a,test
left,76070,c3fb1e628458970348f82ff31175e71bbef1877815e5ba80c1a3159a0bf0f968,test
left,76075,bb6aac0e7de54c5042922f96c5054dd8fce5369f2234075d4c8bc457d521423a,test
left,76315,9ed0c4c033149dd37c5962599ab4ffb53b5509b04306df536d78a3145c0a18db,test
left,765217,88c4c640dfa8ae7c8d5595bc68304580b0f2b661b438a0f05e481654ca7a668b,test
left,766927,5b26caf6c34deffe7d209b91b00e79158bbd1b7fd4fa6630675160fb5ef86de2,test
left,76750,a9b82260635b571890934c7dc4621b62b5c93d1f404ffc92552e0b9712fa317b,dev
left,76760,a9b82260635b571890934c7dc4621b62b5c93d1f404ffc92552e0b9712fa317b,dev
left,76885,700d03fea0630886c4bdfaf21b02054b76e9626f26309bf50a1a70a840600884,dev
left,76975,07835048e323605b246d4ba106e46f24de0603fe0406abf55ebe3a1f1c1fe60b,test
left,76995,34462fa6825eb201748ade01baf72ac016933601e17e1e38e2829ace215f0dc3,test
left,77080,de5e437ed1dad22cfccf7f0b4439aab42fe1611d9c675b2557c4707b1357a3ed,test
left,770937,32bf57427f657ae8c813009079066a930a36c67e4ee65a3470ccee878cc05a8f,test
left,77175,8bbf13f05d256eec84aac9c2b7e38a0a46fc3fda23b1c387f82890b7ebcbf08f,dev
left,773211,a7fcc539884e69f20ce7ca8e368b27d479a7c45409ca6a3b3af1128c69acc4c8,dev
left,774108,cac2cc5fa1206c9c412eb598c59090112214c52616bb7074b23a419a849784af,test
left,77525,f991e81715f867c4fa277de082c8a638764a971d0c2798b4577022b288808d18,dev
left,77615,c6cb65166e1ab2ec53ffcce041d6ae394595aa135e1545f1407208a51a8380b1,dev
left,77640,813ae14c4b5858e06004666e806531c53b6f39626d5b9a842f35ddf13e8c2824,test
left,77875,a66c7b865ead050c21846bbf45831039a738c4d1f1cc34e5050786b1e69476e2,test
left,77985,5014bf9a8bbb3f228fc9b6840a9bc7a76d085521d774237ae9207384d7f4e163,test
left,77995,5014bf9a8bbb3f228fc9b6840a9bc7a76d085521d774237ae9207384d7f4e163,test
left,78045,306a43c8cb6716253317b731c2522d0a4fa73acd64cc4d15488810f3e36bbbda,dev
left,78080,b96f41c5b5e48aa3f43d0138c17b2568fcd51d445a34c2c27a6e9471c135403d,test
left,78090,d929d186f798aea2e96bf4932fbf182c1a05aa7de8e9460a11252319ed80944c,test
left,78150,64450a261d6229bb70572e6376027dcaa6d82908b2f76c5a502a92d418cf335b,dev
left,78155,64450a261d6229bb70572e6376027dcaa6d82908b2f76c5a502a92d418cf335b,dev
left,785,e109d01c4e58437024f36e7dd033675928d5a10ba8dd8560457c6cd745a16850,dev
left,78565,dd9341411635510e7b326ad7edb89429611b341fc7b7d4ca97aafc473c161d20,test
left,78635,c49e657ed74097ad6c3b9a9de4b732cadd7a23a20983e8f4db1da35de50c1129,test
left,78715,fcec6196db436364aece722a9ad68cb0870edb94e48c31bd8f0595d9b9b7449c,test
left,78720,fcec6196db436364aece722a9ad68cb0870edb94e48c31bd8f0595d9b9b7449c,test
left,78740,fcec6196db436364aece722a9ad68cb0870edb94e48c31bd8f0595d9b9b7449c,test
left,78805,b92b82ec1df557cec9cc75575f83693acdf6cb4f9a8b26a65e397e6e0544fb0f,test
left,78910,ada7eb2801903bc5fda043e91b3370ea8a36850c762bfa27b0562e99b618ad48,test
left,79045,46a1e4187f821de6ef1ad1836f83573ad04326d6904c9f73aa36433e64eadbdc,test
left,79075,b4d205785b1f4b721bc906f8ccbb74d55bcac16a4785e6f3bf083fa4a9da0f09,test
left,79080,b4d205785b1f4b721bc906f8ccbb74d55bcac16a4785e6f3bf083fa4a9da0f09,test
left,79575,6858141a76f291be5dc0993315d5ffc5f12ce68eaca77bd2168956e70516a17a,test
left,7960,7b32769b6499f8f36ba271dac1aaa7928cbb3f5bfb83b77c462023867613ba33,test
left,79620,eb211eb48efc69535671260ada195c618e443afc52dc79bbaf1199adeea7cc7e,dev
left,79650,62924586b851553851d01d60382a5d64a78c4abfa4d4d8eb5f1ac63dd9e567c8,dev
left,79655,62924586b851553851d01d60382a5d64a78c4abfa4d4d8eb5f1ac63dd9e567c8,dev
left,79660,62924586b851553851d01d60382a5d64a78c4abfa4d4d8eb5f1ac63dd9e567c8,dev
left,79810,078b07ee63fbea7c3b5382583a5a5b208d9c0f12236784b0d87a206e01eacc65,test
left,79845,1590e359db34e5c8382446769e4f0fefda0ed3fc3cde447497aa2f81b39c5eb9,test
left,80005,7664b93391322eec6e90e54a1800f7bfc611d3d1812e273f0ce6a65e3f63b234,dev
left,80045,443be4f57421c6e6c11a5209cb55df313706f37235b5bea310e7120e7cdeac94,test
left,80065,51d0d3dc548bb8d1fa1a3ea79b09a634656a431fc34a1f1451c2cc797d294cde,test
left,80190,d3743e185b93ac16dfbd40010c90db599d118d3224749e1047b6de296f5a7407,test
left,80220,c73236791b75fde511b368ca29bb8a9bb4a4f19858e7fcdb3700eb92c1160a2b,test
left,80435,6cd066e89ec5718ea112e7ae8bc4f02b69c9c15426cab09b823d33b629f804a3,test
left,80440,6cd066e89ec5718ea112e7ae8bc4f02b69c9c15426cab09b823d33b629f804a3,test
left,80520,2f47047571aaeb501b8f2e704e1a9aeeb87f045f1d309c7a38eee15b87631cbf,test
left,80615,dc727c077a1595c3768a4d7cce89b07e18973b66b64adf858f81c02804b23676,dev
left,80670,07e56ceff7c26f5ebaddc3ce3845761640611edc18d059e193d85dfc7836829b,test
left,80690,dc727c077a1595c3768a4d7cce89b07e18973b66b64adf858f81c02804b23676,dev
left,8075,ca0c46e0bdbf42d55b3f15879ab9314129b4c1c49c5db0dd0a038932233f7790,dev
left,80980,1209dd398a8a65253b7074966b9152cedbaf06cbba73eea8c6074117f089aee0,dev
left,81000,8978406b4d077447a50c852ee1f7dcd8ec9ac5c0a2bdf495c6f73c2593f3b3a6,dev
left,81115,d515c01140a50263db2004220389b29784e417e7e1d6d072487f806d16e5816c,test
left,81235,2982418a5dbb7ad00f518dd97edac601115901d1c6367077fe963cd3df80ec7d,dev
left,81240,7f3259403a5d8f121ac03cfa1ac9c89fd6be99ed44653bb1c3fd40bc8f6468bf,test
left,81245,7f3259403a5d8f121ac03cfa1ac9c89fd6be99ed44653bb1c3fd40bc8f6468bf,test
left,81250,7f3259403a5d8f121ac03cfa1ac9c89fd6be99ed44653bb1c3fd40bc8f6468bf,test
left,81315,1f55a45ba890604ee5b528da6fdf97b767d5aa5662400c53dcd3cbea6b57575f,test
left,81400,ad1d9d06e4fe1f04be484b85cd81bbe5963ecb3578923bb2cfbc073d90abed61,dev
left,81525,517e714bdd0f2ac1e1da22110200795b79f62ff2b81f66bb2a8b1b55c278f2f8,test
left,81530,517e714bdd0f2ac1e1da22110200795b79f62ff2b81f66bb2a8b1b55c278f2f8,test
left,81535,517e714bdd0f2ac1e1da22110200795b79f62ff2b81f66bb2a8b1b55c278f2f8,test
left,81575,1d889780a7e9e9bfccee19141a9e893557b8a8dad9a0745a4992069b0ff4ea9b,test
left,81600,a1d3f144c9a1287789ec7bd8034a11ae25b656b62107691eb7a8486423713e53,test
left,81920,d7f8630ca43ee13ecf8a1d27e8be12b69e34c77dd16db036236764fdfe4cbe3a,test
left,81975,3a70982a61256e06c001045884b29ca83c6a0631d2ef36ec1c69dc3ba2ac12e8,test
left,82190,6f652528f91036edd04239020f336cb4606636baf0750c45d31a59cb9cd45204,test
left,82205,9c9e7c4e0291bf455453414481d77dad676a597a25965102b30739d80b5b75a8,dev
left,8235,324e13a93c264be2a5ca67664e2960758c28cc9105b07ee4bbd8debcbb998401,test
left,83430,d6af4474cbcbf00129918c965fbe0bfe8f7f98670301c81ed2421c05804dd816,dev
left,83495,fbbfa9c13cc45ac0af6061c628b54f8491b332ec39bad59d9e7bd9a13aa1abc5,test
left,83585,4b95850358da42cc2d39060af86b31af3d0fd50c793dbc0479a4662686fcae26,test
left,83995,e6596e50ef4bf45d0f535875825c13be4247439bcb6795561f4b9291237902a5,test
left,84230,c7d330df689c0ede3ff42332ce0655469da89eb5f8eed7c8f97bb41a44791e14,dev
left,84235,6a39879ad1642f0cb1ed0382c0cb3b04a4c1d581480f895100c08737ffc8a81a,dev
left,84245,03baa2663c68289bb039c8cd5fa9cb4a6bbd298ace64c7f4a638b7afa512438e,test
left,84380,d32fe65eccbaee8ba2e37d1c523370a63966ec6e181a1fc8e0ff75a405b3deb6,test
left,84535,1f73cc313e4955dabcc521a220da1e4e5d23fba56d02831e1f048a2510599a27,dev
left,84570,93ab80f5686ba4b46a9872cde6f68165be7cbaf29854aae766abc24ae0ba39f3,test
left,84590,e3c8e7d73b60938ff485ee97722cb85ce56cbc8c39d9c4a809f8139ac2b3f58c,dev
left,84730,6045e92ba79a4d54b498a249dd0428c4e11208b8e203da57d08545a0db050581,test
left,84955,e88969c6de84be91bf8c7cae1528a81cda8fe6fc91d05f65f58fe2970badaa2e,test
left,85055,3a70982a61256e06c001045884b29ca83c6a0631d2ef36ec1c69dc3ba2ac12e8,test
left,8515,c317b0e1ad2d2f012bfda826b7efafe47f9d432dc4e771b9e76071d4cb12edc4,test
left,85150,e05081844b7b64b6af2ff101e3e17f7d4d86dd89fd5792a821df4da290553b9f,test
left,85220,c0182d29161ab9b8c238c91bb09d196776f14fb89bfe167a2d4d351aa2de8abd,dev
left,85445,e0892213f090c3901f96f2bd54f5d6a0e472e7fc8ad3ef6ba66b248b67b5c19e,dev
left,85640,f674bdf692f4ae29118fd5fd26f041eccd1fa1f4069fb9ab382b7768f2387459,test
left,85650,2d0b2efbb58bbcce499912ea07d190fd31c5ed6f0b660d26a6d9be3a2c812325,test
left,85685,443be4f57421c6e6c11a5209cb55df313706f37235b5bea310e7120e7cdeac94,test
left,85750,93a49c5ac1a1b94fb427dec16e2a37b352d4ebc71aefaae1e99f216b12f3f0c7,test
left,85815,d7b8de9783423e8524a70c11d186680422cc23af85790e62003c5384afc8cfdf,test
left,85825,d7b8de9783423e8524a70c11d186680422cc23af85790e62003c5384afc8cfdf,test
left,85830,d7b8de9783423e8524a70c11d186680422cc23af85790e62003c5384afc8cfdf,test
left,85835,d7b8de9783423e8524a70c11d186680422cc23af85790e62003c5384afc8cfdf,test
left,85990,ee5412eff3b91c2c9ce8e6aa1f6630b665d2fbf747ea816f31be98656ad58149,test
left,86135,ac777d0b03356685fa029ba09711542966c70c923d8ded2260dd631c09577611,test
left,86185,1ba9e3b76ad5ee9c6d130c0305172a7c206e996a0fb9c2b6931010c3ed6a63cf,test
left,86195,d11eb3ce5c784d9f7d8406ead69c3bf5f2fae0205d9bb57b97fe3773142f1449,dev
left,86830,74b56fe66cb37d0f7c41350d37c319189e57a3ca7f27009317e2ffea12d8ab04,test
left,87165,0ba2ca6e060a1a37891a0799f4c3c31a7d0812b7f18be11f2a9e9be4c30d0ea5,test
left,8730,324e13a93c264be2a5ca67664e2960758c28cc9105b07ee4bbd8debcbb998401,test
left,87355,129ba393839e2af73a31017f79ade02609c1265485229259b42c18684903fdf7,test
left,87395,13bf88d584c06628dd63266e8f08793db489de62c5799b5fb50c9dabb1feb3ff,test
left,87400,5efc07c24289c0f7e7ed4f092bdd4c23eff2b981c283b59081069b9177b234e2,test
left,87435,3f6177c34f81242503a12370e61c8a38e53d81de69d0de679e79df272895f968,test
left,87820,078e7f0f494b697363a1d428942b41c6fec2e14d5f2d899ec48dab5fdcd3cc4f,test
left,8785,9a7fccb53ab2f92b8658efa96b136023270b726c2d0f0c03c995fb9fd6d2ed7c,test
left,87900,a260b0825ca5e73758df276205fea5721a02e7170222c78cf5cb46a32c326c38,test
left,87995,88ff5ff1581514d76e712da01fbc1419921fc902e391cb2509b0a35af038ac5f,dev
left,88015,2a8f6887bb2d18ceda16e566478af9ba8d979e92076866f0f2de927aeffaac43,dev
left,88105,d3743e185b93ac16dfbd40010c90db599d118d3224749e1047b6de296f5a7407,test
left,88140,757c7c772f169b4beca64f701e4a76b9a8c078818787bcb771594ce97e44609d,dev
left,88360,d669424584a39553640d3005fd73851631999f167230d96c3fae655531c6899c,test
left,88435,1638af4614def795fabef63e9bded78717cd2c38ee2a03ce00c8f419e585c0a6,test
left,8855,f38d414dffe950d86809a996af4e1c6b91f3617de79fd38256eacd78e2dcb657,test
left,88550,7bc4f7d0278830aeb90d2023ecfb6b4bee11b9726d3a99b45464873727bbbaa8,test
left,88720,011a239cbc327bb82215712dcda107e36ed214c3d022940d25e95e1a9281a509,test
left,89105,7bb482082c1b272201198fd0d1120f4a47664cdbfb7189121650b06e7888d64d,test
left,8970,0b4a2bec1ebf88d7dd0b2be369939b14c53d52a455a2ade7ff1cd35e351e4eb4,dev
left,89760,d6618995edcfb833514df29eeaacaf022589551487813d31b3bab2f896ebb934,test
left,90075,d2f83e8338d7a933420ada5536b4e636e420e2ba0c5fd50a4cfb9fbcb743d6fa,dev
left,9030,a7561e5fa1837a52de920eb6c3b05efc83279f0d90073949288a235400b30897,test
left,90460,791dce0e44135441136e78bec11fce3cf013d11f2bd60d506c48b497d001362d,test
left,90590,baa52bef295039b7780d46095885f3e606568b2df1d2ba94a49caed0ed0ef0d4,dev
left,90660,254cd5375fc7c630cac08e75932bc6e4b471bcc1f15deaa304ce0538a3261069,test
left,90740,cd9bfb74b9e4dcb9375a208ab595f8209d56c42f1775c77d4f00399182912e14,test
left,90985,5be3314fd9413005528d8f9c1fb662330228e27c403fc20bd0985a46297fbf0f,dev
left,91120,ffcce1f9d8c8e26b9152df99f0396ebafa771d5be8613a245c416d803f8a51ec,test
left,91425,3b9f77a4b3e7050eea444591a40553b20214cc2926dfd1dba4d0ed158ca9baf1,test
left,91480,be1a2450bc3449303cc1499f9fded54cd8508676af21c75f6ae4f1839835cbd6,test
left,91540,0992be4d889d781df45df2ca30a1fd50a97845730769dfd38173ab24bd09939a,test
left,91610,39ec846e063bec4dc789386e7d945eeb390305a906bc517ffd6bdd62e9394957,test
left,91700,27be95a5147162ef14b73df5e1127c341b7ffe584ae557875e5f500eb6d4a512,test
left,92080,078b07ee63fbea7c3b5382583a5a5b208d9c0f12236784b0d87a206e01eacc65,test
left,92085,078b07ee63fbea7c3b5382583a5a5b208d9c0f12236784b0d87a206e01eacc65,test
left,92420,f5f93fbbc5c375fb95d0b19b279b36e908e3bc053e25f514910f8b2b25f12951,test
left,92425,f5f93fbbc5c375fb95d0b19b279b36e908e3bc053e25f514910f8b2b25f12951,test
left,92485,c8d537dce1b353591266fdef72616f10316689168053258fce596d82d5e44057,test
left,92535,54be72f34e46f5bce12bddc193f75b70511c67623341ecf2415dae69d8c824e9,dev
left,9260,e9a74b34e862802fe025db02c7c1561a523da446e8c1296614f943e7872733f4,test
left,92765,380524aefa4bf5c3a9f9cee5c850894563abf54a97c95d0d5e977e2b4ff78874,test
left,92770,380524aefa4bf5c3a9f9cee5c850894563abf54a97c95d0d5e977e2b4ff78874,test
left,92910,2821e72fe669b76c8bc766c9969bb881bea99c25a67d602003b62fb14e333a36,dev
left,92920,2821e72fe669b76c8bc766c9969bb881bea99c25a67d602003b62fb14e333a36,dev
left,93025,42b971f1e8fd88438ea3d785194481ef6331606b941cecba89bc7ba6f6c0b0bc,test
left,93050,42b971f1e8fd88438ea3d785194481ef6331606b941cecba89bc7ba6f6c0b0bc,test
left,93160,580b1c30c549ee859c76b9d783ffd9c1ec797b792a0db018b30a92c50e8f9f5f,test
left,93260,c76898d875691f4c66efef43a301010b6762a5e0f3d0163961ab5d6518ad99a7,dev
left,93470,f1a2031a910f19123f6ef5df6d307e8db77fa5d89f04ef4b34d5da736cd83277,test
left,93475,f1a2031a910f19123f6ef5df6d307e8db77fa5d89f04ef4b34d5da736cd83277,test
left,93700,edb37c0cf1d9a016ebd8dcfba4589ed4a7c3585c4a2805abe62d51a8bae5c0e0,dev
left,93725,306a43c8cb6716253317b731c2522d0a4fa73acd64cc4d15488810f3e36bbbda,dev
left,94045,078e7f0f494b697363a1d428942b41c6fec2e14d5f2d899ec48dab5fdcd3cc4f,test
left,94050,1f3ca953780d67b942e167a06b9113d0ba4c234591167d45cb9d523722382731,test
left,94060,078e7f0f494b697363a1d428942b41c6fec2e14d5f2d899ec48dab5fdcd3cc4f,test
left,94065,078e7f0f494b697363a1d428942b41c6fec2e14d5f2d899ec48dab5fdcd3cc4f,test
left,94335,4fa40b5323d2f472c4892dc325df612a61780ebb43e22fe11420b2f79cb714eb,test
left,94345,b9ba0fb531d90ada778740ac0aa6d93b90cb753e75369018022541e7b0f96907,test
left,94500,ec30da142357813db8bce0d6cbdf6a41e57b8d90f324cd7748fa1c5518939292,dev
left,94910,d58a8d5abef531c05e846bf337b29997b927f924c3a09b92c09242b018024470,test
left,9495,e5a730571fa2306ae3af24d29c8298089ad7c7b72c7ed9f1fbeba4138174caef,dev
left,95280,a4d9097c27eb357304ce5c9e7056ed2ccb41caa2bfe0f9fa765ae3a02875154e,test
left,95340,afcad933ad486830806b62e6691437d2ad0951845d137bc77444f83f6fa8caa0,dev
left,95355,226635d8d56972e0869459687d8fe8e23b8eb0bf4c05a0b85779d23bcf311f0a,test
left,9585,49a1a5ce15aab4d4f421d6e5fe8f800d17d2ec3d19267ceeebae9eb0a5168603,dev
left,96170,9dbcf323f0fffd29a708fab85c4f298750439f7988b376b95083566409ba0be9,test
left,96295,36514f1eaf9ef0c1b04f61c36b1e05e053e4a7bd8bfb2bdd6d946cd95024beb5,dev
left,9630,3ed6ffc4f984f40713248e30a8a61307797ce72cef8ba746d141a52ef3734280,test
left,96350,1648141ab813b41f765bcd2cd6227d5b06811daecdbd9f98e04b514749341fbe,test
left,96485,999e7e8b489f7d9e61c3a9ab7bb27fa340f20841c708236799b4703ec9e40452,test
left,96505,bb2e9057f85d455cb9fd432b7fbfa17d2745615f5c2de5764e565f99cb3012ab,test
left,96895,fde57b3952ae187403b93a84b7f383a59cbc1be3fa385fc0f9f9a11663995fec,dev
left,96915,bd55cc384a1917ccd4f5c963d38bc56f8cad4c76a09fbfc39c8442343b18777c,test
left,96995,f75d26edc3cb87d32315cc6b99ed63e559b4e9a83795fd71f1797abeb1ea48cb,test
left,97175,13010a6de602e10a8b9f15a142686396cf0f2574862f2f96b79e1d25f6f79f72,test
left,97210,17c72e1b98b026781df56e7f03d2e839dd4dc97c481d7683b875c7e20adaf697,test
left,97215,17c72e1b98b026781df56e7f03d2e839dd4dc97c481d7683b875c7e20adaf697,test
left,97235,9e4e96dc39a12364780e7167b0948fdb7f9009b0fd15dcc12e9a264c5b1aad96,dev
left,9735,e68bf53f91afc21a74b91f132976125f5ae35ed88229e7eca65abcf25d44e68d,test
left,9780,7702c70132d469c012f457c8bee7f2021a70bb136260f1ac992eab6383c0dbc2,dev
left,98120,f4b1f85293280ddf2a90e4e90565933ff4c5a980770714a2fa7610bacf57d23d,dev
left,98135,087a1fd0035d6ad901ea690f43c0f195fb18aa863253108b44dc8233b2b2a6eb,test
left,98170,c588954392c6b6c6cb3e243c4a0013c12dac3901c59f7613274ef9f34b9b9d58,dev
left,98185,ed692535137993f86710f9ee1767dbb63f796903669ee232dfb3c21740fdc80f,test
left,98200,ed692535137993f86710f9ee1767dbb63f796903669ee232dfb3c21740fdc80f,test
left,98365,01ebaa69876ba15733737b371a993f0a918c1c02bcb8149ceac25491513c42eb,test
left,98820,cb77b37f909141b601e85b8b6f7a329127d69125eb90a90c78931a840e70f5d6,dev
left,98875,e52f404986927cd18496938c7b5cfb8495ad51960297a0b1a7adb5989a95da7c,dev
left,99170,610bc51b78d928ea00c932aaac8dce499bca7a9f5b4d0a7fbdd28e84441322fe,test
left,99260,e1f6924032802975bb38c2d54e71450b173e029efd823f505e14876da8610361,test
left,99390,723603edafc77ba834dc82beff9edfa8e4a0e56750ff6dfefcee36326b26531f,dev
left,99560,415ed194ac2424bd6495bea549f5f7d61f793cd00b8bd7a4e438d6d6ef7ff094,test
left,99580,e156e26d52bd87adb9efa7bc4e2d363a4b9e4eaf965ab17a39c8fd828f1ca231,test
left,99635,5823319b10e95c28a1a9066d2f10fb7d40982edae71fb8775f7a2cbf92b2fdd8,dev
left,99690,76b803c3dae970b284a2738671f8dd7530900f078f2d1011d84d5ceb65838465,dev
left,99850,816f1e3e36f26eff8ae26c6454ab7d11b7dc8a4fbcdfc5f06033cf1e51860171,test
left,99905,13de523b246cfc15cefaace3180ccd4182c8d6e6939ec1dab23890a694c18e3b,test
left,99915,13de523b246cfc15cefaace3180ccd4182c8d6e6939ec1dab23890a694c18e3b,test
left,99940,bbbf6cdb5ee32dc7b507ffd39002d23636f1ec599c13eafd6a0f525f0735874d,dev
right,000361,ee7500a4e9612c9a483027b418884bc9f51794c99a57dfda4169fd84c8953db4,test
right,000800,24ef7bed394b52bad76e8163d3226c1a3a5b36671a836afe48ddd6d842d9f2c0,test
right,000886,0c614f2ab50150ecc94b1a25f140a97d0ae62749647c4ce579b1f4dc906c7ec2,dev
right,001007,5e6b2818f50242db894a6476da9598731508ec86ac946e0762c72f964b41c602,test
right,001015,0b4a2bec1ebf88d7dd0b2be369939b14c53d52a455a2ade7ff1cd35e351e4eb4,dev
right,001054,780f71b15a355103d08b725af1f831e3e1ec9bdba45d3fc98e295fd20f70429e,test
right,001220,6b89028916b5a83c896c85a1641d94f2e9b2e3c751a4494247381c91b076df88,dev
right,001476,f39a735ccc65e273f897ab6e2898ada0921372886a829c8d41d4b31b1708c62d,test
right,001688,f51737fa39f5ef3a2af4d494dd7b3b968a10f830c77c1b64537d8aae05489886,test
right,001723,d39c6b9e9a8ba6965c87c5b98050463288ab07308b653cce54091d496645b43a,test
right,001765,7b325df5db8ed7bbc19f48501f341ae6a2875120a3a8b2c8815cbd1358d82d1e,test
right,001907,085f64c0f7eeb90182f2827b12656966a6381aa76fadebb82708faefafff00d3,dev
right,001909,3ee1fed0c1e5e0d50d09b53f523401811b1beee16667402787b25ebd434f7346,test
right,001920,07c62b95f8a5eadff4d4d924989e2165996ed95dff14378448e8b7da32457047,dev
right,001957,adff593b127553989bfc8b7fc3414792bb877dac1b019451101ff8750616a540,test
right,002024,109309ee764f67ef267ed0267b998da2491b399caad2597ea2ca82c7c7963cf9,test
right,002440,f73bc2bc3d50636e66a607a01fdc9937507cefe7cc1679d23f5a7a91408c770d,dev
right,002824,641a9023fcb24cefc35367bfb345b6df066527c2fa8be49a78f94220e41cbd63,test
right,002904,d042686f6aa928bc5b5908844dc01a2e48742d6c0a7bc22bbc49e25b757b6680,dev
right,003387,7d09b51b595af9721116578e12cc75c72446447ecc6935fc5e0ffac9ff783e12,dev
right,003680,9789ce671dc9c37519a22ccfa05cf6f38de6e0c09524ea0fc7bee7b8f691c423,test
right,004302,644ad0043cd02fcc1697c195e5a03f3680e9912389faaefa0595dea49e01dc09,dev
right,004330,0637751e0984dd20a352bb47017072a41af68a220d9847e6e688c090a76829c4,test
right,004396,4446203e9a52d776cec5ea9e82ac9165766816f8a2c6cc9f4d2ca78811af39de,dev
right,004626,71b03415b60a1bf77ea3ff20401aa78d8c3d3e9387d646b902df4858bab48e9a,test
right,004644,808a5f26a23223b6e6513bcf60f34043ecc02b356483732809614bcc964e932c,test
right,004671,efff51d26944566ab7ee72fa1d45b6958cafc1828ca1f84e92efc0c6d8108f16,test
right,004770,b9dd1d6494a58015c170a67ff3fa20d8b25784e9a51799a42d89071e08d982b1,test
right,004816,2c77af73981a41e53436be18e406275fb1f307eae7ebd84b7d31d234e8276a2f,dev
right,004934,88c9a9005f1fa4ee820b1c4c976fca7766ecf8fdc3418d3677dac497b8ba4cdd,test
right,005041,a6599a720023e6ebaabd65de3583bb9da376edfdf68ab0b39fb09dd044c8d94d,test
right,005086,e1a907d6378141aa4b9b957d7be9b1fae1cfce189a5d8e9fb8818f1f951eda84,test
right,005113,85e611a0166da40bda3c33ac893d62552207a780934552e4fbe42a70a600a7c7,test
right,005313,2762eccc4e5bfbc37f8d555b6f7ee96dd7a58f891b315c521a4a583c2cb0c38f,dev
right,005320,f3bef337dd313294da5f45012095238734dac436fa54b474beb51575b2d202bd,dev
right,006356,c687cb0eda3fef718ce6a3d2787ee12811f47176b890476f7208040b9985e320,dev
right,00651F,7ceb47061819d8087386dd240960a21840ec8252907c06bb6bfadc8b22c11327,test
right,00753P,7b32769b6499f8f36ba271dac1aaa7928cbb3f5bfb83b77c462023867613ba33,test
right,007551,f38d414dffe950d86809a996af4e1c6b91f3617de79fd38256eacd78e2dcb657,test
right,00755N,c317b0e1ad2d2f012bfda826b7efafe47f9d432dc4e771b9e76071d4cb12edc4,test
right,007603,a7561e5fa1837a52de920eb6c3b05efc83279f0d90073949288a235400b30897,test
right,007631,e9a74b34e862802fe025db02c7c1561a523da446e8c1296614f943e7872733f4,test
right,007680,49a1a5ce15aab4d4f421d6e5fe8f800d17d2ec3d19267ceeebae9eb0a5168603,dev
right,007752,e5a730571fa2306ae3af24d29c8298089ad7c7b72c7ed9f1fbeba4138174caef,dev
right,007842,7702c70132d469c012f457c8bee7f2021a70bb136260f1ac992eab6383c0dbc2,dev
right,007903,ca0c46e0bdbf42d55b3f15879ab9314129b4c1c49c5db0dd0a038932233f7790,dev
right,007914,31e4eeafce67a551cffb90ba066d6ada6cfe3bcd8326e63c153568c72447fd90,test
right,008050,d85efcaeeffdbc259c8778b591228406f3fc20e9a50c453c9e412f6c7d8e35ff,test
right,008230,b7f1966f230656a824adb4482b6b4ccf1e7c90daf351459ef297b1ac5959e9a5,test
right,008788,46ee3707a5fa76ff2e2b59290b440e7c1ea837b47eb4e87c2a1013cdce9a7f97,test
right,009095,920fa6cca7002908a65919542a4726ce9f16ac1da1ee9241083146256dc3d66a,test
right,009122,382911f550b51c8040f8ec2a4c5fb7d8ded9a66a207f9c0efa7f06c405ebe517,test
right,009124,4fe62d8a9c4879c15a546c9c88ab24f7a77ae8b1ba3a5d8f233eb2597e463db7,test
right,009158,42da0adad8997c192897243e490f991be6f54e208e99e5932d3d6d208ed79366,test
right,009292,c621deffacff26ec140491ae661daa7c39e2d8f3a3f6a73763287bed733a982a,test
right,009446,de41022d416b1d8f3249bf2737da052ae0df1ffcd96659cbf254afa174ab4b7f,test
right,009536,8f7c569d3e4062c6fa96ae56b2d247e1152297ee8ff5b6444dabace2f21ccdc4,test
right,009644,32a81fc563ae45e3fae6c38c5d0b46a49269ecb2e65a3c240e060c92782ef34d,dev
right,010199,d407f212f6abfa035e44e167e5b05c5050f5ccc3aef8193fa04e921c94ece6b2,test
right,010202,06031cbbf221baf434913829bddcb817d3f23332ed50bcf7d618264bcdad8444,dev
right,012041,94e7244155da485776f87bdf0d845f200f6f93121d72148e88e85e78dd1d10c4,test
right,012348,d1f5f1ff794e20a1cc72f2d1538b3cecdf563098d5e9dfe8e4749240d6fa92c7,test
right,013068,15545731dd47935901cc84b8411e4be6d112e3c5a44e63038eba9c97e013eb0b,test
right,013716,8b41e50df3421703fbb31be42b4e09abd71be920a09f0a1b4be20620566993b3,dev
right,013788,87ce41ba55869b15be51fb6f61ec862525f8a905bfe88615d54a7a9c3c041e42,test
right,013880,dbb7d8b38fdd4814b3aed963bc03574032796d34e29532fc45b47836ff761c4f,test
right,013896,fd718767b1a58e55df2be3fb84fdf4b555efab8fa05e341b43e6edff7dd88b0f,dev
right,015867,cf22748b6774b37f711d49264f05f01b43343e222fa301d466e602ba042806aa,dev
right,016509,1c5d29bb4bc5fed9cc90eb3b2c650dfdac88c4efa9db1e36977341b0343c3ca3,test
right,016900,bff9e8ee08e803a5fedb71ab3d9356b60b0dd3e08054574e51bc501ba444b7e4,test
right,017634,26c2ed7b338c2857d2dba05b67051f21f81f00c9e4400402bc4198ddd2a94f63,dev
right,017753,30e4d0021241c99126ebb843da37b3626f7f61bf71fb3e0ebfd8078f3edde30d,test
right,018490,43edbf2669a270703f5afe99bc0b393d75691a3c95a4aeba79135f28a567a4c7,dev
right,018492,0901d1386fd5dfefe925a21f2db177830647436d9401937c6fa802c785080210,test
right,018773,972d5e845ae3c79e12a15638961ac46b737d764fbd56cdeac61308a6fabf36ed,dev
right,018804,984dd4b545cc3229d8d3231480a55091992a793b73d7e41b25f15092b5ce761f,test
right,019087,c356869fa825a645bee02f462ca5ea79ee6933842cde9c51d8ef49ca1ab460aa,test
right,019105,271a48ea17dd10bb810c0e4226f58ef3b731598c42c0310ba6f9f77acbd42f78,test
right,019411,4ec839ee8b3510c198cb6da76e2ffbc4721bbf6fcb8e8e4a84b962bfe95899f1,test
right,019512,3f26648bb8e02460eb7124a8e2be05e5ee23f117c8a0f946e007e0a4218307ef,test
right,019573,1a42ea876a56fe707044161ccfbab74d52bad2b695dab46142b1f813dd45cea3,test
right,019580,4a41af4bea38f9bae9d860638bd95fbda95ac0376214404d86056ffba29fadf6,test
right,019645,7225865a507ab730573ce5019ea7835c3c9808041207c6d90616ef12da2f2818,test
right,020753,6e1ed6cac2613769176ec280f89cab98f0496bff73d5edf4717fef91ff0b7378,dev
right,020903,32bf57427f657ae8c813009079066a930a36c67e4ee65a3470ccee878cc05a8f,test
right,021367,6a5b42dda06ba28e4c31422f41bb300918db5320d6f68c67e900ff507a2df106,test
right,021375,3ceb81b358ef79918c4eb4c1ef76479fa4cd51379b77b4119b1fb275bede7945,test
right,021438,9ae8c5168437b440724f2689ecc70271596b6d9d3900adacc889fddb9272b5bf,test
right,021441,ec7983090812150dda94eb49b54b8e3d7c5a20219b418a1861a7b8c08b61f17f,test
right,021690,d0b6e69e7daced8c63f7aaff9d16c63715d4354602001948c64239c47c6cb1f6,test
right,022092,dba6070b514a93e592baa2d136c5cdc5239cef744cfbde502e7e68599eb63f49,test
right,022249,596a21c871f0034c7216be2ad5f53dfbb335d9e6dd4df2c7f7daba7c916b9d89,test
right,022615,f1b58ff9b3f0ba638cc79a17f54308418bdeebd7a0bca9fab3d11bef390416a0,test
right,022771,6ad03322c2829fd63cd07ee5ae461b2b5cbcca95e5a7a4db63142c3019d138f5,dev
right,023127,25a677e1809bcd9d64c985077750c1d91b83278e4f00790827f94808089ba952,test
right,023141,abaf1ee89bbce5964cdebd31ef77f925bbd4b63b310ab3f2bbb8da65d60cb36c,test
right,023363,52f9b59f76f5753a8c38348b40285123454c814fe899f593a6e22e0f43f2bf09,test
right,023395,7849948a2195a9dcef2b3da356b5304cf33451bd2a7fe0f5fe3439d5edb5b6ac,test
right,023426,c1430558dfa5eff593311a85d2c13221d2b6c6266f66d60b315ef9e0df18dd4f,test
right,023519,981d08f8b80beb902f434a571f27fdb25e8d9da859df30484098201fca17ab6f,test
right,023551,6b36d95489542396200816dd5ad5bb9e2f6f2d2926bff26f5096b1a2406c359b,dev
right,023753,b15d55d62b0ee8296dcafcc9ab207cb985c0dc36ab618c298a517fca5a1d9ec8,test
right,023904,f652f1faf5de1d80a9f4752681aa46ebab1c8a31dc704a7851aa84906e45f7c7,test
right,023905,d11cee7e86a12ba2478543fe495188374ec2c08478acb6fcad2cffec62ff6bf7,test
right,024591,8034066aee23c888d1c0a597e514977871dd129cf44d97b51d3db596e6d781ab,dev
right,024703,b6aefc0dda64955c712315adb1d7777e14097755bd16864f249f69921dff8cf1,test
right,025105,009c7bf3b1cbedc7f17cd4a5d9f03e865b0b479f9f5f743586a7366832e33489,test
right,025321,670de0e477d879bd68edd23171ce8bec88deb11f76af21d7cd293489b95f8517,test
right,025816,e454fc2e2516cb77cf931a0616bba1854cf8ba93edf38335de8c0c83e5385268,test
right,026042,1e8ad92d0dc38331d1f36690f06a08d2eb93be89b7ea8aadfc83a5ce8a4794b0,test
right,026087,86f97930582614e216a4054cd94c73a48a15928c376943a35342bfeedc35c2a7,dev
right,026351,710e79ed96cdc9f2ddc931a19056260db30b439f2cc2a92b1ada65ff09f22801,test
right,026375,618d487849106a2b6eaba43d5eb8053019ba5170e957cac9409de03fed282903,test
right,026609,b90af9106c77c4698c021138b0af45cfaa0bc5a0da495595340c041072e9a9cd,test
right,026681,90b6867ea9da2695f3b4e1e8b5d8d39980aff86a51c185f8a557c0af806a8f74,test
right,027284,e57b3da41808c43035a924aebb8c064aadbd44e958b98cb95010bf0aceca2eeb,test
right,027339,6b6f1aeb6e72a82406173011d5870c927a30f200c721a7a800e12ec79ac7d94b,test
right,027525,f2040800d48fb19c3ff0164f35d0846f6002c22e2fb8eaf14f10fdfff551a5fb,test
right,027627,a1cf57a4eb901bf1c8b74217bc6f3a6c4f2e24c856d4d625a1b6a6406856a06a,test
right,027902,ba7af0c34eeb276860aae308983866c12cef329f499af65c40916a8f1a2381b7,test
right,029069,35e2860519657c1ffa1a0f14b76e3287d20c5f9798cbb0202f795fb12f813514,test
right,029357,8ae55a14760cf2c775c4265aad2fc0b5f1bd53ae9775d46f150783ef07fe93cc,test
right,029429,df187e14d55238e1c6a3043b1c599c03efacb3f2024d9f333ae4a4e3ebacde6b,dev
right,029465,391250155159c2f6352132684bcd32fbc44ba7c6f4a2332c03a9fb8278ad1ed7,test
right,029685,a48229fef5f53e1902c10b99f3b18ef4811b9b38622427cf0e8351249f8a2e11,test
right,029717,2509253d360991ded0e304aa48c0b53542d0a0df16bb98fb24722e330558d113,test
right,030087,285acea9af1377d2497093ca7574f9be22206d4021aed48f19bdb286d48f278e,dev
right,030141,86fdf473c9a10d5cff21e594ca2a02e875d1c7515dfee40820111a06549844f7,test
right,030710,19fe41859261d329fddd2039d8f06f7d3ecf4e615c584ebd16735a748ab02cdc,dev
right,031105,c2ec65d8523f7549452341eabc32be8b2bbeb92f2b263dc73c596e5b157a8ce0,test
right,031162,41d7b63c50805f9fd168decab518341ab490cd44019e15ef9398c6ff2d04711d,test
right,031517,2f011c8d4bad2d2f1988f128629fa240a87e1c68597748042b8d12fba7041ed1,test
right,031897,cd9bfb74b9e4dcb9375a208ab595f8209d56c42f1775c77d4f00399182912e14,test
right,031904,4efd13dc9ee434d436fe4c830a6615b5eae04eab6095661fee97eedb86c77af1,test
right,031905,8955f8b3cb599c3e2c54ef8a3681cb69652dac070a8c0b15fc5da9d81f96168f,test
right,032009,6c276a0fe80764d5ab1cb6d621c1bf570ea914e874da851b07b8fa11066496af,test
right,032037,33fe5e3c79cde0871ed699f37ed05294f57731c91dd68b6375de5e7e6a2f1068,test
right,032087,84428d946812a9057c3bba4e382633305220504fc37b4a7b142d6aee0fe7af26,dev
right,032094,68b9b5f5c05124090a27d2fd1da367b61f610bcb8ed66aca42736c813f49aaea,dev
right,032177,ae3710d7a6f918215491a66dd0251fb28e36ced2d2b1df5e17a458c819880079,test
right,032339,9a18f69084313c98bd5b60e4838dc9f8500d76628257186bb19a28bf4de3bd4e,test
right,032375,225cfa9251b3f07de6cc97bb3cba9ba6fdd3affaf41a2eb2f4b5a33e11d3a680,test
right,032393,db489c19a213a64f423709c9dca1a335fa6b52bedbf0da38a64cb5fd19d3d112,dev
right,032519,24297b5a396f5c5eee039d40f1dd19d05d526dd72f4238fcefae57cc64787a84,test
right,032654,5bded8b418d55ae96a329e9ae9d8ffe03950ad705980dbd82a5fba360a2a2871,test
right,032657,1aa5c0dd68b79016f796d66e9d18574f4e4df6efd3e0bd912788970bb56b91d6,test
right,032744,9557a6debeb636b3253748597527673620c1ec0bd704f322d0f0b3db5909eb2b,test
right,033033,4999b0d598ac379b28ecaf8ec25f52c83f457e6bdea9798f31574fc7b0ecbc9f,test
right,033047,08e0b3d783ecabdf5cb399f4fd39619b06c1b2702fc7fa5997796f8b1a0c7768,test
right,033609,f008e1ef36b054c6ce3cf19f92d8f0e213371787f37a223520f556a6258fd418,dev
right,033849,4149573901875bfbf536c238d59c37f669f703436716e6763df1feb374bfb2a0,test
right,034042,323ea43275e8c2467a02656d65b8767777918ec8c692ffdb6382a8c86f31bd9f,test
right,034046,7714db745bd67005d7110625859ee021bcc85d8e53f4cf3fe868d026a306d726,test
right,034270,5bc6bf414d42e7bf716e4d8d6590bb3e349067f0b3076e6fdc656df6b3ce5821,test
right,034425,9e5811e127eee2b04573d9daf9e544b683ed0989f25f54c6ecf523a97c5c88c2,dev
right,034528,0a36d035b433f50c86cdc8984afb1be6cee9a11bec58a17cbf32049c8ca1d894,dev
right,03462H,7d8ee4be9efa3ad2f3f670194e35c5d3cb2d779aacfb26a3354df3c45ef020c5,test
right,034663,b43d699791c7b044bbfb1c89c7fbec8236edb419813de6ed3aac09705bec5b87,test
right,035229,8e80e44b57ce79c18ca69c6d2d01b2b2973c2b3ead5d76bed20a394c1eaaeb7f,test
right,035310,d6eb4d92960de20efa370dcd17c23f98968fbf8f07263ac9fd45da9ffd8b263c,test
right,036627,82d7ee19c1b1ccfa9cdc2dcf4a17091a83a46999b32a54e3add5f8963923f627,test
right,036798,1ad6e0a3be43c9a5a149295c3a51a760c46df5a93cd8e47c1fceafd7206e73c6,test
right,037833,abb052d451c6d2d827e7857359784db02e1caef489438a5d5de80161c75c59e5,test
right,037904,eb55d3eedc99d101cc1b0673215ef025781b4e86ddc1a78163e8ab8de826528d,test
right,037906,d929d186f798aea2e96bf4932fbf182c1a05aa7de8e9460a11252319ed80944c,test
right,038186,7d3cc5f22dbcfb3fce8433a279ff322eb9858f860a279375c2c5fc505d8a981e,test
right,038213,5ccf639c6630e03b3baacbe7142008d1126570f147e633555ed8ed265c4ba369,test
right,038225,ab7c1c88668cc54975edb551cf42f1e920f89649868c2d5e294a1f1416af5615,dev
right,038239,bbae9cb76d45bd7ab833fe13f1faf0258a16c7c217aa3a75e20029fbcb42138a,test
right,039483,469ac897682eb5fafaaa42629174cbb333067618dc3c14d2f7c21b5676d35e85,dev
right,039575,699d76e650e8468a8adc73c1cf1b76ef66eb64c1468cb812480260f8be58e5b7,test
right,039762,5f7b60783b1289cb4a20d00d0a49ba99638b9efb28f7bbe5c098df6945fa4942,test
right,040422,7ec4660babffbba5b6539c10f389beec839e8fdd2ae99ffec14e507c0e6cc81c,test
right,040790,a9768cecd6d01287864ec06ebddcbc8505eff10727433a84b8524879aede1b82,dev
right,041335,280fd74881220977fbaec5408444ea7b9421d89027e760e3fe8b4c71bc3fb19e,dev
right,042078,24090e01b61516250ea7e377241e73e903322b094e2de55c3bdb77c67701e2c4,dev
right,042083,8fc269c518b0500a3b0535e1830fb0fb1ba2a0d457512704002ce190cb924221,test
right,042167,b6ae30a530a53b287ffbafd14b114cb3ba524b4dca4c9a5ca8a07a86b937dc8f,test
right,042170,c39fc5e481c3cd18085316e7445c88e160fc673fec4fcdc613b6fac8054939ae,test
right,042231,8e028838ba69c88b026ad09be33c42bc2781d9767e773418fa17fbfeca7c78dd,test
right,042303,368ef2d7a6b46705e85601e4d99003199214e17099c5fa8421b7be4136ce9af0,test
right,042476,e52f404986927cd18496938c7b5cfb8495ad51960297a0b1a7adb5989a95da7c,dev
right,042478,411e7b1b72d0e57bcff2fb50be9b1b6b2d4ee635769c42ad3e83e5bae07bcee6,test
right,042627,8784a3cb91fad81822091ec69b573ee3dd5fa154948d2d4ca8f8c012648bd1c2,test
right,042735,3bca7d992ce7efc48d977cb8637679e38ab804501a9900272c038bca98a4a7fe,dev
right,042753,fef2c0a22bd93db4594c1a2f58de937ac619cce87e6cfb751e478edada6b9d50,test
right,043147,cafa029e7f0f2fa8288af6d04fd01f46071a324b840fafc815cd586dca43ef1c,dev
right,043177,e50ee5d62c626479880c88988748d77b98e060f0593c083cd6eac44710b027bd,test
right,043339,3a70982a61256e06c001045884b29ca83c6a0631d2ef36ec1c69dc3ba2ac12e8,test
right,043413,7d9cb6d90c07bae373258d0ab9dcf5e403c3701a2a03429b8456470d5b568b4c,dev
right,044539,27be95a5147162ef14b73df5e1127c341b7ffe584ae557875e5f500eb6d4a512,test
right,044540,c507b8a4d43aa6be10af2cdfc92116fede0b3a63ac20e7ced1f20c230dae9980,test
right,045237,a0eb6241b4498ebf0a978ebb180f798e2a90c1e25c38895d8801240121eebb42,test
right,046224,03e87f414b90e103e8f253f76d17c4e67077004662201674b4a20a4d98756686,test
right,04638F,27e294590dc6503bd7fc4f064a0b9f8fa0ba8359c324184a6fd5dc9afd4790bd,dev
right,046495,aa6950c0aa3122cf18dcc76687c44e7de9c89bdf9d8af540be7f8023b02d3ed2,test
right,046515,ab05be48db39d8ef9e93007802d7d78667560c67960423100826084ccf6dd343,test
right,046787,a737caab9549624c6f1dbd7d36edd6fa20e6635f6f61bd7c33c7468515279b11,test
right,047465,61457c3ae0b2afebffebf030181c18b0b09bb8b399fd1a714c8961efa1ee4142,dev
right,047483,176dd1ae72e662272e4f799f112171e58b5fbae8f3e6cfd36f6546c0cfdd40f5,test
right,048816,ebede6541150c9598354fc0e6f98b5d6a60d4d4dd5021082de1c70931d38d52d,test
right,048825,5f94b7c21bea645c8fb85dfaea441d1b818f6e0a88f3064e3859cf7e49002498,test
right,049267,c7300a81800d2fb0f921c8ed4930ecdc91a342560cb23c417f489285de48f97a,test
right,050753,d2b795145d5ef870f654333a76abcc58eb0bd5d989ad58f911f3811ea7c88f27,test
right,051042,07835048e323605b246d4ba106e46f24de0603fe0406abf55ebe3a1f1c1fe60b,test
right,052115,98642b3c61adb6393b7839ed0c65707d14853d558845462954c6e15a5f44d9b5,dev
right,052754,5fd4b05b620a6b3ec12605e57915413b81335602692a5a78f259bf96da008d23,dev
right,052760,fc7c4b56f2a0197e196bbb5fa90158948e299c2188062eae7d8008be635c4174,test
right,052807,df998025fea090591109052155acd8a1a3a03a407c82d815221d4bb4848feb89,dev
right,052887,93647b00db1c570f6b023372dea58528c3d546eed94a7ad78fb843d4ffafdd61,test
right,053186,114742d65f67f265680d1b5c1b6ac84b856ffd0fc27640ea7f0ef5e1421a8030,test
right,053213,42cfdf0ddd9832d84f62e0e032b8b456da3e9ed7d631be0267ef9bf8cdeb0970,test
right,053271,4ea9c87a446f72526ed1e55dda189b4450921929235300806e99d0dd6be60e60,test
right,053323,bad10f4f57434579794b350de20d099b38c9d806b8350c50485e5382c7d6f427,test
right,053326,76a686822a9d6b29958f3d9984a621161b13a9aea249046bb1a7061d96190122,test
right,053492,3f555fa33087c0b9d59777cdbc95ad2cdfab973a2f576ed28d46a02946bde336,test
right,053501,ce83454a1ab919775742870eda180f1b0bf36c9ef6d82d28936279592c982d88,dev
right,053611,73a17c14bebf120e7aafdcd5c774cede066e0550775904d968bed03174f743a8,test
right,053807,c9d50a236103a239b809429c2e2b3b57eb486ee5fd7f1f1636148edd720fea25,dev
right,054303,933dea37d9eb816a853bc64ce91a43ce2b698de2282a7f0a14acfb34a921b455,test
right,054350,3cad7f663da2326cae1a155a5445c256f117c46e38d7f3cad783b43136a42d83,test
right,054393,88c4c640dfa8ae7c8d5595bc68304580b0f2b661b438a0f05e481654ca7a668b,test
right,054595,35c104844b658b7a0cff003ec791095b13eabb4c325d1f47dac6191a4ca55589,test
right,054681,984c9083dc1f3280226024fd8273bd3a0996804ba5f797408892738482b99fe5,test
right,054825,a5be325d2fd807a9d5f9fb3fba07a3e4c4a3a9cd49e69e31c750df1cc3413551,test
right,05538E,26fff13f7534940041cd460623f73aeb20f8f604fbbf2aa5dce67d5c57f8cfe4,test
right,055607,6858141a76f291be5dc0993315d5ffc5f12ce68eaca77bd2168956e70516a17a,test
right,055625,73393450642d3a9db97c4407b0afa4c3d62ccb8356a59239e205214b2909c872,test
right,055662,b4d205785b1f4b721bc906f8ccbb74d55bcac16a4785e6f3bf083fa4a9da0f09,test
right,055911,851cdd7d0d682a27245a681dcb98e0dd7d4685c97d6045133773584c4f0b3ddc,test
right,056147,b389661d27fee353277134398c1045d81a26b7a4e553e6ca74328c56082a89fb,dev
right,056525,551bf4fe3f7ef8234b1ce8cc706c25ee4e8597c7ab097d5175aa89b806a77a77,dev
right,057068,fc07f553d62706d51444bc0cb62a8be1183456d8e035af0c8cde593c3e645442,test
right,057224,e1f6924032802975bb38c2d54e71450b173e029efd823f505e14876da8610361,test
right,057741,a55c1561accf7b4c4216bb4e7a906f73355be886614fba13d7c7eb567e2d81e7,dev
right,058246,ac8335d2f3df03e02f652314ea500fce83202babbb441b9f60bd5b888e471195,test
right,058264,c3347f54ecd94861d1f69171f4407ad5fb4262a29b2fc54efc46dc097d0a3e9c,test
right,058498,5f7d73c4c6a6b9db835138dd94f3a59683469153dfbfcd0576eb0ca096886922,dev
right,058566,3f7f6613b267360c69abf0db30dc5f1463535aa3451752cf11cceb29b48def8c,test
right,058822,231b1016d452b47dfbe20dd65af4f85227bcc341d082ed93e3c05864ebb2288f,test
right,059442,8129973ff477f93b1013912e87e60ce0df08179bfdb1135e794c35e9b69de3e6,dev
right,059685,31a34fbb4dd0eb5ddd3ca62f7e366ecacac35640c761c68cbf2b072aa79165c4,dev
right,059784,d114b85367255b039ef83f3a377eaf4e59f16585b09ed4112eebbdde23cd4316,test
right,059815,b62b28c57c91430225edf0b528399cc6dc6f7e1856931f2c6509caa5308c667a,test
right,060221,bb08fc8a88a7c202d60e24efa6a697385a59a0522c435cdf59ceaaf6c375124e,test
right,060716,2e05a599bd579a8c97316e746b83d9c7355b9e89a76f236a1baf25d017ba0af7,test
right,064057,99dc1f8d4ed0b5f44498d60338855935deaaa76503bcc4b0ad13bfaf91f56186,dev
right,066050,67d342d6b8883e481f21310267b075f6506f786de7b849036512305d961f5d17,test
right,066365,ece3d239d6d6ea2f716fc866f0382e3f90d57db5e548725c874e4e7dc2eb0a96,test
right,066545,540998bd6428578c8abfb93236d505caeff64d023f32feb6db508244687aa3d9,test
right,067131,d8884b642a1eaea0c3b08587e33e6f5cefcb691f16a7a612bd30189d499cdbdd,dev
right,067383,c4a6c1d1430c73b1f0598cdc03e3372e026d6cc960ed3f80873ad972b2f4c091,test
right,067419,6f7089d660af9abe8ee7552c9ca0cf1c0db0d297bc0e996cddfe61a8b9f5bc6b,dev
right,067797,d92525833c9e7e819f550845d42d9be9721cc1876941052dfe26711d1f8366a4,test
right,067806,bd47ae3b3849b2e0b38db74ebed4d606e803b821655358c8cd955187eb7cc269,test
right,068281,7dd689c4b958a1701bd29dc653cc89a86ef6af16071eeef9f45a8d1f7c6feef1,dev
right,068306,5cdf4b970eb6e326dbff053956af12001a6164464d890040a9a37baaec4f5527,test
right,068798,1ffe1dc4184a8593550ae40d0c3739ba02badb30e43ef6fd882c034684b0569a,dev
right,068887,fc9f8930f8c68ff7b10a3faf203abe6b5c3445c8254badde5e16f8631fca78a8,dev
right,069567,87f6cd6f0a9d481ee6325ddf72b05bf318e3eeb8c4c473b374b3181364ec266f,test
right,069779,0a39bad6a8878728dc1a7ef9277cd412c7f5dcbd482d5390b62cc50b31e88cf1,test
right,069869,266816746351f97e58c0d7cdad85007efaaa0acb167411e9806686ddfed66d71,test
right,070121,df67817ab025c8db7253966389ee2ca5986b6bf0bd140547111aeff2559e0f01,dev
right,070284,356069d111880323d06ff8222b9cc903f66152769ba8172a0be117236f48b2ae,test
right,071707,cb77b37f909141b601e85b8b6f7a329127d69125eb90a90c78931a840e70f5d6,dev
right,071813,03083688b95e4340052f361537ded897df0ba682d7dd4be803d69780a15d07b3,dev
right,072869,1eed67194c614d70cd07e821c3d8ad767220bd114e1b71bb29a7aeac8b60c3b7,test
right,074077,33f318524d390160000904e01f3ca3622e53681252cac144f3e7e61c2cef90ca,test
right,075815,ae73afd7ff9fe55d44759828a6b225d9e188fa3e081bd393ac0ecb099d4b7ef8,test
right,075816,ae73afd7ff9fe55d44759828a6b225d9e188fa3e081bd393ac0ecb099d4b7ef8,test
right,075873,26e71e534c358d5964e0335065a36983cb05e9842fce71e862288fd99215f06c,test
right,075887,71266469fe56ed0b680401b5bde0c4c345034e41867ca1016f06354c5e8252a6,test
right,076635,b0ae58cfcd0468146903022c0dc18e2e7a4a67441159910e028227018a1ca7ab,test
right,077022,18da004d3429fb6432e591540d0b227b02c6fc2f18f7404883469357a9f775a2,test
right,077266,7029272276dfd7beb167f9a900538f89266631480a07bdec6d2ec5b9776ba734,dev
right,077347,82051f75697adb558f1308a0276d2ffb95a921db6fdf13638138a8d3aff0b053,dev
right,077455,af46f6b9dbbdc592b7ff8c26eab3df0fba9ac1e12f36d88eb78c4cc3ac745d4d,test
right,077491,cd55a6730c5084f896457aa17a1fa53a566e5409c6f3ed23c03b86cdc3d0726e,dev
right,077851,29569e8ad9167185991ecb5020d0aa29f68d586a771e929f5a974d3e28bb64e7,dev
right,077852,409c10c849d9099a5ac7b56fb2840587fd8da1a613fd89d8424168506f70bfab,test
right,079860,7f21e1ad90a26eb940d81b3f40aaa8ff417508ed21d1cab0c4db07600d6b00a7,dev
right,081437,a59b4e64d9273684db005d757c3a9563bd3d32efaa11335e45ab216f45414188,test
right,081689,b375184142c4bfb8afff80afa3e0ff9254df8e13333bd8ec84cfe3f8973e39ee,test
right,081721,30cd4914592525d9591b7f2fb6f1d6422f8b150ad36f89df9b589a33356bea8d,test
right,082647,227ba673815c19868041428091471965e1b1b9d9e71cdcd55a7fa645e1e7536c,test
right,084095,075a079a746b9480e17d365496b62f5e10900f9c2f2a2b710427ed26db026d3e,dev
right,084419,0b33f174d4ae6eee1dcec91903feb69789026c851916a9529b870957c227b02a,dev
right,084500,bc2c5b1fa144c7579ffaed2b892a9821881f5bf884b0156cd8e0f00d3d7b9fac,test
right,084670,ced6cd080632118258a00502ed0d7fe3011f354b0c26794123dfce3864c20604,test
right,085581,71a7475dd9003e40cadfff6f577d8ae33d68fa4c673df0e2d7d3aa2734594552,test
right,085815,a394f05ee80eedf6e30dd6b87e3f862d0e7d5ea49a6a73c93ec8e1b76ad5ec98,test
right,086530,768dd538f24831e36e102f6611ceed91ecb1a6143e07fdfa73f67c34e0756ef1,test
right,087257,63fa31e030dc3ab919664a1eaaf013f257c81ba055744a4b8cee49477b712049,dev
right,087509,d58c09f458e79006019caaba73279a29dba5cb8d27b55c4677da08595532c7fe,test
right,087779,17ee45714e4886376845c2e25f1a3aeba318ed3667da54cc71f9a28cf105db0b,test
right,088665,1fb4674521e0c30514fbd288898484916dda98b4878fc98f644b4af8fa353216,test
right,088734,2acea696b98592e0f2b6e51b0da1faf739a4ddde5a365d5d19b1ce312cf90ebe,test
right,089131,58f738f3b0edf5d526bd327775d7a2d04e3c1f29fe29a81a88792ea82aab235f,test
right,089671,b3e244a92d3ebd87722716b46e141d8c368b1a15773bfe3677a761f706fe2963,test
right,090527,2e55961ab131d0d4f6ffcfdae3769a6eec7e72eb5ece38dbe921bd9968c402ea,test
right,090545,2165a5211ae52882fb3b7db287debfdea86e60ea95efc9bf674e4b1893cd40f5,test
right,090569,074f83084eef3df6687f34ebddef64bc266a9b06a37f1ad1f21e3537956b6136,test
right,090572,02ba05210e8a29220b7460f34372912cf5febaee5bc249c08d23a5a3392722e8,dev
right,090587,dfc4a1df00649fdd11f2688c9abc94338e65ac3b299658f1e2a252e4eec5ae49,test
right,090597,f6d7833bacbb533a25a40175980c9cb8544f8463f30830968ef18ea1862c8c68,dev
right,090613,27f8f6aed4688dfa861a543579e7e9510c1e1f8e6ad286ac78c2de4ff29925cc,dev
right,09066T,73f974d178f71f663af4984beac2d42f1df483bde8c26c90bee76d6841fc25b5,test
right,090763,623fb48f99185b529751d8cfc6dc0343503c124fcfdb313f53b2abadcac6db1b,test
right,090775,304fcb2295d18887b0411d69305c7e7d0afb1024a43dd8b9ff4f73391f4701d2,dev
right,090905,af43ce7bcef0dd3cded105637b8d66358ae6c58deb9528c0d04b8493f9893db3,dev
right,090915,1f840824097517a96542abfca98d0e3bd7e74b4ed4fb7788260723b240565b08,test
right,091311,9f2585d3c4f111cffa8bc66261a286f970a71fc29015450056192f44a7d8cb33,test
right,091797,bc3aca3b2afe6f677a3c583846ab90ef956d7b4f304e75cb956e1473976cb771,test
right,093437,faee90c2918b2c584ffa84febb8ddcda295bd2bb101f5b15923bfd6ebbfb4031,test
right,093532,484ac173dc47fdcdd3d1b2ed8359e7b89d0a5f1745fee41a167c91cf6f62741f,dev
right,093644,c0a507fd2fd68fc0c2be9b797f2378f26efaee0b119185f9173131399e9f0f62,dev
right,093653,489d32028c180e978b844a9d333fc0d4a2551b229ceeed6a6fae991e03ea8bce,dev
right,095173,c4331368388ac7c997fe7e4180a6803269a82068ec02daf4706e7a34b1ade8ef,test
right,095293,3416bd2397c649cbc2082c107a043ef9b214f3f2062c61773d23f6707d9c79c7,test
right,095329,66dd93d6a6ce9340176abf930791a8ac7ea23729c7e8d954b7ca9c9e98b72021,test
right,096891,d7fb6e30c5badb279a8bef65e2d205977e059e965b67e253f0cbb04e0fd55286,dev
right,097023,6c55fec81887c1bd21d4bfdef3073c88b47c4c6bb3917066bea5fa96510830bf,dev
right,097329,c7ca2d84ce357c7c9b2998c97369ff908e051463013867ce0767edc3b4d2b56c,test
right,097383,60b8b7d28a0b3715b42691da955de8836bc085117ab0e6567a6b60fe2b0c06e4,test
right,097689,04afc8192199eadcd6870ddb6d1352f546fd2dbcbfe26acf1f26707108be53c8,test
right,097698,87f0cd789be8bd461e54fd87df391f2682305833d13a371db5ebac4cf55e5e8a,test
right,099410,a68ad396d9b18ef928485b64e52809a1472e386e8b59919f1c49fa04affc1a07,test
right,099419,409b88e5b8689cc99eadf4820f84f449b8bc291557508b08c40fc02d838b1840,dev
right,099500,dd51de933d4e17be8e02ef34dea6c5363f080dfecda75b0f40bcee16a419f875,test
right,099599,741d53c8736f46ada620baa26db31d757a0d283ae5c43fa2a60cb06e261ca368,test
right,099724,ace9d7a733fd0c7dd10fa65467d26f31f56b246b3daa39711586de87299d58df,test
right,099725,d16a7109f9649b17ed6ee6fdb8e69da8a6789475b7f44c9a217de51cc94aa5ef,dev
right,101137,33981dc791a92aa1a74cd05ed0786d6096770a94086de9a9c4dbc79cd66227a4,test
right,102097,a31c51cc10a20a5df5631c71becfe681eddbce6770bfc8b617f335780e97f802,test
right,102590,81004c010eaa242832dcc568472450c60e158227d3fb8d075e6216dea26983cf,test
right,103025,7cab52991311d631a1d167a8c22cfee1374ec184e81eacd4e2bda52b9018ff66,test
right,104079,25bb4f9553a1c02db22dae2d0e583dd06e4f0c42ce9ff81d93a27324d055bf51,test
right,104674,66e8d3309be5ee1aae16c650bf2a1c5f038fc98cb027a0b5188ee14079d1805a,dev
right,105655,f3d475c2d066e8187e7897843751f6dac17f2990537509fdfcd5c5ac865e4eb9,dev
right,107061,612c889b2f8d2096f068f58beb5ba37df47854175d17c7faad89888b4daa7c49,test
right,108763,548a528f668fff5212b49e5aae425f85f3711ba899ae070a3125354de6ca9fb0,dev
right,109043,912c84d53b8ae6da51e279d1948bc04d1a36fc57bae5189e218a38648f6f5588,test
right,109701,559e5b44506d43cde646e378458351f1269252edacfdcd0be79cd8b7e520146a,test
right,109799,3ff1d9046a4806b5afff3881d6a1ae0fc669eaeba35ae51be90bbf19ceb05f46,dev
right,109880,bb6aac0e7de54c5042922f96c5054dd8fce5369f2234075d4c8bc457d521423a,test
right,110122,c3fb1e628458970348f82ff31175e71bbef1877815e5ba80c1a3159a0bf0f968,test
right,110511,9ed0c4c033149dd37c5962599ab4ffb53b5509b04306df536d78a3145c0a18db,test
right,111015,a9b82260635b571890934c7dc4621b62b5c93d1f404ffc92552e0b9712fa317b,dev
right,111853,8bbf13f05d256eec84aac9c2b7e38a0a46fc3fda23b1c387f82890b7ebcbf08f,dev
right,114331,c6cb65166e1ab2ec53ffcce041d6ae394595aa135e1545f1407208a51a8380b1,dev
right,114577,813ae14c4b5858e06004666e806531c53b6f39626d5b9a842f35ddf13e8c2824,test
right,115331,a66c7b865ead050c21846bbf45831039a738c4d1f1cc34e5050786b1e69476e2,test
right,115637,d90c42b4566da919dd39d45d33d5a20f1034a8a6f9019d23aadd834eb86bf4bb,test
right,115657,5014bf9a8bbb3f228fc9b6840a9bc7a76d085521d774237ae9207384d7f4e163,test
right,115885,306a43c8cb6716253317b731c2522d0a4fa73acd64cc4d15488810f3e36bbbda,dev
right,117043,fcec6196db436364aece722a9ad68cb0870edb94e48c31bd8f0595d9b9b7449c,test
right,117421,b92b82ec1df557cec9cc75575f83693acdf6cb4f9a8b26a65e397e6e0544fb0f,test
right,118025,1fc93d98cb2985cbf7cc2443d157ac516f0112bc9ea785a66c289d6b3f8cb273,test
right,118169,eb211eb48efc69535671260ada195c618e443afc52dc79bbaf1199adeea7cc7e,dev
right,118374,62924586b851553851d01d60382a5d64a78c4abfa4d4d8eb5f1ac63dd9e567c8,dev
right,118835,1590e359db34e5c8382446769e4f0fefda0ed3fc3cde447497aa2f81b39c5eb9,test
right,119061,7664b93391322eec6e90e54a1800f7bfc611d3d1812e273f0ce6a65e3f63b234,dev
right,119529,51d0d3dc548bb8d1fa1a3ea79b09a634656a431fc34a1f1451c2cc797d294cde,test
right,119885,e15d190a667a45bdaa3adfbdba54f0770f9ae7c151228f4b24e4ba8b8b443343,test
right,120085,c73236791b75fde511b368ca29bb8a9bb4a4f19858e7fcdb3700eb92c1160a2b,test
right,120457,2f47047571aaeb501b8f2e704e1a9aeeb87f045f1d309c7a38eee15b87631cbf,test
right,120547,dc727c077a1595c3768a4d7cce89b07e18973b66b64adf858f81c02804b23676,dev
right,120655,07e56ceff7c26f5ebaddc3ce3845761640611edc18d059e193d85dfc7836829b,test
right,121232,8978406b4d077447a50c852ee1f7dcd8ec9ac5c0a2bdf495c6f73c2593f3b3a6,dev
right,121362,d515c01140a50263db2004220389b29784e417e7e1d6d072487f806d16e5816c,test
right,121691,2982418a5dbb7ad00f518dd97edac601115901d1c6367077fe963cd3df80ec7d,dev
right,121899,7f3259403a5d8f121ac03cfa1ac9c89fd6be99ed44653bb1c3fd40bc8f6468bf,test
right,122205,1f55a45ba890604ee5b528da6fdf97b767d5aa5662400c53dcd3cbea6b57575f,test
right,122574,517e714bdd0f2ac1e1da22110200795b79f62ff2b81f66bb2a8b1b55c278f2f8,test
right,122750,1d889780a7e9e9bfccee19141a9e893557b8a8dad9a0745a4992069b0ff4ea9b,test
right,123164,d7f8630ca43ee13ecf8a1d27e8be12b69e34c77dd16db036236764fdfe4cbe3a,test
right,123655,6f652528f91036edd04239020f336cb4606636baf0750c45d31a59cb9cd45204,test
right,123720,9c9e7c4e0291bf455453414481d77dad676a597a25965102b30739d80b5b75a8,dev
right,124800,2821e72fe669b76c8bc766c9969bb881bea99c25a67d602003b62fb14e333a36,dev
right,124845,42b971f1e8fd88438ea3d785194481ef6331606b941cecba89bc7ba6f6c0b0bc,test
right,124884,580b1c30c549ee859c76b9d783ffd9c1ec797b792a0db018b30a92c50e8f9f5f,test
right,125010,c76898d875691f4c66efef43a301010b6762a5e0f3d0163961ab5d6518ad99a7,dev
right,125071,1e34ef413aecae4c7215b1a267d9ae9d45d3e49b1f2f85703ab8f02ae6d23732,dev
right,125165,ec30da142357813db8bce0d6cbdf6a41e57b8d90f324cd7748fa1c5518939292,dev
right,125509,3f90c783219936354904bae876768423ad5c4ad3884e9f68916500b6d3db6f72,test
right,125761,4b6c88da0705dd803b0e028989eddaa8cf6b77b35968b0f068ac4c73e82e5672,dev
right,126030,d5abe0c45341b70541b79ce861a2126849585d5d8106eb3a6e4f034f12a480b5,dev
right,126137,66e8ef33deb45f85daea2704a2883ee7109fde9b2e082586342e2605d620c075,dev
right,126149,803c47b1c643989e6f7c33d402fb9c461caddef5bec620ef145e8fb8112acb51,dev
right,126160,98ff72f320dbc1251ffae2b7fd6876e694100373cd06ca5943431bead3fce9bb,test
right,126389,76a3d836c6b841af502e728a298b62d123660042a82ac968d91f4667e7444cae,test
right,126408,44b4ee2f2d0151135465a0b2f7b5547f96b67754e40291c40b20206a55113715,test
right,126501,2beb0d1fe3e3af1851f3196f02a4a772d40cc6ac1f22e1cf36f8a1e7660b156c,dev
right,126920,18e3f8893207c19267d862dcd6f880efd7e9f438f269dfed724f89750c254794,test
right,127055,d6af4474cbcbf00129918c965fbe0bfe8f7f98670301c81ed2421c05804dd816,dev
right,127190,fbbfa9c13cc45ac0af6061c628b54f8491b332ec39bad59d9e7bd9a13aa1abc5,test
right,128253,e6596e50ef4bf45d0f535875825c13be4247439bcb6795561f4b9291237902a5,test
right,129598,c7d330df689c0ede3ff42332ce0655469da89eb5f8eed7c8f97bb41a44791e14,dev
right,129603,6a39879ad1642f0cb1ed0382c0cb3b04a4c1d581480f895100c08737ffc8a81a,dev
right,130163,d32fe65eccbaee8ba2e37d1c523370a63966ec6e181a1fc8e0ff75a405b3deb6,test
right,130442,1f73cc313e4955dabcc521a220da1e4e5d23fba56d02831e1f048a2510599a27,dev
right,130541,e3c8e7d73b60938ff485ee97722cb85ce56cbc8c39d9c4a809f8139ac2b3f58c,dev
right,131069,6045e92ba79a4d54b498a249dd0428c4e11208b8e203da57d08545a0db050581,test
right,131429,e05081844b7b64b6af2ff101e3e17f7d4d86dd89fd5792a821df4da290553b9f,test
right,132158,e0892213f090c3901f96f2bd54f5d6a0e472e7fc8ad3ef6ba66b248b67b5c19e,dev
right,132627,f674bdf692f4ae29118fd5fd26f041eccd1fa1f4069fb9ab382b7768f2387459,test
right,132632,2d0b2efbb58bbcce499912ea07d190fd31c5ed6f0b660d26a6d9be3a2c812325,test
right,133429,d7b8de9783423e8524a70c11d186680422cc23af85790e62003c5384afc8cfdf,test
right,134169,ac777d0b03356685fa029ba09711542966c70c923d8ded2260dd631c09577611,test
right,134357,35ce206e8e758646575f946692be0b728229a96b32fae7bf59e690dbb9066e4a,test
right,134429,1ba9e3b76ad5ee9c6d130c0305172a7c206e996a0fb9c2b6931010c3ed6a63cf,test
right,134449,d11eb3ce5c784d9f7d8406ead69c3bf5f2fae0205d9bb57b97fe3773142f1449,dev
right,136357,74b56fe66cb37d0f7c41350d37c319189e57a3ca7f27009317e2ffea12d8ab04,test
right,136907,0ba2ca6e060a1a37891a0799f4c3c31a7d0812b7f18be11f2a9e9be4c30d0ea5,test
right,137735,13bf88d584c06628dd63266e8f08793db489de62c5799b5fb50c9dabb1feb3ff,test
right,139859,a260b0825ca5e73758df276205fea5721a02e7170222c78cf5cb46a32c326c38,test
right,140807,1638af4614def795fabef63e9bded78717cd2c38ee2a03ce00c8f419e585c0a6,test
right,141375,7bc4f7d0278830aeb90d2023ecfb6b4bee11b9726d3a99b45464873727bbbaa8,test
right,141407,011a239cbc327bb82215712dcda107e36ed214c3d022940d25e95e1a9281a509,test
right,142339,e4252da425acb7a1fda3030150a5885546528b51602eb47f3838561eb368ee5b,test
right,142522,58ff2f0b3b7bb5fb58fd1b4a3fc214ef9176592d45dd30f92487889762b32af9,test
right,143483,d2f83e8338d7a933420ada5536b4e636e420e2ba0c5fd50a4cfb9fbcb743d6fa,dev
right,144285,791dce0e44135441136e78bec11fce3cf013d11f2bd60d506c48b497d001362d,test
right,144465,baa52bef295039b7780d46095885f3e606568b2df1d2ba94a49caed0ed0ef0d4,dev
right,144525,254cd5375fc7c630cac08e75932bc6e4b471bcc1f15deaa304ce0538a3261069,test
right,146219,77f75c0fce682848d8ef08ca189eb7795fbc57367bcd7b38993d23877180d424,dev
right,146285,ffcce1f9d8c8e26b9152df99f0396ebafa771d5be8613a245c416d803f8a51ec,test
right,147129,3b9f77a4b3e7050eea444591a40553b20214cc2926dfd1dba4d0ed158ca9baf1,test
right,147195,be1a2450bc3449303cc1499f9fded54cd8508676af21c75f6ae4f1839835cbd6,test
right,147375,0992be4d889d781df45df2ca30a1fd50a97845730769dfd38173ab24bd09939a,test
right,14743R,39ec846e063bec4dc789386e7d945eeb390305a906bc517ffd6bdd62e9394957,test
right,148433,078b07ee63fbea7c3b5382583a5a5b208d9c0f12236784b0d87a206e01eacc65,test
right,149123,f5f93fbbc5c375fb95d0b19b279b36e908e3bc053e25f514910f8b2b25f12951,test
right,149645,380524aefa4bf5c3a9f9cee5c850894563abf54a97c95d0d5e977e2b4ff78874,test
right,150033,edb37c0cf1d9a016ebd8dcfba4589ed4a7c3585c4a2805abe62d51a8bae5c0e0,dev
right,150843,1f3ca953780d67b942e167a06b9113d0ba4c234591167d45cb9d523722382731,test
right,151159,4fa40b5323d2f472c4892dc325df612a61780ebb43e22fe11420b2f79cb714eb,test
right,152342,d58a8d5abef531c05e846bf337b29997b927f924c3a09b92c09242b018024470,test
right,155177,afcad933ad486830806b62e6691437d2ad0951845d137bc77444f83f6fa8caa0,dev
right,155184,226635d8d56972e0869459687d8fe8e23b8eb0bf4c05a0b85779d23bcf311f0a,test
right,156710,999e7e8b489f7d9e61c3a9ab7bb27fa340f20841c708236799b4703ec9e40452,test
right,156825,fde57b3952ae187403b93a84b7f383a59cbc1be3fa385fc0f9f9a11663995fec,dev
right,156879,bd55cc384a1917ccd4f5c963d38bc56f8cad4c76a09fbfc39c8442343b18777c,test
right,157078,f75d26edc3cb87d32315cc6b99ed63e559b4e9a83795fd71f1797abeb1ea48cb,test
right,157177,13010a6de602e10a8b9f15a142686396cf0f2574862f2f96b79e1d25f6f79f72,test
right,157186,17c72e1b98b026781df56e7f03d2e839dd4dc97c481d7683b875c7e20adaf697,test
right,157199,9e4e96dc39a12364780e7167b0948fdb7f9009b0fd15dcc12e9a264c5b1aad96,dev
right,157216,2f189367a47201184537607d259bf24df67c3dbc4f80b9cdf9ec549e67688f8d,test
right,158501,f4b1f85293280ddf2a90e4e90565933ff4c5a980770714a2fa7610bacf57d23d,dev
right,158525,087a1fd0035d6ad901ea690f43c0f195fb18aa863253108b44dc8233b2b2a6eb,test
right,158627,c588954392c6b6c6cb3e243c4a0013c12dac3901c59f7613274ef9f34b9b9d58,dev
right,158663,ed692535137993f86710f9ee1767dbb63f796903669ee232dfb3c21740fdc80f,test
right,16161A,610bc51b78d928ea00c932aaac8dce499bca7a9f5b4d0a7fbdd28e84441322fe,test
right,162456,723603edafc77ba834dc82beff9edfa8e4a0e56750ff6dfefcee36326b26531f,dev
right,162780,e156e26d52bd87adb9efa7bc4e2d363a4b9e4eaf965ab17a39c8fd828f1ca231,test
right,162825,415ed194ac2424bd6495bea549f5f7d61f793cd00b8bd7a4e438d6d6ef7ff094,test
right,163078,5823319b10e95c28a1a9066d2f10fb7d40982edae71fb8775f7a2cbf92b2fdd8,dev
right,163267,76b803c3dae970b284a2738671f8dd7530900f078f2d1011d84d5ceb65838465,dev
right,163596,816f1e3e36f26eff8ae26c6454ab7d11b7dc8a4fbcdfc5f06033cf1e51860171,test
right,163600,13de523b246cfc15cefaace3180ccd4182c8d6e6939ec1dab23890a694c18e3b,test
right,163818,d9a31aaf12efd48a6022bd8c8f3ff1067b8133acd66535ca5102286908e49d8b,dev
right,163852,dccf99ec86125d7b0535e4a096c6050369c61aea63a391412377c9eced281af1,dev
right,164541,b4c0ad766607a083725d225243905e14659b6d4cabc49825ff794f0278d3b733,test
right,165159,ab39b1c4afb7ff7cb3cb622a27e01625712f898d2966432fd1bdb8589a9ec2f5,dev
right,165213,f1775fb0321571979408fa23e09fd8742fcc431895f6f430adea720801beeee3,dev
right,166751,4614d167cbc30a91d2fbb1ddfedf851bc45d53f30b8e00452ed6a30743e0ecc3,test
right,167872,b96f41c5b5e48aa3f43d0138c17b2568fcd51d445a34c2c27a6e9471c135403d,test
right,167898,2a34ee328e093503eca0e5f2eca4d18b55fccf30db4056968eb16c0f8d30652a,test
right,168624,354ecf4b6ed0fc816184c75cf3ee1e1ef32adf6a1799762ebb8d46eff78a3585,test
right,170021,db05a7ef1d1c8311fb39f4a6ec715d448abefa8f32d621482439ca0c6b426d42,test
right,170040,a16367334f4af27d465a166c2becc04e3e1c81bd6cadf18651407c2ed0f64cb8,dev
right,170258,29974b9389aeb770583757d163656fb1d0091d91b173d91f46ee55a3aba6246f,test
right,170268,567da01b2ae835ceaadb42e0846aaf4a18bd368ac3f7be5df8ff5cdd1e56164e,test
right,170394,11c23b44f653ec9f4f7b84f17dd472b60892bff8b1ce4a53ff4438fc483f94aa,test
right,170520,62a34f3dd20a81d52d1a4b5b49194e92defd99767ad0d8621dfa8e07e3481a56,test
right,171106,be5c25d422859b95d68feedb5043de9c51dc59148538e027c5bd2aa6dd308f6a,test
right,171196,3b37d5e68752fe0982f2aa106236ad18efecda71f4e8c7d2300b202d45f1950c,test
right,171232,e49337ba4d366bcd4adc4bc02d00ff8bc68f010ee0df9b71faf071a62b4d67d0,test
right,171340,9a76bd7b7b41a2e943e0cc085f480c6149c638ea32918404fde332a78342dc19,test
right,171605,080a73b3f935fe3d1a0dd781a3935330735dae22ca647f7f51a0bcc4dd0f22d4,test
right,171842,23083c8300625ab1c141522b7f5bd9ebaba3b36f8ece83081322aae9d88b5c65,dev
right,172172,a7fcc539884e69f20ce7ca8e368b27d479a7c45409ca6a3b3af1128c69acc4c8,dev
right,172528,4c6d93cb13c24eef128358938bea491eedf2e608a5ec455c6b08f28a96cbe208,test
right,172585,f195259345ce6249d10597b22b0ffec77de6f39f9f688045d7f887b346fcae44,dev
right,172736,f9d938bef795a094431e8fa991e641250bad7e3e68fa66e320d1e83252c212e0,dev
right,172755,60f287742f083808840a7c7fa92e9e1e1fb269d9ea711e9154d685ca5897eb59,test
right,17275R,da0e40dd26d5cbeeba7fc391c1ebd032490432d15aaf4731a8a8a4c0e8c9a75f,test
right,172908,d10b885578e55f4c6ef0de4db2c453c246103d071db49dd8b97ddf06b9c504b7,test
right,173034,3cf332d320a823871acb30c9d7a2154b79f0c305e278f3db59ea3fa5cac2143b,test
right,173124,63c70a917265ddbdff89979e317d5ac5f97ed6b659e2eaad857d09f51c1b10b6,test
right,178872,444f2fce322c9428ea24dc9fe0ff8f8c176521f3a011f7ef8eb852fd29951d20,test
right,179895,a1ae5dae29323222ecf7640282d57a972ed81275c9a494f036431a4c0996e08b,dev
right,181396,cac2cc5fa1206c9c412eb598c59090112214c52616bb7074b23a419a849784af,test
right,181749,c05c675dcba33d1f37785e58f15118edce2963af41f80d82f95650cafec5a54d,dev
right,182216,3439f65b9690a3aa91b7fee75b71ffc01bb85397864aea2a15314e194c443f7d,test
right,182891,847dac3b565981543eac8c1e1d94a9c83022e06e64bb34566dcee043cc9fe39b,test
right,185896,b7632e0e7700191e2e2fd2782214803f8db77ef8c1f22ee0b8d8e971fc593e73,test
right,186757,7d1bd3a7dc791653ff40316be90faf2a866e34d567bbd811e8576551b57be5c5,test
right,187265,21277ba54ba480e4e5b5db522cbec1d48cd9c89e892386d25d85934444d15b83,test
right,189000,c18c6492dc27450916268680c1f3da4549b9933d99c934866900f6badb7a6d5e,test
right,189054,5535fe8ddbdd03809989e2edc89bd1f6eaff7be0d18de99096ae0567b00523e7,test
right,189468,d7c96779ad77fa570c34d5a251aec5afbe8a53499175e57ec2dfb0e888d8f133,test
right,189486,44840ad648279ad2cdfac3f01d799c303fbecd6dea784c7c78a99878de4e2bbf,test
right,189873,eaf191e0e812a452abfa7c1f9ec2ce95046df947158ba4ded033fea69fbf10e7,test
right,190441,92f669c1ae96bc8f8ca5c3790cec8efee0fc77cc8f9d49e0991c7a7425eb252a,test
right,190893,865ba1d107ffdf83337253ee6f428cddf2dae27c45949a791b61685bd93fc365,dev
right,191078,8b7c1dde14209049babfc73ec4ae72a1595c71a6c2c61149fa79f7d965c87f3f,test
right,191216,1b99950cf6bafe799c3d52b50eebe0eb1596fc98ac5794182fff22acb2455b53,test
right,191893,ff06d84836345ee3ab51617e704350d9f3122bad0441295fa5b02c35dbe82196,test
right,192000,fe7fa3a79ee2b3f6cc5e82aa95be97bc262e2b77954ca22cd09452fec8d689c4,dev
right,192180,1e45150eb923c781007a7cd89367d39892887bff36dbcaf117ece6b1fdf5fc1b,test
right,192422,54c88087a8fdf6364c56e9a0b4682d74a9a1121cce6f4d9131cdac54518e9dba,test
right,192432,33c556b747ec3ace9d48a29f1f9303633648549f6b066d310e1c3bac54691d2d,dev
right,192479,a4b5fa6a7d55ab15a56b500fa0cb1730b3e024f869a705e2df41eadf39800039,dev
right,193378,f9b188821877b1df8093932419c3385ae9e3963f1fae9191e2bc9c42fbf3ba73,test
right,193558,da37695ab3539f99a1d7049af78d86001fe20581ff209504b73478485bae6455,test
right,193559,da37695ab3539f99a1d7049af78d86001fe20581ff209504b73478485bae6455,test
right,194162,0a31b4a756f036aa0717f8e4220e7ede9c4f94898270eb6963eb4fcb645ac37c,test
right,194194,845b240bb6f598a57f26b1ddab21f438a3114a851a20a1e04e042440bc18e6a7,test
right,194828,86f0e6f16667edab6d6a3042f83e164208f38a844ddce6b943d4afb7f99745ab,test
right,194858,3cc352ac9fd83d106be8740a1c48d043376b8a010c18262b68c116c28e5322e2,test
right,195018,e64884465cf901734e160a7e8a4911b6d294f66ceb6b21be1906194ed4c89e06,test
right,196807,01ad9d506b72c14d05c4765cbcdc49918ce1e519fcc37dd87ac71d97643eb5b0,test
right,196864,e86c20ddb731bd5a1f417295fbc79b5ad1b6bc843da3661eb7d9886982a16338,test
right,196879,10c2c3684a500cc419fb81cdb5c2302cc02da70a918d36cfc35cea1d10f5bbc9,dev
right,197648,7dfd45293c521315728d66398516c629444dd44f9e388b2dfc7cff9f003f430b,test
right,197779,7bd40905bc479aff1dc220a990ab627521d45aa9c57ffe16fb34bc3c75489693,test
right,199333,73843e4ab026bf5d1297ca3cfb3e19bf95e89a3f2d70fa41cecf1badd86e4dcf,test
right,200273,31f0957718de7781f0eec9ba0a62f5d1cb01ac0c08d120693c9f634242e7be76,dev
right,200332,1d28ab71643e3fb03bd867b2dfc0f88a5c6fb3a2d98c45cf2f5dcb1ce6b0ff14,test
right,200336,ea9cd57f1f96bad6afb1d09a43bbfbde656d35e2f08cbc3414e7bce52a6c0c4c,dev
right,200435,9bc64306a16ac31fffd3c88dc99da9153e140425424a7718ba3f0abdecbcf9fc,test
right,201709,1764cb64f5166f2f700740c3d6fac7cce5015e6497b0f5854ae09ef860534b00,test
right,201723,2e9077ee8fa95095a99e1ac69ffebc9612f6d8f18f8db7f1cc8b80e0716b1e59,test
right,202381,d242fe98e19ac2c74613b068a0880fa7d2ec3747f816afbe992b6e601b6d9355,test
right,202660,8c3ca8d4dd628179cdfe9e72e2f055454a16ae4c5da35d5d8f53501476b109e0,dev
right,202795,0c1a53370855855866b72e75c561a7cb0062c46248dfce3d8a8f0084ab93f23d,test
right,204257,822c48037a6f045ec59ae2713fca70bfbfa8efbfe3e0008b80583862e2c28fbe,test
right,204493,19d06b01a9d9e43ce3e11cc85647634715604656dbfa74753803c86aa49356eb,test
right,204525,35b996d19e012f97dbc135b812f2fd34a117220887275471927cbb4235e4af31,test
right,204672,57bff03e69a8517e61abf738927adb68fbb4c2fdb71807a1037d099e270b6171,test
right,204784,f49319a22ecd80961adefcfb19491b6606ea96d8b71f3a5872067c853b903781,test
right,204795,810737189712c1a0ab7ed56207805f31b008ccf611fe1f678a65a010b374eb14,dev
right,204885,72161613a3e739604ff9b75cdbd808f63c0ac5d24a9d5656b24fc646fd069dc7,test
right,204900,c0c0342930f0a7c2faae89209ccfd3f9c983d96cf1a7d4ca84bcd5e4889e2e7f,dev
right,204901,291a24c63c4f5af6c4ee617c0e00f69d4270a2bbda931de5803f5eb8d016166b,test
right,205300,78edfba3de2d3345c571065e389ac0b2ce33196c26655464e89f6f2316b71a3c,dev
right,205578,67e6f4fe6de47933340d3bc0138a63186867460904faf10f040226a1c8bb0693,test
right,205837,f511428d6033110c06e32b26139fc93ab8c1e254b7f33bce04c994c16198e291,test
right,205887,792babd64cc5e2b9dd8ef979a64afb5fc88899374d0ec1b69fe3b2aa017fa179,test
right,205889,ace24218a2940ac8ab4b2716df48b088e63d125c82ae6c3f4b835e3b9fdeeda7,test
right,206003,60f907c5182fe37d5d53ba6ef99638da1c8b3c4f28c5f52ccf3440d7ae1a1f8d,dev
right,206219,df64dc1980540a3289d7b1faec430fd535787c2d96dc929eaa5ac8ec286af5c4,test
right,206741,64fc79bae6521049f900bf7e25e62946d30bf36d44e9b074743a815d88755f28,test
right,206813,5b50fbb76c3f3ac056e0c82422459e4936af3ed9bc48bfd376cd6134cad830e2,test
right,206901,226737b7bce259482b7d31dad7e158d0411ae06bd2ceb1338a3291a73afeb7a0,dev
right,207192,d178a6986d2d47f79528c162c410ea4e9d867e8c483a69514bb7e83c79c695f2,dev
right,207410,26147150afc743ab548276bb3ace3ba102b991b55e5df26f5f33275aa34c2122,test
right,208093,a9d02dd24210c349575cb0b23c15a41b202c6fa93d2dbc8d17a5e6cbd3c1c8c9,test
right,208108,10394b37c84da2037f223b6cd768dfa4b0730dc6ae542be9deaaec51717d0f04,dev
right,208251,f6e95682fcb8dc5e7649e19e1399083acbadbc44a42ed6b0cb0098ab644755f5,test
right,208291,272524c4af1ad41c8a56b9264d4abade3758810cf11673291fda1c86544d0af3,test
right,208453,889e68f03116ed1c71f515dfe91d010446d2ac682c7c835f7d8aa927c69d516d,test
right,209237,9521badfccd8ec9454f5b028a31f4fe288839903d869fed1ab93b4e2c988fc41,test
right,209759,48d6d0b1999b4a7a9c613bd7b1c5d5720d71a0d75b0c0093d383ae0d64c7b602,test
right,210012,36d849f295986c95459bc766fd655537b92021a9a9d7ee9e15f37493de5ac127,test
right,210729,467a60df430303a541f11ac88241598ef3d1e2d4327c58fdd36c3e0fb5ec8294,test
right,210741,a4403ec77371eec392de51b81808a5a240f6bde77a6616bfd017465110ed7f0b,dev
right,210902,8c97ac4e4d200f77a4afe66b43bec4254b8a87fad568e57cb45c07c11f6da682,dev
right,211452,36dbceeec9a7632a9c80bd1bd1c236869b260eab109db4106a4ec6c3a0c569a4,test
right,212336,0c02c1d139eab83727329f4a0b9f956727b08996ecdbe67baa4ea72c7e3bc793,test
right,21238F,34462fa6825eb201748ade01baf72ac016933601e17e1e38e2829ace215f0dc3,test
right,212578,12c5ce385a711da91751681569d9e5c94d89000c0d474552c2679ac70a573c37,test
right,212813,804ee29b0c1966316be109611921b99371fc82d0c1ba7152e5881fe27127e8c5,test
right,212867,90446d6c2d5e7727c2ca54409b230feda805755d5573baae2e59e8dc7220ee0a,test
right,216165,9489907a1e20d253f81327b5651d58b88c14cd24759f167b17604afef80c7eb8,dev
right,216237,89450ef7cae357d2e716c58084d522ce03cd29a34bd16fa116777273a4f07721,test
right,216648,092b3ef6dd142731228c3854af5b9c97edbac524f7fe318e3404e40422d80098,test
right,216669,193d304716b3df8b5b25a981a7b11df2005f050cb7d8ebca7440510851dd9ec5,dev
right,216705,ed06d9c8ebc3cb39cdf07827d08432b8c92b7036eff14c4b9abd8cd5c65da1c6,test
right,216831,d9efc2625f9eec33af4d39897675e5ba261e0e97ed4aaba28df63a9f0c14b34f,test
right,217016,f007edb5bfbb1b532dcb1704013bf22dc4169328d74c1f0e1629f8956af75144,test
right,217210,3112e33cd3dcd7b40318d4c2e056131bbd0fdce5dc622c98a4c4a2b43b31dccc,dev
right,217525,5032f553f86575e5ffd19e087eee236ea1fe60ecfe1f8cf409f421dc99e64ed8,test
right,217687,5f62e51db382fd8081856959135b527009ab392238f923b9e7f880df25abfe54,dev
right,217721,70be3f3b1e19667c53edeb02b285607c519c09e34f4eac046cc58ef3d2bff746,test
right,218354,d3cc92dce89fd7c7b1cdef6fbcb85acca9e107b970e44a6550a1889b3e705b5e,test
right,218525,6357e03d36d1eddd9eebe369d7e6472ee1a96ab41ced33f5cfc2409eb0140937,test
right,218661,12eff421776139aae68bfcd870b2d0603fb8034f72dca46e48144ca362969ebb,dev
right,218675,55c12229400f9a136926378f4a5049ee570b1b530d13402771b105b2e3589f53,test
right,219093,129ba393839e2af73a31017f79ade02609c1265485229259b42c18684903fdf7,test
right,219350,6493be8bf6752d7bf3ce3e3a3fc34ef831a5c3e257c76bb0b28015e60754eb1d,test
right,220291,b78e3a025c1750d98147eeca5bb0b147f4d567690991d535183dfcdfccee3d37,test
right,221116,72e691bf9e8603a10f74743d8ab15960261cb470ebff4461d7ed32f5f8ba8c54,test
right,221606,f01747424913e3616dc2657264545eaef62826f2b071db6e729d816bb6f7c351,test
right,222687,ce4414091bb7b95e2652f8251b550b9cefe9fc77ff543ed18cefbad736f7d6fa,dev
right,224174,dcf9e8e8ea2c8089c3915699150c423f5f790a2e35dc9e3bc7301e689a20fe3a,test
right,224280,9c0ab4bdb9d9e4e64324e17cada68b880a08b495259c88f1922d72db2e217d26,dev
right,224399,20942a10bc7fde10fd80f1ccd6ce77ad5ff8833dfab45c537c05987f403539a5,dev
right,225222,aabd5a23dc3514e00346b61798a5c8e06076ae783910f62a4df70dd8e57223df,test
right,225224,adf4b071e0e01373f91f00113236be6e6943b91371cdf0f6dfced954433c72bd,test
right,226067,3c39892e091f0c6a2b0ef77414b45f1a27c36fab71b4a3747196b4cf2d393d09,test
right,227111,ff974dd408eca568bda5fb1b5a5fbca2bcf719dce40edfd4c118f9a5a2884e97,test
right,227129,9aea79fff9f4ddffd22352eac6b1bb9692b54bc49246eda833bb390d1e0583d1,test
right,227430,669bed12be2fc8ea37aad38441dc1e3157db9d47ef8ad4616e903ea694e92f2b,test
right,227471,3600d0cccfc51020caa8399b408d53d47cdf94e23f6014f3491dd2e3628add38,test
right,227478,428e83f8b490f58f0797111c2d2111b102a3e7e55f17a5fbdfc76547a942180e,test
right,227813,a4efdaa2821c0e2edb2cbc77791d30fc6b1eca5978273cf8e66ec65b23870c21,test
right,228219,38fd400547054a4578b19d34facdb5e22081aa5fff7c08a7303e7301ea086a12,test
right,228255,e6b10873d094bdebc790aba2644225bf4fa68e4ec61b07a2732399113aa10508,dev
right,228309,c502901d4a91c2e5b12770bd9a4935b43d2b25c7e9e2a62a47171e7b0685c46e,test
right,228381,8ea42341fd562714230a63bbe695ddabe86bdc8d8220a18b5cc782c4884365cd,dev
right,228669,9cf95c8da874a6aee844286a793326d02ff9dc86b1502ff6c17979b04551475c,dev
right,228678,7c721297b3bdb917bcd670272c114e36a4c0e55c923b442b2ed60b3621013168,test
right,228772,10bab79de454dd9e4dc842f43ecccbdf0e583fbbec05e3a05ad39c74ab75b0b8,test
right,228885,80a940f03478186b9ec43af21db72de3a51a4df92b1de83cde51692c1449061f,test
right,229070,d7e452ab4d17c5f661ada88e2b69f66fbe8b049500948552b706a58dd53128ce,dev
right,229669,3fa023f371770c53205b47f271f039ed566348b582482550a111909e27f0110c,dev
right,229890,dee73b08e32087cf66c112adaff126061bd4c5dd0a925e60f3d86caee5096eb4,test
right,230025,326a0c7ca2553c73323300b77154b513ba151d920b34d36739bee87a5c49588d,test
right,231021,4b95850358da42cc2d39060af86b31af3d0fd50c793dbc0479a4662686fcae26,test
right,231561,9fb1c5c1b0e7f0bc2201aff7a7d50335c3dc10dff84ace4881fc72db938efa9f,dev
right,232165,97b49e4a0e6975768c20e480e83e596780a1ea3e02675bca6252895fb5efad6b,test
right,232525,8ff1331d2d63a14fc1d824023ebd35848a247e8c5ee3b75c83e90d312f318691,dev
right,232528,23987d808742f820fe04050327881307098e1cc7df47176dc7ef74010a2a5241,dev
right,232543,42acd601857e03df755aba67f704b94b9ff53941f7c7060f2b7a6a0059529068,test
right,232806,1a7748f18ba569fb80f6279cceffe7a93819cc1c9abb8eee408669bdc8cb6191,test
right,23281P,296b62535fc2174c9070c47439f8ab32922ee38ac96675c12dd25df093a4fc34,dev
right,232824,215ce456985130bf18afa6f4201f85def037ebaedc242af3541b85f4a37b3d11,test
right,232906,a6372107f7686e88e65ea6ef7824e844cf7247c81570c358466046f2e7d95a8c,test
right,233031,2b0eb6fa2aa106be01ab20dfc252a50cbb2e5c0b5d153f1c7e81a81f5ecbb8b3,test
right,233165,fe559661d387f68a4f65ff9c4c6fe062a4764f7148db9bb9704f25b2e7942f48,test
right,233212,1b43d77161090daa83aa7e9d6d27d06c891cfedfd160e3fd5452ef2dc201badb,dev
right,233311,19ff945fd3817d10c735d81cbd2628690b025ce960144ec908595465e4b9aa7d,dev
right,234050,e6a33fe5202816ab96b320ff5377710b17a9ac095628740e3b218354679254a3,dev
right,234282,21692db5b0dcdafacfc42928831951d59a8d2b56957b652d7828b6d71f717c15,test
right,234569,f9d2d3326eba404a638900b06b7bf2d708517d557c115ec7aeefeb3db2a8f938,test
right,235204,5dfaf5db2b7caa4c6c95861272bed98265349d13443fdaaebb55fd2f6910f12c,dev
right,235715,13c6d29dc4fbf97f61f0759ef4a0a04b5c208c730fc601c31e597ef3fcabbfb2,test
right,235718,9dbcf323f0fffd29a708fab85c4f298750439f7988b376b95083566409ba0be9,test
right,235773,8b3154d502193ddb4a8cc3e921fa36709b581c11574276167a7a8af1d222da51,test
right,235811,e247c3983ab35efa57170c5e77d0328221e7fb40852ef6b67c171825ad1dd1bc,test
right,235851,50209523864c2468d56c792a8380786c0f75e3681945965cce0a9b7f3f044616,test
right,236235,ed48f4295a37818319347c61b42873e14e4b617ca64c9a4022bea5c00a6dfa85,test
right,236289,cc5faa4c114c6eb4c24b9c7bc7057dff86817113be9ad5aff0f262740dbf23c5,test
right,237424,4907ab219aeba5bd1dd0553ff8e1af76863957e4c1dd466e80969554150e413a,test
right,237606,4029a12e30127f128d7742925666ae0a6dceb5b18c430325c078adc8050f7508,test
right,237649,36649a8644e0d9a5c727aa295149c15472883d53f46b74e56f6dfef910c8e341,test
right,237667,dd2150cf9ed69a55db79d24a04827509a8f3721d252932054ed7be4525be3f64,dev
right,237688,95adbd2a6e42fce51e07bfc243f6c9c08e64005937dacaa91a95e23ec1dc6a9b,test
right,237690,c839db6e46bbb1c5fec58ad9beb6feb98615f727b5b2055741a352a60be7011a,test
right,237748,da0f2e011e25674fb7140154ca8d2b5cb782c4725d8be774bc817e00ade21934,test
right,237863,01ebaa69876ba15733737b371a993f0a918c1c02bcb8149ceac25491513c42eb,test
right,237909,bfce8973d8df15802afb9ad0a1f8705d5622e1b80c70d89db6cb72e50af0df84,test
right,238010,6e7e03c13d564fefd0344027c8737bc21a05781c40dc79c753e271834c5f1d26,test
right,238045,363a1c3abda1e4aff37d7b0d933afa9c461e567a58a909252c559ba1e3a9da3a,dev
right,238085,125fcdafa9b3bd8cc609441e42ea74bf2d2cc8bfe2808de050151313274ec59a,dev
right,238100,a1d44cd76209c4b331d3888ee5711b3993c062a4ef39ac72f6961c4d92c3f7fd,dev
right,238107,5ad5eb3394d442774b010709a63aa4e22377fca91cdfe07c03655063eca113a2,test
right,238113,8f99c731ca9140c4a379df1aead95aea0ebc12783e51f040489d57a60fc2299e,test
right,238173,e9e406510506df7c62a10b9afc161493010cf3961910e9c2304e7e115b2671a6,test
right,239530,7ec7728e2ba1e2798f114c28f2de81368a4f296671c4e55c6732e84b05f610de,dev
right,242361,29add147a2d577e96ea7868e554b62c6b05ef4420d073b91938b40f9818d2ec8,test
right,243448,c83768c561283c75f1378d6338b29052db62776d6f9c881d1385a08ad0d772f6,test
right,244199,f63f2c1f4974410124abc1e40cca80fb007a859ef6eb89cff8828aed189eeecb,test
right,245073,f5df9e6a67a2578dbe99d5e47de2a204ed146b072175e0abaa553e8d2e7ae185,test
right,245091,f3d23d5ae56264954c5fa946737a7158fe1996b97d3527eaab7cbe7d58fa812b,test
right,247834,d9e1e85f17c618b8266b63ed8b4f63e83409047fc2ffc230d392d9b73750b260,test
right,248209,2096f4ede9746c0cf0458d5800d6b33904632faef7f3f7fd4719dd82085b0e03,test
right,248631,73a17c14bebf120e7aafdcd5c774cede066e0550775904d968bed03174f743a8,test
right,248748,c7430bd3bb2714c5b2b3c9a45df298b353c5de48d9717d7edf161cb0647256da,test
right,249028,08c251a6f7342f0574ef58b7536664349e644b8519808f149a94edb79bb02686,test
right,250361,15c5a86668dd36e30c89d62d399e57b8f0cc3d3d98b4a86085432236e099818d,dev
right,250559,0c310cb2d1fae3d1e7d19317612257d0901465fe49bb6c62da96492834212717,test
right,250595,8c79c38a887d8065282b82cfbfe851ecf82116b3408e0b1288b44f5726a606d9,dev
right,250649,e7851b15e5b768d1ed0fafa4eb07b35b1665818ae10d02a5bdc59e8f6c3a61cd,test
right,250685,63675b6b5133a46d36424b3de3e4e5a82f7e3837a168b3984d4ea8dcd5f583e1,test
right,252063,07f104d52d16d936692d77a928f6f991bb52092500cfc2213a3b5ea7ddecb33d,test
right,252165,fd18c7d9c2ea6a6873723132e6f5acc6dcb34a29491d7f170b5f08db864df964,test
right,252450,ec28c4e8d1f5913e3f289ac93f8734034c8cecead0e55f442c547007972a9fec,test
right,252470,742b44bfb0f0f187a2c96788754a85862da8d468feb8412a6dc83a32a37c5b25,test
right,252579,0b5eb6c16ed9b9b2f2c892b7aa9571d66eddada880f7eda9ebdb4f56707c33f2,test
right,252669,00562ee9834b6fa570a03fb8d4d3dbc8af7ba8c2add8396426c8138c37bd9ec4,test
right,252747,70e0e3d3b690d453c9f16d623b7fdc7254bab5b9e49c8cbb1844619122122ca2,test
right,252836,7dc98c71f5ab72cbb05fc6cd6d1816632e1047980c626c9cf63af5ec8c1a692f,dev
right,253026,e954145fcc18a37b0542356c899594dd702f01fde49561d878707fddb9fcf6fd,test
right,253034,cf7f74546613e3b48e80289d7dc62e76edc206f5aae2d1f416288a166c44d7c2,test
right,253120,d7d3bdd6cfcae9864c0bf18ab0a3e5c6ffb01b12f36bbe85c44d3671910e78c7,dev
right,253579,43709fdc6da9ae0f8a4ca676f8f9498d2e21c6ffe4282b0ec19b424e947c5530,dev
right,253651,aa7bd5f1cfea2b285a820a88735041bc8312192faf2e1a498bffbaf48fdaaccd,test
right,253798,84e07d6482d6dc46932cc6af2f0e16e9f6da70e170a92dbf8de02bf18b79d237,dev
right,253849,ed9f1aaf794e328b0a4738fa8ab6fd55f53ddda08ee58442be639049a32bacc7,test
right,254290,f5f3d24dca59d55766e55abf6e4730fcfa1d3add5afbddf689523881d101a185,test
right,254546,9b116bb24e8eb0cfa72c912bee47ed7d9bbd8f908108066b4991fcfdb2adc456,test
right,254687,fb5b5b7dac1acfc3bc9bf7c4a7785279ee618e73b9262c1f8b1c3416a801cf4c,dev
right,254700,67282c55e73b22211af8cdb5cbdd0a2e9e7705de5e93195f17c03bfca70c9e69,test
right,255093,e4d5a5e5d5186f0110167ae97f38851e8fa4388ca4045adb12290c936a7effb6,test
right,255264,90f4b970d32153007fbc27b97de2d46a581822651a117ab127d5729513842d10,test
right,255443,c669e937ed16efee91f1bc3570f380f2bcdbfb22bb5d5ccd238ea1bb6345f5da,test
right,255579,54125e00332152cf1b0f775b930fd73a21d12805cd2d804b683615693c17620f,test
right,256145,7194a46c21243114ff27b1d3c6dc1d2c02460a36050b57e13ed2f6a8ed65c6e5,test
right,257028,5c19c0dab6d1a13fd1692493043654b277c2248cf7400c49fd9c4ee4eaaf8a69,test
right,257030,44091389254ea5283875476d7902ac76684755ab96bc9b02796461a5cc60daf7,dev
right,257561,516ffcf639057298d610fd38d942d96e86d07c407a70700537d5a0dfb58bd41f,test
right,257651,eaf002482a4668abb939d1affde799f9eb73fe01ea404142579acaf042de9344,dev
right,257867,3f5e2d1ec4d37834d5b3779847afd173cdb10575c9f2e9b552a13e5e7abe447e,test
right,257870,2ccd4b8451d159b01b249bdc2b4914dd153d182bd48af4f441a2477f4e7f815e,test
right,258363,3bc7d7e32c0fee19502317de00b9b2d0b6ac179c8129922a6e2a64e00e640886,dev
right,258651,bf03331b6c4ae4871837703e5258ec30a198304cd1dd216858ee53030592e175,test
right,258777,cc217cbe1f7be3fce7887f850984faa20c99737a332d509e062cc42550c81613,dev
right,260003,1f1796679f39cd4e3f589a1aee3704d633aa0cdd963c51d90ecad2d1541ec2df,test
right,260543,f1a2031a910f19123f6ef5df6d307e8db77fa5d89f04ef4b34d5da736cd83277,test
right,260547,778347fc582c69847809865c0e70a93fe6186d7aa45ed0ba8f280845c2a38968,test
right,260561,648db46956004f63a304fd092748ef7b1760acfe8b65591353f42c6b4e26b49f,dev
right,261471,d32e98fd03e1dd1b174d11f5524a7d6bed93892175d0ad0489ecbe81dacab7d2,test
right,261566,642ae78091638a2807049a705078ea83e6e048c87e3e00342e149e44b32d11d9,test
right,261597,56fdb2e88967e21dc30f1222df9dd9b93dc41e97c1fc37b3ca3d24b307cc561b,test
right,261876,e28a0b9cb995669f1b7e25939340581aa1d31f055f554a47054501d21a20c7d2,dev
right,263534,008da3cfd1d93507b233ca731c396d02a32f19829720889e64ae8b662ac11589,test
right,263566,8e93a02109c640a56d71b8a2db1d1e001474ab5f3d9aac8d9a88e3c90986d089,test
right,264147,755c09b0d020ed1c15be5f4c266af05056acd9f050b3a61dec82631af0016322,test
right,264830,4adfc6e0e447e09e1a75c75e2fbe788bfc4ca67a2251d16dd7165827b251edce,dev
right,265021,c0a90ce2bbf3bc5b548259f0a1783bc60368cfeaec615dc0b5f7bdfa166e65c9,test
right,265720,800da48415a76bd6aec05de798c28fc6948a8515ce95338a0e03279c8c1f2f10,test
right,266093,62f6ac839937851c5c3d4b9b5799383212d273df91a53904e0efde30a6d43818,dev
right,266334,e2ea46e48a14b61b028c149f74bdb0514e33e3d6176843d82987fc61b4b6dcc4,test
right,26633L,98f93d9fa740468726dc5ace19bb4f4da6f7d66ac7fca5cc7b0f57460794cd36,dev
right,266340,3bd7958f461a8fc661bd3512bd0d6a56119f17b235a7c77b2a5781ff1ae3b576,test
right,266849,8e84a430f7c6acf30fb06d3ae2eb6dbe98cd82842770f33e1705f01903371329,test
right,266867,ca36fad571a4877ca408eecff1b05907a2eaf0fd015d6e673ed75ce3c334a765,test
right,267741,5c404998986d348683814042d7efbbea39dfc014f598b93972d80d2d1519385d,test
right,268039,e5049e0456e1dec3ab052314ada371a013226f48b9e79550f519ba427e31eeaf,dev
right,268057,1045a84b75759bc0572093a55d7b7710aefdc556beaa4ad1eeb7eb93fe1bab5a,test
right,268075,67ae7f20eaadc2d446f37dbb7dc87b804eab8289aaba7768a077630f7e91783c,dev
right,268138,e16657ce0196674f317a065a8f9b42fb5ac2cb7b397ed6503017d086ec147692,dev
right,268162,dd9ed18c42c01a846e01e5129c84cce7cae37a7e763f4673aada39aa347345db,test
right,268163,816e8bb990ac686640f74b0279637313fcd104f0e12d1aa3b1b0687754291307,test
right,268165,726dc5e72d1234380b9ab7291c6d43e8be2afde953deb409496b84e58f2c3f2b,test
right,268179,c505174841bee9e2fc79bb0fc3cf159eddfd4a44d71bb6f0d09d354868bff6fc,test
right,268226,27d98064d45403341634f87c0b64411db07576d829bd5ea336909f82b2fc14ba,test
right,268255,bb83a33a53e18cd98ad310df309db5182e841aa953e5f382aa78bff2e2c938fb,test
right,268420,e61683fbdd41841691563a7952361b53d2e892809dd85092682991e02cc8d62f,dev
right,268457,d216330e21c622c789d2ed32496c233ee6701949459fd6989b57205f67e0a63b,test
right,268613,1203570ae9f71c1566758b598bc0d846a0058cc6f66f8afe949b3c9514acc2a8,test
right,268696,e720111fcf2698a0805e19d3b872cbb9ef3f3696d0e9bbe4bab12dde7c4505d2,test
right,268830,9d10a61d729efb6ef06856585374ab58a477bdd06309b56d841747085a78fbac,dev
right,268841,bd55e5e63802decb549014ca13ad617b82784216221a9450b812d399d9e8ff86,dev
right,269030,a03a5815604c49a64be7fb11d4e4176129c073c47641f858dde44e4add598d2f,test
right,269083,6fd21a5932a5de31498dcc6d7e6526840b8aa9fb49b3841d7c1d80c906180454,test
right,269145,db1e985199b47a85666e76a34579a6d8907ebc28d538f086a29891b83c470205,test
right,269157,869a6387233a4a567d1df9bda6b694e8ead9523239d930bb69c9c7bec0485ef0,test
right,269305,61019216cdc1f72ef27ed656b33da28d63acf2f07dff5fead801cd89b5334a81,test
right,269803,304d540ff6e71400d1ef392eeed826daf241b81634f203397d5bbc542669da0c,dev
right,270330,9dd6d305c5ac167cc003a8c8b8c119b103f043451bc7066fb56968faab790db8,dev
right,276317,15b53a6ef5711c85b0e0ceaff2cff30d6642540371ffdf0fdb0fb2a020ed85e9,dev
right,277432,2419ddebd2632d5e499fe2feef357d2f734eb91661d1eb00be07d020a9aff107,dev
right,277461,9ace26265a9fc6da3658360689121328614da9321de7597da6f9d55672e88e9b,test
right,278058,08546a5a495ca7f04c8b01e13b1635ae7a41b479c62d5b6810bf141434d6ef17,dev
right,278677,442c85ee2bb22ef8b9271026cc00e0be513eda562437ff190c0f5177e477ac9e,test
right,278749,032fedb85ac155d2ee58231d47e5bc13f8253f47e8a4da065254448ae978cb4a,dev
right,278862,88bbe9e683c45190e978731fd0da549c11c5fd5a67e312b808093072e1985bf0,test
right,278865,9a65e0964741e44847a1129338482e33586ce3db508b63c69d22bf3599ed035d,test
right,278902,8da54bf251d9cc512df6061481e14344687c3e6d51bdfc0057b6c6185dd961c4,dev
right,281347,a2be60452aa246edbbb9b442046a338d7c03936c1dd6e0d8aff2afc889d38dc6,dev
right,282255,145d3c7e62349f50089b043ee3916516434aeca9e37b76e758229692692e62d4,test
right,284131,b42c5565d212d59919cf3c34156c67f7868eb80f6e9d83d22a7ec719206b9e99,test
right,284371,73f736f2014c0a36a4fd5a029b0d790a9f78def94912c286d53cea229560bbbd,test
right,284420,7e76deb627818217f743a55d6bc6403caed54e4c34f1282cf74a826fb2758f16,test
right,284443,0b01d17c76e3c8120a9ed591e441358fae0fd23a23e81e6ff7ba5e819e4b7e02,test
right,284452,2ed488168b1ff1b2db963c87b0cd3b6b69a0e90c1075e5b9aa0fe1bbd1d53902,dev
right,284587,199ccc37ee45e2b3bced598b1022bd0b5516d3bbba9ca73a4a7dc4a92e359b6a,test
right,284893,d220488bfd561f0f7525bda9c4234a4df2418b2b46b8cc9f38931930b3ab247b,test
right,285055,909ce1809e2fd3822077ee4ac318a6ce2f5603549fcd9ef062063b08bfb73b77,test
right,285060,d64be0054e0f6b0b693260af11560e40211428100215a389fcdb1740fd2ca571,test
right,285069,550a48cd7656e10e9e257b0938b210d48050ea9eca9def90ca78fc270c6a23b0,test
right,285083,ddbcdf0c5eb401cd4bd7817a7d64fc84d61c087ea82e38ede90ba5192b14b81a,dev
right,285191,7235f4b00d38b28513519ddbcb36d08502b5440020d39eaf7eabe1b2bbe8c9ac,test
right,285229,abd536386809ccd235aa976990bdf9cb3c582f2745e473f82e45e03451cf7d32,test
right,285294,c8bdb2da5cd5c561f2089e1dd983977099df37039d7b62df6a4b4c903b87de42,test
right,285335,c8fc8b999a4081a1b0f01f58a9f5a435bb160c37dd1ee600d296c45161c76913,test
right,285511,486fbaf0bb150d509a7661c30f31bd273f4bc691e3a9ac3057673f6e39e5f417,test
right,285551,dddc0aa1a207e1c555207c50126f687dbd0dcf9d87f04edfa744d5b0bac32061,dev
right,285785,e389ab1b25650aa5fb7ce8cfdd8a4f8f255ade32d162012be1b0a4c8fd17c3f6,dev
right,285821,e7626260cca53fb7d75b209f446c590b5598908f36ae8b5c7c84e0513ffe6513,test
right,286065,1a7c36dc61bf9d39fa99b68b5f8baa341468e95ce65077bdd77e70a24780c244,test
right,286119,227187f681f1627e3ad626e53883f20e08f24db4c35cd59dc25deee3833a2782,test
right,286162,a6042402119d165441b5117d5ace2ec8429ef87630a01506c70b0e032290b38b,test
right,286269,0e6e3693e1d911efacd87aaa8ff797174ad50cee25bb718eea93c08e01721ead,dev
right,286599,5a43ef86ee8bf5a5e9eac34ecf73e4c0f42c849312efae42383c0f14034dd8d6,test
right,290371,d7fc4e543f841912564fa8d0c08267aff6d345f4b812e9a2720244076aded3bd,test
right,291011,fb6ff5a9da327ce5b4bff632b50cbcccbf505508bd6e9ddd25a21f5715b31565,test
right,291173,46b8209a786bde81d35a8e3905e392e142cf4a35537d6b3780bb367b201703bc,test
right,291210,43682a1faad0c07d5e9f6158a3f3da3bb503df747268d64b15c487fb086b9d4c,dev
right,291586,dd013cb6486eada8da0518fa7999ecac3cd730787b9e4bbb8d934878e6bdc5e4,dev
right,292007,969436330cdd68ff729fbaae2949244664a709307261bf62d0bbb099ccd6757c,dev
right,292475,e2dea3cf3ce8d12c53840d9cf6429b7ed6f0315f20416cf4f3cc94cec55cc895,test
right,292659,52db2d60da9acb2cf81c81d61665912f1fb17d543e62d235340bd390116a0961,test
right,292713,e8196112886bfcf9ea33ecef32b31427e4027ba9ac2ed1aa46e143828f38443a,test
right,29271E,b985fad93236fdfce8b999dd1292537362a2d232ef2a52c0607a86b8f00f1c34,test
right,292845,38a37c61f2063a91efad821b1a2357a4d35cdb65b2b4cc05acbe12cc630943ee,test
right,293308,c71c9860bd693373f76edb6da9504c9a1c2dc65c48fdf77c6bbb343775b62f6a,test
right,293561,6dc7339353671bc35c24719aa0b37f689452ef1607e62d8872b82390df2d643f,test
right,293567,acaaefd24a6da6a533d3d281d766d4516db3ac541751537521a62eeda95a022f,test
right,293805,e399ca754ab6ba35be2633c1080d6a5bb4c36e93dc686745b4cd67eaf5ac043f,test
right,293857,afac253abbc40d1f98cca3b3f48ea82a7d1f72161d747f9bf7f9c3c34b87cbbd,test
right,293904,dd18ff2bde956807f08d46fe4daaca0e9b38d47c06f4086d13c90f6049a66fb8,test
right,293940,6122621e3da1eba383c7881c4dc44c91a38808fda7e118a1340a76ff15650bfb,dev
right,294037,3fb55d0101a1203231f367227dda1621b5a4d05ed88ba273780cf9cb563b0399,test
right,294056,7fc656b7a5ba36fb78846cc323bfdecd784910c65a36d94fac505b04a504e45a,dev
right,294092,dec28f70ae5fdc2a015be09494e4901395c7120d045653b997547cbbcceb0c6a,dev
right,294098,e66e9d69889e26d36fb33e53302f20c8be85a7f287bdff276b795e592a3352a6,dev
right,294261,182fb1b433edc1d114670ca27821cb6bc3cbceb48f55a5c8c3918b492154f1cc,dev
right,294808,5b221cbf1f5cf2a309bddc709ca939c491eab56f0afd0d05586dd9b83de62123,test
right,294821,f478bb857e9b9e3a99c5fc8755ddbf94d9282034aea06663da8b5bb11abeab66,test
right,296011,c4f0cc345f59333c6a3a176a625e487de70cbfc42dd46fd36ebd0b132390c0cb,dev
right,296470,5f53b270ac433506ae558e9584667ba37dae3374e47bfc1e514db2118674b23d,test
right,296650,341375106fb93d5186ac60f451bc83cae7df053a89bd5014e8d13b1e38b9be8d,dev
right,296656,f938e3fce31127b9847572a9662f9b3712081273740d1c863fcbbe5d6ffa4b2b,test
right,296659,1f813f9a7472aa76b25e887767ebb9b0ec23bac6500c7b056005efc0d344a3eb,test
right,296695,a0c0f8a63d9a09ac5f934e56033dbf20f7282456e31f7ea856be29996c2d571b,dev
right,297015,bbd2b14ea27fb0df0f8c5540ae491c5a57d1032cd785765c1d3ce681b4d0b80e,test
right,297659,2a8f6887bb2d18ceda16e566478af9ba8d979e92076866f0f2de927aeffaac43,dev
right,299101,4c0b6c7218fca2dc56fd0afc8450079e37643175bdec4c81fc140ef113309bc3,test
right,299209,1bfaed016f2a908c80be5d0d036e076da6f420e6b401062f8bcf0cf24d3320a4,dev
right,299767,9c94af0b72ebd95e81b9a4acd78df58f624c158c351bd26f4712df5e059e1da0,test
right,300072,954bdd1ddba87a8870870cf989d3d28e654d13ac86db7c23f9f55d0abbbf3fcb,test
right,300587,fc43adfe5f61011057ae802f28d6469c19a2a652a43af13cbfd32b1a3f9d2156,dev
right,300615,6c855360a72f4077e8c5696932476fb798c7bf2475cc072273204b84bf0784fb,test
right,300645,2b65bd1346d0ea29814a3c1cb68967c9d33301dfaded1b185f53313b36cf6be5,test
right,300657,cedce7b6798b781c2721c4d11bd51c19c7d9ea418fb5a8252ad1206444de16ae,dev
right,301605,2f096a76683db3e2c91ac2596a61b8e3419753fa533993d4b358d310c8d8eb53,dev
right,302290,60566a663458a60e1c0500811b1dbb9abf8c3ccbd90746d42691055bf425d4e7,test
right,302419,48b9388f82623a416b6d76caa68120de275924f98136c77791abd893a914aee8,test
right,302491,46a1e4187f821de6ef1ad1836f83573ad04326d6904c9f73aa36433e64eadbdc,test
right,302747,835117bd132211750b8fef4788342cac5472d1cc679f1d9b7e21852ac2b543d1,test
right,302808,6bc3efa200267f1516d06d49f4c9ef4d2d481f7b68fbf9ce46f10f8b870a9570,test
right,302855,6987e0195e2c8cd7b1f29006d89d001d68e7dceb4054c4c00a2bc005b8a14922,test
right,303032,6b6d98acd1d6252f3c7e99593bfe78000cd5a5dc205b911f51a999a136ba4e69,test
right,303693,5535b8cdae2c0b28ba0da3f020daf073ae4c11afe1256f4249638f728e11531f,dev
right,303698,6ef0150944e3107b5ee540bb5ce4c23b812dffb3b12be212088137d28af3560f,test
right,303711,90019999668e043f0694ae1a4b2b7aae89db4aa1806983f87d049ad47416a024,test
right,304621,63da62238db44cffd5aa501563fc50719c02097fee6bd70f311a7b985b148fd2,dev
right,305189,c3055f94299f83ef6a6b213f9905a58a55095a84dfdc1a24bcbc8b5bc8412af4,dev
right,305477,8a71c6892262866ceadff2b3ce52ece954559cc7fda57fdfe6b55a97d5f7a381,test
right,307260,d3480f6872602697745b7a3bec1ec036b201c0af250c93ed73d3b02e27a63ab3,dev
right,307387,044b9cc5ab731d8b49fc248c9c516617f37fe35ae690c9ee08aaee2cda9ee9d7,dev
right,307610,f2d437b0cacd10c1b828bedc5338bb2a7dda59401cc137f45cfebcf0fad12f02,dev
right,307675,8547f39e9aeae1239f3c8ddde53cc7f09005ff566879ba88154cd75a597032e9,test
right,311648,68278dba5f1e079756953bcc80e2d7721fb0cf837487de12d6e99a505e767368,test
right,313135,73998e3e47e3365f82a287e9be4176a634fdf7f1246f7f5ee17d6fb4fbbc6bcc,test
right,313549,5be3314fd9413005528d8f9c1fb662330228e27c403fc20bd0985a46297fbf0f,dev
right,313693,1a7ca13e4a81f48c0700b36db92e424587d159c8315597afa1390c7a8174451b,test
right,313819,e55be9cfd677c7af3273bd8a28a250fb47bd0ade29148454991514df9b9c9e1e,test
right,313855,e6fb828772151906bb534c0db51d8f89bb764866bea438122b1368bf94bd8141,dev
right,315405,687d2582445f18b3bace6cd4ef1809ab17369ee7c11d1b64a55b33a1ddec9652,test
right,315414,e0f499c445885e92f4c1ede4779ec8b6f5bd5efe007cbd00c8414493c92c02a3,test
right,315626,12b812357f76a7708af57bd99377527fd37d2378d1b2fb2f3764c42f6b64252e,test
right,315712,4d5b6b2f3004458ee3493337b338d45ff11d847f2408b52d0023d683339b34f0,dev
right,316549,5de5e301024c7f7f0fd1af07f9694a9b0dea4fcfed2f62e4b81cc588619283e8,test
right,316598,8b3f6d7a51616dc464aabc74f8c78a8f7d1bf46f964ee9d5ebfaf267fced1404,test
right,316828,496476438ed8f13854ca24aaaf035cf0d3caa38bc53273a3675c8ca31415b5dd,test
right,316830,496476438ed8f13854ca24aaaf035cf0d3caa38bc53273a3675c8ca31415b5dd,test
right,316869,71c65ec81006d5ae2a578edf281220da1eba5702918d8eeab57f6668dc01513e,test
right,317312,d8669fca83955513423f4954b6b747a2d35d61c9c7b3039854eb8654571b9b71,dev
right,317315,9edf2d430e3aee7832d7b2c2bf5e91ef728bdefa5339676937298488c9ebfb3a,test
right,318067,0ea367b981d7cdcd8184d44163e8cb5810578d9d4f0dc1e1561dde5a98e7794b,test
right,318315,d127768625413b3263397b357ad1cd824bb37af229d51dae641d753bfa635f6e,dev
right,319356,7cd7b49499ecf0853a1a40800453e5f8c513dbc13c80e58e47111895683fa787,test
right,319455,4cc21f4bb09ecf0a3ada3d306fbb6877aeefb9685509c374645022bc598e63bb,test
right,337659,3800c6683410e57290efc9862a4dcb0ff1e5ae9f76139c33ace1f9bc6d2ef50e,test
right,337693,ee1b2bd5cdbdff5045aae02f7c53ae40e4f7aec42b80bab0cbf16122d9bb9faf,test
right,337886,505fbd79da520723081cd73822b1c544ed5270864f7a488df36325d137d52cbe,test
right,338027,d540b0160f0495baa92c13c54ac7e12e96f32810a53a070acdb32d82a80fb27e,test
right,338490,96f21ae4dac8d83fd3d6f986ba3cdbb49a2062066775a989017fef19a768b3e0,test
right,338892,3a0bb03f588edd79b4fbc27de7efc4427200b1f0a5ea4b2d4335383706d319bd,test
right,339099,f78db20c82c63c8fb3cd8f9f5d43a4767056b358c5c79f0c2bdb0142aad270ce,test
right,339382,dffc6a02563a70e5b42f62977c6da8a59d8fb2bc50c591b54d176d488c982cca,test
right,339711,dcb2f22a73b34055e73874698d568e13a157879ac4bb642d12dda22a62ef5a94,dev
right,339734,7c63fb79f91ff8c52b32f3a2d04eb36975b697a09a9d9be8db8d79d2e008c932,dev
right,341109,777148e39b7683710264018c7911ebc8b114f03c1804900eafe65af9917289e5,dev
right,341140,6457a42a1949c76f55b98cf40edcbd2b93fecfe5c10e68107d7254ddd8729f62,test
right,343172,cb1a2111ad25b6dff298199c69cf452148b9cc88ff92ee10ae772b441d7e77ed,dev
right,343465,35920c1af89e9b3bbf97941e384e1baace53217031e3827d52d02db7ce8fbe27,dev
right,343468,8255c6969457e1796342b8de6bf7064f7e3a45e762f631eb6a6a8c43a3f66280,test
right,343856,bc22081f36ff831d5664a9016a750bbd7b77372a0305ff8488654ff8c8a557c5,test
right,343861,028d30d402882d5f602dc4c167c7ec18b54ad35f530e98c7ab4d28c5a5d80821,test
right,344437,30252838b00d084b2ec6940f2ab17e20bec3ade413137053b9c5eb42ca47b0fa,test
right,344892,63cfd384320b1b9882dcb71a53ec684ba9149f64da7359352fd3635fa14a5de3,test
right,345370,97e60ba89f80c7f763e5ddfb191b382752589ee886f9a5945e00b9884d97b385,test
right,345838,153621f39ac3b077197d2d190f9bdf86fe3b00ec6e60bcfbc3d04a5222697894,test
right,346377,d0ac8ace3516dcd1cc9579f0274446b304b5c934c58fed37c11b462d373e9f1f,test
right,347460,2586e7d6a3ae182180775e37953a561ddbb46bad71efadee270ecf0acba47a14,dev
right,347461,2586e7d6a3ae182180775e37953a561ddbb46bad71efadee270ecf0acba47a14,dev
right,350100,5808fc49c7e07ac77df632cb93a5afc89a80131076d19dd2830302fad7f834ba,test
right,350244,1648141ab813b41f765bcd2cd6227d5b06811daecdbd9f98e04b514749341fbe,test
right,351028,2d6cb6791fa08bcafbef45b32fa1310e2325834eb86b8fedeec0b9a1f904e393,test
right,351604,c0f204c625b2338c99309dae29f26137628280f8ddaaf72a2148062a58df1caf,test
right,353514,4031f306b895750ce1aeb0505785ca82dd6c7a5be3a9a3130bc9fd8cdca92d9d,test
right,354010,aa56809a133324cde60a1bfcb01784064cc765c9343fbedb980978e014e8d24d,dev
right,356714,ff967de7b495d6501329e86da8f5e385315ad42af73cacaea5cea1c33a6ee109,dev
right,358010,30ddba683eb4969efc72528b053d9a7cd59bcde6d1112a068f094677230e9914,test
right,358028,15c867255e25b0d89399f45f10384b7b0a63dd3c446ccb60bcd55c0a8739b0bc,dev
right,358031,f15044c62f8717a0ba5e4e1846f60f52529f8ca5094212fb2eb36b4c4d2e43eb,dev
right,359370,803b16132058ff61e2a3410ee5868b40b6c0449ce41c8026ea80f3a397835cc9,test
right,359586,d0ca5fb2d3e2087055519a64f0290e7b1140cb884c60e481c821dd697e9778bd,test
right,359694,cb9aeeda54325ef1f3f7af2d44346c7aacbd4ac7606b5387b4cc4024aad57a1b,test
right,361028,b8d3ab43a934f4a2fff5d59a2f1a5bbc0fdc154d9250b58bd554d978462e528c,test
right,361106,daa65dea77d4facf3978773076cad58c73393bfa88403fa0fe5a9b885009e297,test
right,361129,acf6665fd85706fd594e7a8e44c32ca82265fc7d7ce54fa34957dc19f68ec262,test
right,361448,ad31a5fa79e818297f77765829fbee8e1597c676a551f45651e99ca2360db2cf,test
right,361556,2146a8ff7bf2215c62516d7c17e583814f6f38db4726e1f6eda2814355775348,dev
right,361765,727b761e0dd63a3c40e9cab2a0dcd18ef124948446e9f8fd193142da21c1352e,dev
right,362235,c248527ced4f693793485d478f194696318c63c85c1379a929d61b045f8e1dd9,dev
right,362320,b9ba0fb531d90ada778740ac0aa6d93b90cb753e75369018022541e7b0f96907,test
right,362360,19cd69f7439a5c423d23afe06470f06ed4d895438d8cf06c6fde59ebe17108f0,test
right,362442,a5f741553c9b7a2ac6e8a550da3f6d2d13adb70fd32fe71a43da674851cfe990,dev
right,362901,e2f59ba4aadabd3d001bc1db6498759caf15f0a062d52dc45829a4bdac7b66f2,test
right,363544,3a1e58d0fd4fd78090472f71ea5e286b80c71759032121ec88b6f065eb637b55,test
right,364424,8227b9d1ebe410aab6a2e4af662677b281e3d48f9047b935535a47f9d37b128f,test
right,364657,3a5f24ade460285490887e385f557b683a830da84403862c9db533105903f2d9,test
right,364717,bf09960b33a2a5f5ec9460687489bd668e79fae22d1ba16c8f60c15ca0d7de10,dev
right,364730,87974d0c48e678edae7e6a844211b4d04a60325922cae6a6cc4081b8eec30d59,test
right,364802,bc67496a8962555eefdf6ef54255589629fe88ebe8c8d3a7f481108eb546eb9a,test
right,365550,07259dc85de541acd03598b12cf4f67d603fc16e29ff561482f4f472bddd0650,test
right,366190,436796d7b5233a7810392e3c79ed13e390dfc8e0b09c02118d95ebc3dd4dd0f1,test
right,367410,35711b830d28a25f665053520846df0a2fb7fb7b719e655e17bf67de85fe845b,dev
right,367622,8405e21c6664faa0bf9745c99cd37d9d17c11ec1ba44b72d39bcc05cee8b1b53,test
right,368145,2084fff87a40e1ac9097615449c216455d753e0f704c29da70c1637f9a075685,test
right,368298,978f076b091a9b9a0d02ff6b280326a8a5175e22f52f9a4c39b34955075e07e8,dev
right,368483,72b8a4769b8c51b9d086cab271d8fb923fc63d9add9d2d643081e96a0283e87d,test
right,368514,3c45589969a8375b126d312d95f12f30e8172cc85e026c62ba47f0a0b84e6b24,test
right,368678,cb2d6980b15fcfb8389dea31f31a5e7990103c6c55173cca81664f8bd39d4800,test
right,368682,3ed6ffc4f984f40713248e30a8a61307797ce72cef8ba746d141a52ef3734280,test
right,368710,63eb65f0de468cac93733a1fb3d368efd00cb52e3e4cf96b8fa5737c4cc2a4a9,test
right,369032,d2f72083ac8a99636e63f45505cfc61c26fe29ebea70a86563255c79049ed779,test
right,369154,3a326805005546c7074467fdf1aeefbd11c359d4281af56949e97d913b269a1c,test
right,369325,22fbdb3365c11f780902d65ddbfbb993ec29a490acc0342f5570c40b3d17ce02,test
right,369487,84221a7e287bb44383a707d61f0247777d7142281a2ff168d5057ae794a36738,test
right,369491,5ef8163588f894036c1a8dfdf58cd71706a1af5a94e00ff4e73ebe27df4dfaf0,test
right,369550,f684fb568e223c36712107a8f5b4223d70596c715d975991fa90a916378cd606,dev
right,369604,5e17b873e82799cc9e1fe219fac45d4ab46741f9f9ce3de847b15eb2d27b5c74,dev
right,369856,398871ecd752315b9324dd615e2050fa55ef2a3ace4bec703f61ed7c2710e796,dev
right,36999Z,5e17b873e82799cc9e1fe219fac45d4ab46741f9f9ce3de847b15eb2d27b5c74,dev
right,370064,c6caf4aa68dd84cab171efe84f29dbea9a73799da0c672b92c3be9c1e291d08b,test
right,370073,e17b2e9faada742336bbeca5d061f37b2ebfe4f73fa09020fcec9af745ab3783,test
right,370118,f355c2caa336bec780076074fa88e697683f6d9fac4f9937dcdc6c83194046ea,test
right,370121,f355c2caa336bec780076074fa88e697683f6d9fac4f9937dcdc6c83194046ea,test
right,370172,9793f7b93132d41f5bd32cb40f2c94ecf534c758767e0ce2781597eed399ae96,test
right,370262,5e5f9836dce0c6b6bb8fa4ed8626d8e5896600f65d1ec0113c33f4c1a37a7472,dev
right,370307,acc3906af292687aac21a40409c4f3c977c6672723074508f89696a2d12286cb,test
right,370334,185338f715fecf6e998544dd5fad765d143684811e328ca212ac883eca277e92,test
right,370442,738859382642622515a2d9a3287620a0d0fa51e6104ee608918e4fe160b50254,test
right,370471,183741038f51f2fa72bd47863b318e3fdca1b8f82e5dacf1ae67f89f47158cc3,test
right,370514,8590dba6cdb5adc3dd4c0168dbcbd50acbe1f5797d3e7107ce240aae40336e02,dev
right,370622,9352a1dc041113590afaedb86a97a1e054bb1f3675c6dc17455640f370498f9c,test
right,370790,705c12948baafaced973230377630445a7ae2977e102f85d1d106e51fb9e021d,dev
right,370820,47043eaf38cacd7060fa849a88c577b0c0ead7b27a8a3508c0383b9fc68c7fef,test
right,370838,92d1111cb6285c11f164fc1dbb6e6223c7467853103b585ba2c39299fa771ced,test
right,37099Z,28006d5caf526e3bf9b9ea6dfa74fd1196dd15d8d1079f7842a74b7569d8c5cc,test
right,371532,302eb575553c9c49d328ce3692a5bd32a8714c7782c3be8856c95494c94a8e51,dev
right,371855,bebdc42824f24f2167e7e96cec01ebcac4ed4dcb08b56557072134c22cc218e6,test
right,371901,244488ff1318983113a6efdc93f8d576842a9bef30a2419c9a47ebd90296f1d6,test
right,372275,2f3142e392b674898b4a110934753e9d0cb1d7754baf02d4eae43b62d9b9e76b,dev
right,372298,b1d863d9acf551cce75e727bcb4ce995e2abd22caf41598977bd8709b0f3c18a,dev
right,372434,5dfd02203b2f04b5f5e1831166fd06373b3282c1d3c6ba004f1dc740eb015f3b,dev
right,372447,56fb0063110c829ceecbb250615728ba35cb9d0cecf5b0a7e7c5ed840d01e488,dev
right,372460,cb1553b5d90755b42094a551573162382a74b2a13ef1cb7632aa598d600e0eb4,test
right,372912,5b80222deaa2fb3bc1a811e0eafd95cc88b41c0f3e21139196a3458a56d8c86f,dev
right,372917,71038caa542a2db065fdcaff3f45fbff0f36334e96a758bd5bb35fe8d6354363,dev
right,373136,2b7c30ba5d26f3ad30b2616778f37f771d459d6b26aef9290ebd4136b4663091,dev
right,373298,102e93058fcf2b96b1be65356f8fe0750a30fdf509d4580d148ccc5a3cc1ab26,test
right,373647,383c3a6809adb49969f74f4d495c2ef2444219a17ad65a75287a15c2bc58478f,test
right,373658,8755c63ef8e6173ad2752d64b33711c616e489362169376d57ff6398b6a32e88,test
right,373712,19c6592206871056cfe11d82a65e1ff631288cb54c02cd70d3af1e9d1865aabc,test
right,373730,3d8df3da958125e786400c3d40538d7fb98c986313e7343a30196a6dd1d08b7b,dev
right,374280,ec74efcabc3cb5baa8d420d7043962a7bbc340a0e935b133b01e6fe9998e1f98,test
right,374762,a5a50d1c971f4f77fb8eb4f38b536888a7968b1b1f38e185591f86f2924815b8,test
right,374829,0a99b71a25e70ab74843a6d90f0d4d6faf664364cdbc80fea6be055bccb1ac52,dev
right,375046,772f7455e5a3c34308471025ab810c0e607465317b4fc9d804dd5cae7ca320c9,test
right,375175,9814b289fed6f519601789787e673fe8c1d5fae3b81a58c3fd11e1a21547c844,test
right,375307,4888b10aff9461447d1e424b2b166f445af238c580e463643c6afe7c9cdadf39,test
right,375622,70f9f2c088d1f57262a04852e1a36283b864e98996392d0ed1874073f5b8bb3b,test
right,375766,60e8f8e2e6414d911a6587b1e97ea6bd214e3fe0897c3164d3ddb005c79643c4,test
right,376360,13ec565766a734aee37b70874e4c938561e1e6cd03dd69734d22d3b0628040fb,test
right,376424,5483d285e9aa734506ad624c1854075dc0271ef1a5a6831659bdea715c413c93,test
right,377316,afd339db91b7aecb21fbf882a578f631239581a0f8d7601498b7190abd61eaad,test
right,377339,9d1809498ac02bba9702509da91f4401935ac269b079f1d4c81a57f7c8969162,dev
right,37733W,028bf39955434f94e94c54eab7a725de42a5bf3b45bb394cede4c129af62273e,test
right,378694,fc3ec112b99639f750a750cdffb631a8e1bf0a0b75a709e699ff832c5585d227,test
right,379352,5b7ba04a26ad3529c662ca83145c90e1c58b6b0eb2bd425cc3a52df32be1378c,dev
right,379442,3597cb47ff6f55c991a0f5ddd51ddc4cb24e59def91835e97203b8bbd65da076,dev
right,379568,625f875f932e117982ae0c8d675fbcc3791b70640f82e71685c98313d869df18,test
right,379702,b7064a3363e10c975601d0e1d3e4d5ae9c63f8cd98e16b9e9bc3cfab731f2238,test
right,380198,4f107377079e0c54f34365e18684a91b6b208fa6a009421cd2887fc484218f9f,test
right,380262,3a89caf4f477bd73641a5cce04dce69d9fda76c0ffe504c24b86a88fc72da241,dev
right,381010,9974646e1c94bbadf75245b4808570e350ed5c007dc7dc9b467906bef8365253,test
right,381328,89c829a5d60098fe1310559dcd6a304c4eb5abc39e749bb29798c38da0bfe5d4,dev
right,382387,4b40f4fafe345c316ed5b13b09cd57ce78275612780183ae49ed4923989629c4,test
right,382388,54e96807203ade3329dd45c5438ba89e0973917eeb1f34c16a449199050a89fe,dev
right,382486,6d892bb0ca404c0980d4057d286bb7f046254e470d1794f695c73fc3602f74b4,dev
right,382550,e14f4a11a53d0fcf5913ea6952dac06fb901f2e988fb5146ec7c496136d9e5cb,test
right,382748,daacb9875a5b0dde8112b0709c152ccb45cb3132f734a90bf031e6f09b78e4a7,test
right,383082,d2298401747b8363050a48ea00133146858bcb829243e23991536369899dfbdb,test
right,383483,e3d331bae756b346be02b4987aa0c767318c40ff1ec15c0e7b422115ba82925d,dev
right,383492,2d9a1d327eb189ff376a24598fd699305d958672f871f6db2d9dc2d14986b8c1,test
right,383550,f27b07e94d697b262cc565dab7a3e78b57971e395fedc3cebf91296255f55fc9,test
right,383883,820593348b39a11fb48e17d691f021daf9b8a5537e82af3bcac39f5344a36653,dev
right,384109,f49e0140363496a69f24a5b9cf030e071d267a8ca45f6a9123a4bdbed1ea9ffe,dev
right,384111,4f6f63c4e5f29d67521e41c77dbdac6864a137e4ec0f719a8d8b3d9cf792c515,test
right,384556,29ce9d2811e0de26b385d48ad551fe703f51381bf07e98434daee42ef6cb8d4d,test
right,384653,3c6a22a961e06ed848733be886b4a51a47a686b5483cfb2e59a4f9f26166e5ab,test
right,387100,f2cb8d3c8ab20c40f19a0fdbb1b025c7d1744c51740ddc7145de70d698686ae7,dev
right,387478,5f543b4a8db6ea4f174543af2d5abcda015fe354af0767f41983d0435d3329ba,test
right,388092,881cb7dafab1239945c322161ad1b95e63ee883fe74f5f9d5f126d00eafd3cfa,test
right,388676,0e6b14c249b2bf0b35f54ce8e88d4f7d141ab672fff44cc898120165ce722918,test
right,388694,bf498ca320430c1e8329e703e6fa760cb3151e2c14e88a6e7944fd756db5dba1,test
right,388701,fd7b0ce61815569d1f5321f3eed82ede1816e3c6e6bd1e47e57c1a86ab3a8ec2,test
right,389380,2db3d3cfe6a5b0920cb8fed1bcbd0719ff84120eb965a8a758f63a442567b74f,test
right,389893,dd9341411635510e7b326ad7edb89429611b341fc7b7d4ca97aafc473c161d20,test
right,390568,07909217233b071f0ee4b82605f359e0a47ba75da7b61b8ba546983527fecc9e,test
right,391090,07e4d5830f2702d91ed505e3ca7d95aff05e450ef135c8dbf51ba7c0553ed606,test
right,393046,1976fe18a8f7c856c7f1bf8d2df21f14002b25277596e4abc1b54293ce4e26dc,dev
right,397003,15021602d1c04979cb5d21bac6be21c85f14f104c863704d89fe934f753e8ae6,test
right,397442,5dd18ec141d605db1921f1c4883652c7506f922243434a8b7df73b57344dd861,dev
right,397624,c61dd52871328a933a5c0f16fa487cc4b33a0875fe120e34a9d56fe3915a31fa,test
right,398629,d58489badd469139e800f650b8b28c3ab3806f3539a060749cc46a55085a3af7,test
right,398784,ee64c63d46453a90a8e8eac3c2a09bd6b79f4d7b6bfaf5132d12dce148859e78,test
right,398794,2c364f40c66f5966a32fc117552443a50461b99b391e87b5ad2bf5fa9132f7ce,test
right,399820,d4fc347b5b5e57f4081adf31803303bb84e6e814a68905ac0ff2a80c4e0b75ac,dev
right,400118,5b3db869af419974de02dce1844cdecb4c4b9a1ec30e2a7f52f4663e58e6fcc7,dev
right,400181,9c2e98d78a38d02486b09b3bc89bf57a8c8ca0b7b2b670939f219261b7cfd868,test
right,400516,6b658778fa8d9e248914f29c9eaa066217dedff62f436f4c3cfc59c22de9b2bc,test
right,401352,ed72637d8c0aecc8703cf338370de63cd299f810c876348f49ef4d0c766cf9cd,dev
right,401370,3175273ead1b57650025745205dccb31d0f75511ca5b6436576c1eb8932574d0,test
right,401442,eaf3b80da05ad624fbece9163baad742bb681d2d6d3e702598747ca4ac4ae8dc,test
right,401794,ac491484d4657d3f5befdb75a3bbb05a678814d7b2d71e0d0e629bc2b622ebdb,dev
right,402185,b23636a6eab0e5407e389aab1b9cbd1bc98aa821dc962cfa7986cd6ba4c09a55,test
right,402784,d008cc536cd7c0ec14be0747c4b66edc95a682cf391a8173701073f3b6ca2f83,test
right,402900,0134a6e841ccf68a94e6d9f57ad91f31755aacb5baf22bda817a41a0be61df2f,dev
right,404245,10aae96e302170a25cec64dd089696d0042f6ac0a3bf806c9cbd11a191715a77,test
right,404504,38bdc35d5382c64c3ef705d631f35a0fda2f5362234b6af1fa035deb25a41303,test
right,40501V,7102bf14d3d01f7ddc8667d0e3fa97da7daf4295f9f9870d3198eb12b9421b2e,test
right,405022,e4c2af4943e7e9cf17a132667524d170e34a0b61a8695ceea94770a66a9db795,test
right,405326,a3770bc6e99aeb2582d34818f3a87d542833b960d4baeae8ee4b6a3facda85e7,dev
right,406216,64450a261d6229bb70572e6376027dcaa6d82908b2f76c5a502a92d418cf335b,dev
right,408360,5ceb1a61b852585cc45b905162e78752e84866fc00a11eee009146319484967d,test
right,409189,e5b9d45fa14c4834e7b17e135217dacfed8e1c4ccc24c4042e06337fd5a77027,test
right,410306,c49e657ed74097ad6c3b9a9de4b732cadd7a23a20983e8f4db1da35de50c1129,test
right,410342,74d382a6d496bcea773d4e355e08e9bcf7f9a1e7868f35c758501b3922e61c76,test
right,410522,af70d32d5438ca03c498fb7c5c0992ce80ba5f963fe2876999897e2b649777fb,dev
right,411352,ab929de63ed8c3f74c8d35d23eed7b6e6226a36b24211c065924f0d06dfb356b,dev
right,411631,62cec5fd20aee3200574a0dd9c183093cd1380b18247fcb59ca09207c0de78aa,dev
right,412324,4398dcda264e0c0c6856539c76ab6067c6c56d2385591e96bb8c1c4daedf242d,test
right,412693,00203012eea0222482415be46eb576ec6e91a21f10f2e6e4eef3a894a08f8c5b,test
right,412820,29e4ade94e81cba1a6a0e7909f0c92ad3a201406f39044681cec11d9f9a7e49a,test
right,412822,8cadfe1425de9fba1f0ac177916bd9ec0f9ec11f342b0c107217179c1f4f2ab2,dev
right,413085,54dcef807b29a7d7c611a6ae58b220805d24efa512ac0b9e5ef8363b11b3a199,test
right,413086,8fa9c99704e9aa03faa01739e4d09672242f7f0f765dc1b175af72631fd65aaf,test
right,413136,99e966a6a2d2894c25927bde1c4645134dc9080a7f8ba0e5fa2ecf81a09f2a47,test
right,413342,cefcb835ed77b41069f1c13a6d0b19fd11cb583e9ac070a9342e2ba4e0b9884a,test
right,413345,fde5fba165ad6c349fdb49ff2d044377fd60d7fa8b6035dd377ff329a28f1b39,test
right,413378,6da1058345377e26b37b38745103581653b7083b0ffd9f5940595d974674f23f,test
right,413841,e6643807684dd82a4642b664f6a4b3a323f2593f593d7f8468d81a33376cae3a,dev
right,413875,89ab768cf4053b66eb2766b7ebd905095e5d0c89bac5d479e1d3d1fc2f0edb90,test
right,414545,fe47469b01afc87c40d2a88b4e47c1893ac0d205fe7129a563162ab635b69016,test
right,414561,fe9f05a222e3b2b7c7be9aebbf97180822f828a93384627d73d11d63cf8dc8bc,test
right,415864,a7d85b94ce5d6765d7ec844e89fab08311ab9fd454d7f85ec77d2ccd8320174b,dev
right,417119,f5bc76c2e531e923b17e95a1c93112323df2bc29c38c1ffe0dc6f101a3b26c7d,dev
right,417404,acb63539e306aad63e304fc93c8fa7ab261e491ef1c5f568bed0931c4d6f47d1,test
right,417434,db1f53401b4ba52ca0995c5b6a32015e15fad96e55b13a6597da6026301b6381,test
right,417533,60c42fd804d0cf5596ebdabb221a197d50024e4a040746b1de8d50a27641c6f6,dev
right,418056,8d9490a0cae1bab1af70081dfbfd069f065f8a14954f402cba70219f218414a2,test
right,418106,b0e01f5337edba911fe7cd74bc128246085e42f644ad9967c57e6162da268740,test
right,419011,95f9295a2046851c4060dbcb4d524d2e1da27907bb016a6af2f69d7cc9de395f,test
right,419148,dfe770ae3e4dafef8e2e38d7a15d2f803db327ed0d40c81684b371b86a7803c0,test
right,420758,394724f8d39a1b93a930abd0d95100fa396715e1b1ca1b8a536978786476781b,dev
right,421596,a236d8631fbe0b8c2d6360fdafcd83130c33792441cfa704c96aa4d0171664cf,test
right,422174,5d3a611d85b8bb4d940792b3c333ac7d08291368931762516c46a383423b79d1,test
right,422191,a57ae05d089707d692608d03ff5d67426068b37cfb965f0032a5087b413dd6ec,dev
right,422203,9842af65fc6d0bd52e0efff8c16bac39df55ff19b431d1401338fe86e180e21a,test
right,422805,d715e3cdb1dbda7539e5b07df06e9c08251d16ed62a09c1b957931b31a9d48e7,dev
right,423002,03197b90f2dcfbb5bfdbe1a34a386d2d993715e7dc2c388fe29118f0cc86938b,test
right,423074,ddff54565a55c64640bde6024ebbffafe13d13efbe03077e60a0144d31927ef9,dev
right,423076,4c53326bdac3f80750747f9f33544b9b9ca00e588429b57a3c7fcbd986e6f56c,test
right,423088,508b4c2a12c5dc2e97c94d1cd5b75843db24de413020882cbf1d21cff859098b,test
right,423236,1e08657442aa0e7986df18cb8ba445a202c5fb0e3d1f8c8473ad67c6e6e33490,test
right,423319,cda1a0b5b8634798af5d077e37251b9d72509d96d77e9fcecda4c625039467a6,test
right,423434,0df51d8c6b594806838baccd4e2df94b3f6499027657e3e6157aa724166876c0,dev
right,423452,cc02f642c4263e71e328aea4052ce3ff2962d730af59c537873de7e27b00c40f,test
right,42550H,25ae6d18f1f6e078faabb84886249c5849b6b133b40b31d43685c945035531d6,test
right,42550P,908c088a69827c8bbf09895f3a99b1eae6d504f439cdfcb27b36b3aa7742f8aa,test
right,427029,0047cde30d2bdfafae900f3b9fdeab32328622fccb2f13c2429481bca55fff3e,dev
right,427056,a456faae6164e76d595579cc0a599842e38fab2a310c6fdc3cabec79e37a3888,dev
right,427182,48ed4877adb0660e0922ddacc938e69dcf04a840a10d249c7880f80207c630b0,test
right,427214,b4f5497d781dd255fa34fcd31f3b8be1ded26fd1d644da859689a2dc48ea4ca2,test
right,427866,704189def65cb3dce5aa26bd672a482ebeb84b1c03309ba213bb17ecc1b349c7,test
right,428146,e998d212149fed323f5721f004b095160034ab3960e7e35f588f604d7a7f74cf,dev
right,428182,7b242e57b12ae71c8c3d4c71f8338873aaeba4525dce891f1ac9c07bb46eb2d7,dev
right,428236,58aee55dca271975d3a041be49561fdd2f99628d2b6a20948e9054d7d011372a,dev
right,428272,01bcde0bec211d555835f1cf79f70654a957a17506e472d993647ea73ff64b3a,test
right,428290,b6a92e6541af093af41409fe3b5b3be3b15cceb0d2fa5654bda4dd291d2fc639,test
right,428398,a5aac6352fa073fd8b32cae9f3405786a4227751121455f6c85d9284796119d5,test
right,429812,254d83570f51e7228668120a5b25c5112f7bc8f94ed37384a3754b820c919a50,test
right,431573,8aaba9f368574c977d7f69f1fb06c970a7d7987352833e108983a51b9263cb6e,test
right,432899,4d4142ad59f5ed53dcf631b46e77507aede3bc87520c10a7ef89f1d60b0f2456,test
right,433515,587f102e61dd49a232ad590cb0cf827674a2fea76fae0c5d7a0ff3c9fd1ba9cb,test
right,433578,fe3ebf42086fb62e338262400b2832c8ff7f6b2f676d9752e66bf52710d1548e,test
right,433663,362b729380499282ee9f8ed77023798f63b019e76bd8787f8afff965ec4a4f69,test
right,433728,944044e712f6af0b38ec79c46dcef83e1c519ba487b8c5d74bb3bb73032545ac,test
right,434393,078e7f0f494b697363a1d428942b41c6fec2e14d5f2d899ec48dab5fdcd3cc4f,test
right,434398,bd555a162fc660b0e8ba45a9d9b6b649c62823229cec79c2eb467edac2bc4958,test
right,434434,bcfed6a94f95659b1c849db245a87e8535a1ac3bc54f8afa342ad3c343376fd7,dev
right,435071,1b0e552f401a5a1c07af961790e72b62d73b7b87f88be4484fea4ab9d3d95d12,test
right,435758,51ec1b082073a041ca46df8ec1bb66d74cc4c0fdcb302d4b0c6a43877db228a2,test
right,436092,9176887e1f20f1d1343a628ba7ba7c9e7a10ba69dd97557b7718117838ed0e33,test
right,438092,fa980736086b293d39efc1808af34c736e1a1fed58f4ec633bbafb12a35671d5,test
right,438506,6cd066e89ec5718ea112e7ae8bc4f02b69c9c15426cab09b823d33b629f804a3,test
right,439020,180fbd13ec5ae61542b11387d4d7a9e5ecebf420b2aafd9c49faedb3a4e015b4,dev
right,439272,728426ba33951501e03f776e74f983cebdd75f42eac77bffe24aa7a8708af566,test
right,439316,57adcf2e2a2858715656f9a8e703a86f202fa2dfe44fa2d33f77b0254617c026,test
right,440423,58ad99a08d8031f677b46e2a1a36789c2fb755307c3009f9896e3a21e24b4a30,test
right,440443,6533f6d36244065ca1b2cc22b26260f7eed302b1cbacae6910f71145118ccd87,dev
right,440452,eef01796f051628c84ce836f678bf7ac56c6391974ebe7d91d1714c63c721848,test
right,440695,04fe317014a60519d361cc1de070e31f5994b5fff5d11cd67d3c6b55e6ace532,test
right,441488,baebeef490d7989448eb6d1d7c8aa0762fa5bb244273d541c18b0d34f31be0ae,dev
right,441560,c56e460ad9b0b4851319a9d8a41ab9676e61e48980cd32263b7333c2bc849a1a,test
right,441815,0da7cb02c8c6b1beb1db9d77cd0c70bb2c7183e082ba0c83e286615b13bc6df2,dev
right,443073,3d44e1d1a3dc76d3515d7f580f1bea01e9240125ea1fea78ea017ae97bb5cf78,test
right,443078,e4edddf0b4f118cd07b7620fd50bad87accf73af94b683a064b8ac3982fe61ae,dev
right,443204,bcbbdffb082869777c2503905a40fb70bc3794e818042300560622a960896757,test
right,443209,1b0b077671525a4652fd818afff79fe5d807a29b59f2ca84bca6c68a8b2759f0,test
right,443510,7bdea96df292160fdd8879b8baf145494d5796e5aae0a26e7cb3560756facff3,test
right,443600,efa20fe7169030a71cf60ee9f86f52ee493325191dcfe594fad14f95b86357c2,dev
right,444356,b25eb8287aafa24d082edb7471b8e83d7b2b8edf3b2c8c9d7b2dfe981356775d,test
right,444492,61818d44fb03bceda0f3c8fe40d3afbeb739de3d46fd3fae58cc7dadd83aba5a,test
right,445636,07ace2f9a2bd7a16dd43ec42224f41a86ad675811c60d715dfa6ef4fcc2ce044,test
right,448096,cda9ec0e158662c50be8c345966a53b4d80211f69595c49fae844cc2e4b9abf8,dev
right,448510,db671a49192cd3fcd837fae5333a617704c396b7fa3ce549add7d2f973cf2386,dev
right,448519,3a4e8d8936287bac42f8908ba1b6935e047c898f8faf8447ed3754a7cf95eda0,dev
right,448607,73fa8a86e94ba7c78c6f0aadcc8377a63d940fcd8f40a74322d790ef19d0b1fa,test
right,448609,f8a47edd508aa56325189e91f0d7ee27c1b63af2df04d72e2e61d4af0cc207a0,test
right,448632,f991e81715f867c4fa277de082c8a638764a971d0c2798b4577022b288808d18,dev
right,448924,57bc2fabb88732a01843ebc3c4b56694f24ff36804d1a9e6f5ed53e4f1f14f51,test
right,449006,bf0c04e60e8210faa89e93fe273e0129fb93878f2ab3d7814c80607fb2c0a3ac,test
right,449168,7751e16027d83587d7294854243cf65600af8d4b6a982b60fe6f5fd74516538e,dev
right,449223,0e0d8b7a82cbaabc42e634b5614f5825ca62637539154b353b766a2a6ceab81b,dev
right,449287,93cd2390dfb1f23bcfe3d34ba5c5b85adc6ebd4f65b5bd425867c79c7c8de2d6,test
right,449290,57bc2fabb88732a01843ebc3c4b56694f24ff36804d1a9e6f5ed53e4f1f14f51,test
right,449654,5aa3600552c57f2917d6c687f85617fdf8c8b21052567e183f8a15c3a29203b4,test
right,449680,7f42f8a4593cec58551bd736d6c02c0bb1d1aa8847b5f5a8ce424bb1058862c4,dev
right,449681,01364ea382fb26312ea4fe11151980892dbf40b0f3338e8c87edd28a9410b6c4,dev
right,449813,7a673ef0e3bc0d4635bf5fd532899eda7029acbc890b81914f2167a1477eb2b1,dev
right,450052,9ee72eb821d609c0df66448871951d560aeaee3aa9a5e12cde3e61f5e8657fb8,test
right,450420,4913554bff30f1745b2f9d3ab9ffeaeb67685eeb6bc19b74e519ea0eae52ae8d,dev
right,450679,59d32d3b89fd1068b26f35a487944d97db734614a52eecf06acf4df987943b8b,test
right,450698,26c4a736d32151dea3137c926247968bcfbd5d498f0126c14b7b5efb4a77a4dd,dev
right,450911,4ba59115e31e81473b1ed41197f09778377762e0e6dca45adfd5eb9dadb664f5,dev
right,450912,59d32d3b89fd1068b26f35a487944d97db734614a52eecf06acf4df987943b8b,test
right,451028,d9b632ff5a2b8de455a71aae74c0e4a2635ef10828822a7e44ff20038263af0d,dev
right,451046,8f974e86bcd0225695b4a7dd06b7497c54a954350a6ff79c3183db12ab282b5e,dev
right,451542,aad5704e8d712adc6d394691f03e8534abc92b3f40b86c1287ac4e4b961e2353,test
right,451650,890f428574e2e8ce8688ea1e4b2de72cc79f8657b053a78b756650966b3bf04d,test
right,45167R,cea970d26896ed22775156e5120e7d488d0b84916105b4d20a7d1b798080d6bd,test
right,451906,7c8e32ba5f7af89e2bd33cd554b2bc89c2f831d039a7b5285c2b06ccdf3dc82c,test
right,452308,dcf1d52419fcf72d9a753f7227e15e13f672fa11137f5f3a53942ca4377b563f,dev
right,452454,0d64d4cbb4ca47d8d2f81fa2b44ff3024da029dcceda5f819ab930cefe05c633,dev
right,452526,d4616b050e3490ff3db754408e47d20fdd815300f98d631f6eca507886106584,dev
right,452527,625362036908038ce269624fe693bbaaf9bac34a313e3a7f60c8b0c0c8ab8909,test
right,45253H,06f90484303363f97961f754969e35737a8b7c9cbc91df2ce8d04976b9c43388,dev
right,452540,cd9d0a44c3b21531016a5e03ff17708b737719252134e3aa9bfbf76972f8518a,test
right,452546,6eab03420922ce2b6a3e928ef3ebb031cc3a83106d3e1691cd465ee080cd3792,test
right,452824,cff0f78e5fe1555f207548bfab69c8c051ec5f8cb18fe03c78dbac53b2c0dddc,test
right,453038,8b05643e93450f0859a2baab99f54220f903f0d9ad8f155b24f2afa41f1eac6a,dev
right,453258,104ecd803cd837370230c3f9dd31a77a14d5268b659bf5f8c8b689337d4fcebf,test
right,453368,bf839768d1e0dfbbcfddb750ee3ef1fe2acadecc6b34663cd405195210e57ebe,test
right,454200,ca56ca45d60a959c0b58593fed11ef93738ec1d4b74964e53c79c1f529a4c0df,test
right,455830,837dd716217d135e84296f5a6fa090816d6e40117745288830d77959da172917,test
right,456666,1bf3aad167261c4f08f3ae2dd5437783ee0085982fbc1f5bba292200d39c9b31,dev
right,456704,8b155ebb2a75cc6f9969b85548d923c6d4bafcf62884ddf354726acf5d9d522d,dev
right,456740,f19cf6cd724e861e9edb0ca63f5e43a7314feae319cb5233404c1d70f9a06e85,test
right,456809,81e398791abe40aaf6481d0417e87b6033c017ed5f9ed19a4aa945c437cd6ea8,dev
right,456830,f3376acd641724eacc3cbeff927c819dd0f3c0785f5cda7895cfad2d03e8cb41,test
right,456866,93ab80f5686ba4b46a9872cde6f68165be7cbaf29854aae766abc24ae0ba39f3,test
right,457326,bc7d0f99bffc1f937289c7bb5e2e17a6c9f432f30837ce96c9a132c0e641eefb,test
right,457470,0840fb8c0b76cc30fc84dc0a28fa062afe41b47d2ac5b66fb6d74850d28fcedf,test
right,457641,c1a1958721225ee14f714ed19370ca0f53846fd33de479c3687568892e466ff3,test
right,457648,3f88267bae0206abf61fe9ef8e151ec3ceef2299edcb0bd9d599922629a9e1fe,test
right,457659,f958a29cc61d44dce951adc235fb60705633f904ab49ccf42c469256a8ad9295,test
right,457776,92c0d153b6527c9bcda568a1469e5a269a15ecac5ae9848836ec8b78b4e5c291,test
right,457794,a008e25c43dd1c381ccc826a67d78f5a7ac2c63091f2d6b41e53e3366dc38788,dev
right,458118,632ab74540cbcac2cc88a1fdfb2c78d9a8a23ce0ffbc27bafb5c475b56c8f681,test
right,458140,356207e3ea7299f40146cc05c4b661444611acd0f50b54e54497221666eaed47,dev
right,458506,137efb695685576d976cd23aa39d9f1549f7748378909a240caed530dcbedbae,test
right,458542,78c0f7038f7c6cf21ee061e1b6fa5ec229301ba0c155b5ed6565330a8596d837,test
right,458656,6817ccbd7f18d276258367f90ed1c54b4ebfbdd7c9c41c8bf95c91b6b95d1329,test
right,458665,b750e0b954e2555a95d47d91eb7f0bede233fe6fba933fc11dc4ded2a185e607,test
right,458667,aee5bed8ed2be8f3ca35cfceda176afcefcdc6c927d00e817d667b60bb8eb4b3,dev
right,458683,6a47232a4d3f2bf6ff45b24a84d7750addf2b2a4dd02e3d8bc7faa540070283e,test
right,458702,8fe1c6170c2333ff40baee61ceffbf2233e20aa3426c401d4f38046583fc1dea,test
right,458771,ac2a621b7f6ffa79faa2521a401e46094b06c9084bc15a1f081d9e8e4e007786,test
right,458776,029a6716e33ea488dff57ebbc9e01a49d4e191621dd2987c15487001b068eff4,test
right,458782,74a05a84078373e3bc2119296f0e9e7db492778dcbc61449f044e6ae7c2dd2aa,dev
right,458813,7d9de4a9de0d661b2198079947f3e1002ceedc75c0f0b5c1459d6a5e894ba41d,test
right,45881K,569be7ecce6ad1ed0dd51e3775d376a7ace6bc3b5283109d3ee2448f7f8a3ded,test
right,458884,d8a381bb0cf9d063d80d6bd26279af015f1571147650523d0a69d0fd0914adb2,dev
right,45899Y,8264ceaff867ef4951fee6fc52b406cf34c76d0c433bd5e0bd802cdad223893b,test
right,459200,e792c2166bc3f7702342e7209df910fe0a9cc76c6d1a9b7003517129a9dbeb03,test
right,459362,e96b9d99b03e5a34e0b6b4ff9e62bca5a94e53f885256bb51179e9bac2daef6b,test
right,459373,0dc77bf179a19988935e1dfb9b9241f20a6fbaec06331a53f2a063736a339c7c,dev
right,459506,ed4d68597def9582db5b0215d9b7e03b3f000b2e8024aa8337a1ae359f0841e5,dev
right,459679,7b4d98e3a04391ea3aa8864da2eae48e5e4d8cbdae6e809dec0326680da4d042,dev
right,459902,a1167e2ad700e10aa81300ed390ac6101bdf8d7b382a890d3e5646709a2d32c1,dev
right,460026,53b77b0397b1f208cb233aec885b6791eee5c42b7e557686faaf2eae70311caa,dev
right,460043,7866c86cf42410a6f840788cd94d801fdccc596b3de89c56d0dc9135f4962799,dev
right,460146,36df599a351d1d2f6ac5012d190e83448404b2cec505fc24eca6dd3e4ea70669,dev
right,460254,3fce8e9e318134a03fad2aa18edbe3f3a00153f769c04a768c3182d0c51ebf1a,test
right,460416,ec5d744572c27ff9a6fd132da47904f2b7fab0d8a870b6c9eb80892afb4b8971,test
right,460578,d6eb596bc29ca45f32ccef8179dbd50ea5d03898b0865cbae3a58d185819b382,test
right,460590,efed82e8e43d6c86c7d2bfe9e0cbc4ebded6e11f7bd6a0bc48c36d304346677a,dev
right,460614,6f53e058bb8f11896ba4e02bf33d6ef6b4b76cf3b1950446392924115a147cdc,test
right,460700,e7d9f8114e5d9fe4bfd8eca6651191436f0032d976a930f516d26fbdddda6a4e,test
right,461135,45cd05b4e21f874334550521f52e2cbe43e8ec1e613e76ffcee6892ed7198024,test
right,461203,9f9a61c11d65203fad8a36048edb06db1c6030cb996b30f08c9c80578f97d80f,test
right,462030,d487a3609e0ff487c0a2cc0afe5ffcbf32b41f9c566350b2a8b6ecb8cfd29ce2,test
right,462218,7e084cd39df02f8481589ef54d55d638b6057e118189b261e0e9066e0567eb2a,dev
right,462277,eb80d8453ef7b22c0aac49dd273ec59e7f03f960af23bb61316bf753890a2d7d,test
right,462614,e43f409a037625dda82884dec48f1b59898fe085670a6a0bc671871a98f8e19d,dev
right,463605,4f591a4a26ff159bd7be9bffbffaf10e611297c6c7200441f8da9f3749d74ed4,dev
right,464268,39243ce4b915f74c877d75c265be832f1b38fd7dc26ed239f05573ab6f8712e5,dev
right,464893,2ffdc1ec84e498b5314837d21121ea3ed04d36324d571763bb27d849649d7aec,test
right,465632,a65858b5b37a0663a81850ade724936a86d78264a40cbf0e002695dac23a076a,test
right,466210,1d70d86367efb22801e375d905ac9e4d73a35b7bd567431cdc3e6460c40408ce,test
right,466237,eae38ef44cec8a13cfd9d01c085f0527a3d1fa21887ef478997823f1281de76e,test
right,469772,d994506a082bcd4b238f820f8b8b62d9f8b8294402228e562951e3f0bfcf8ef5,test
right,469814,c6377306344ee021ca205c479ae25e56fcd14a464966cc47ec22b1fd2610a7c7,test
right,470349,b6543527b3a4076574ada10b3d890ecb12d531328163cf22de0fce7b57bbb237,test
right,470448,8852c9049d71bb4d696b3e44008bd8cea3510955e44353a53dcdd82a467702ad,test
right,471171,8ed2990720bbfd56db6c1348be7ff41a98ad8085f684876df203110aeb74f7d9,dev
right,475086,fe112ed2cba0d156c19ff9721ea4c7d8427d050f06da2bb33d352ae89a99332c,dev
right,476304,3e579926a9ffea72479632d7692da12e6b128892aa0e1891479c67b7cc0dc1ba,test
right,477178,03f309658663f35fbb7e9d068b5e8f8ac2c8a729a5289209c7b97cb38d3ed9ac,test
right,477306,5c7b8fc2e307b61613108a52f2785308f75f6cac6ad36400ba7b16dbaefd8cd4,test
right,478160,f08612352c5f394b2dd6985e1029d1dda7a2a5ccade107fc9a11e177093b6259,test
right,478358,496e1326eb0c3294337818ffdb2f970cd75fa9bd0fb9182902653c641a6c15f9,dev
right,478366,6997a086f90aacd97ae0e4156987acc16c8e5d19a73a3832fec169dff7607d3c,test
right,479169,afbab8c21594dbe89a1bdd88355c53be0ef19035542ad9a3f8b0643a41b93543,test
right,479898,86abac8ebbdfb7aad3e4ede26f4af046329ef508a3e17e574cbdd3ed8f6a1566,dev
right,480052,0259aa03674c67fbb39b11f1bdc8a1079f1b948357a86d7b6efa0c30adec21ac,test
right,481070,d48c9ca2405a558fe300cfadc1d7f17d0fed851492a020188cffe2d8d2ee4b1c,dev
right,481088,12243abc1f19cffaf32c699b50ba6ca42e345c486ffda40ffe37197d783d1856,test
right,481206,591955e905de53e3d35476025e0adb46192e574edea723f088573b240c5ca485,dev
right,482047,b9ac6c02bb9b6519b662e1ffbffd2bbcd32fe120b4b211b3d72a865ff16da386,test
right,482452,ee5412eff3b91c2c9ce8e6aa1f6630b665d2fbf747ea816f31be98656ad58149,test
right,482584,d1f3c03c75a4cf06d46e8991fa6b945f5a79c2017271de689bba4ce8accd017f,test
right,482686,238ac3388febce39e47ef237907de3268b32aefff657c7d72bd074a446378f35,test
right,482724,bec0703760ebe3ea2d7ffaeeb2e17cd1ff627320ce689d98062b90442510459e,dev
right,482730,3caeffed638bcdc189e8e1ded56aa8ccb5ae58dc75c54531532efdd86fe8a5c3,dev
right,483008,8129208b4bffae65677be91682b4b0cc4e5bdb8ffc2d41d48a8688f9c6273592,test
right,483044,4ffda3d8812ef6589862f8a7fa65a85598f5ce214c5d73e68d2fcea956dad163,dev
right,483062,a41bbf3fda6b905a1c9f1959f5287ae1746ddd4993c0f8babc84298828bf1a0a,dev
right,483098,3726f6f1a032b17552b58e5820570e9b55c4b7aed722c929d7d6c5b1b3c8bd72,test
right,483102,e1b2c57b4c2116e9eca28db5aada0e3d625c72ca86a3dfad2052476ae0e4e5ad,test
right,483431,e8f44398883042bb46dff0fea679e25d3bf6637ccae3e3b3080ea15274eca682,test
right,483548,fe3d2f539fcfb908c627eaf6c4f431d9ae989070220f35678e7275eeb560ec4a,dev
right,486026,d647ba2568e3480c8963cb29627ad4180d8a228365a0edb061f2da1dbc86380b,test
right,486587,a2b7a613cc2cf4a8157909d069ab0a7765cf4b7e772756a94cefa05ebc0ef6bd,test
right,486638,7edae357d33ec45297705f10dbf3f4e863698117558a07b11e5a5c965e14dfba,test
right,486746,c94ee87d8985724b24721f308e1527f09948a6cbb5a32e7229adf63b1f70edb8,test
right,486872,d820c5cad36364d2d10acd403977c559838cf2d72fd9e2f8b88ecb26a364e9fc,dev
right,487242,7b4afafd146d0ab0f81a23aa6d2fb52cd680f3fbbbf5b5ddd657e94be06860ca,test
right,487315,e58c15d4d55d12ba952e50295ef2bb78115140f7363323409790ae9db86422a3,dev
right,487656,1496cbffde2c670bb78948cd2c241b5ea91de2c3e2f970cb66f37b41c366c697,dev
right,487836,7113f36e3b0c05ee9cd23dced51dc6e3118c02436458c8b9e6931f63c3540fb2,test
right,488044,37c0d484a859ad6b8b4145c87d23e3272ab124f0c7a8a564cd9808b867751220,dev
right,488152,68187f2b823477c3bebabd40ba22d2a51fd096984b7ca8004aef0ccda79d449d,dev
right,488188,3e0d32fa1692dcf0e993615edccb2da4f66b7b669612b7b3e8d2abc44194d06b,dev
right,488396,404d9de6a49461b2822a71f1a2f540869070d11a53256f70cba189aa089e494e,test
right,489170,21dcefa8911bdf99c770a1116905fbe61d54644c1d14af6618e303603de67b28,dev
right,489485,924673dc612d74fc1051a352b8623259214d462dac012a292e15b5fdbc946ed9,test
right,490620,8a48ad3020812614c46ea5d96422bc029a683639ed2bae23105dfe99f56eda0b,test
right,492056,69660ea167c705170ecd5d4db5ffb0fb286f9854fdbca4a32f1b9b7862501107,dev
right,492386,54be72f34e46f5bce12bddc193f75b70511c67623341ecf2415dae69d8c824e9,dev
right,492653,c739fc2e05c0e3309f7a774ae68a1acab974bf94f0894aeef6641d81985179d4,dev
right,492710,93540761e28f068e02374dc48c80e8c3e4d5f2a5b57658ce694579ba95970912,dev
right,492717,557dd60ad56d479008d663953b9d9c5d3a47b1975896f60ee05b8015879e61f5,dev
right,492746,2339eeaa8916ab0678ec7ea00c1fc404dd1cd22919cd84ad8b1efabcbf4324ed,test
right,492854,58b4d73b133aae7a96e4dc7fb098d6cb52abdaa88f76400386da9f738096a988,test
right,493134,fe93dac95d8c39b64778c8912e34328c0d1bc2a1236909f4f3e09b6b5e0d8eb9,dev
right,493144,8bbc2efbec13b836f9308ce51a86ccbaa1247780356a636ded18ce4d8cd0e172,dev
right,493278,fe447e2eae238d4dbc376f0a77488d3edb9e73a6b217fee98ac812d1e6cc6bfa,test
right,493422,12f83fa984aacbbd1267553a25b37dd8224f0d8f26f1902a47ea087bf4f8a8c4,test
right,493484,e3b0e86c6e43fabd6f1a75b20d13bcd923efa7725388a6d82fc42606ace7d21c,test
right,493494,cdf79b0a68e420069de78ac29aa74dc8f9064ed13b0cdf85e8a6fc088cf57e84,test
right,493503,d1bb264e703b97e5120beee19da42b60cc44bdcec1b2d2a758866c03dc96fa48,dev
right,493782,c654d2b374665d4ef411c9fee3147e4bb69fda93cc3888bac441cf971d6add3f,test
right,494274,75dd15eec0ce56e5adb7bc15ec440fd0dca6ac442634e80d7d0f75eb0e659139,test
right,494368,e942f64e0a7f3df1544ba823208373f8cad1da8f1c3ec67bd49cf50bfd88bf4a,test
right,495620,f7e344cc2a7c356407f018487d355ff18281877368e3b7fc7f844f8f3354768b,dev
right,496008,027a97b1719f0745b1af616e47da8c910c7cf582a2d03547ca2aa356872cfe1d,test
right,497656,12b57c2cbca5db6c70132525ca9d80f26b01ebc78b5286452b29a13ce8a2dbd1,dev
right,497660,c97f6ffadb0e58662b802ba241a49cb312d10c636dd6059c7175d2cf86ee9806,test
right,498494,35136bdd77ac2fd4aade6072a27e26f8223c7a081bc2e9a0e7f58ef3cc67df82,test
right,498638,0101fbc272efa4db820fa0bf5dd1dc627704ba6a5b8949c84e1635d12d643fae,test
right,498872,b6ab0825e70560d13b0a3e12865246f8c474349a0cb0ac02b090b733e0ab661c,test
right,499158,90b79fe7e405b3e6fdad98c9decbb82b09ca797c148f67d741f017f47407db11,test
right,499164,4e1c6a48b2d1b92e93e7e8d6db040726e1192238ac5cbcddce410827829baed3,test
right,499165,571e4b8bc61765e2b5d400a7210d7373d0c2d2285f0ba9db471394179f9359e6,test
right,499867,76318c014be3706318a799ff186836f688112371b18a7360ccbae36efe12734f,test
right,500170,6372e479623421ece0c4a196c5c3534aceb5440727dbb4a4bda6c3f9c74cf3ca,dev
right,500236,89c302341757f8df8fa3e89f8d9469fd29b2816628ed829a680434b5d1f95db0,test
right,500440,3eb0ff818c28361042154539a1aadfca906631aec1017b96f5d046505303c200,dev
right,500453,8ba081988c13397e14488f8003e4cc03b5c34572cc4359c24840352ecdc4aa57,test
right,500602,bb2e9057f85d455cb9fd432b7fbfa17d2745615f5c2de5764e565f99cb3012ab,test
right,500692,84dbd6a80500b527d29a041588bcdbb5736dc6563765ef328a94f4ac6f9eed05,test
right,500773,deaf1781c14841b5ca21eb845e28bff2684a66990421ead45ab6c923bb945d58,dev
right,500902,29d7227326b55da7a659bcb8817a778f39b446b2f5c61143bdf780349d6661e2,test
right,501053,8540f988fb501852f4c40f008d671ada0330eff42427a5b72ee14ab367429350,test
right,501062,ae67ad7441ca9e64ce82b7fc0183c228c3ab7e3e58f2528ece2e25e58425d010,dev
right,501067,e04a68d86a8dc340b75e0ae2879c25ed8c291300e9945dfc06f8d76382191525,test
right,501173,db2084e3aaa85b8cdc39da7a29f0f7a0d855b534f8fd74ed27eba589073c1066,dev
right,501206,a564733fa47f9195f1ed6531a7d54634cd745f5d9a10087046d061ff31a54d97,test
right,501242,ff0b11abfd3e698cc963f8b958bc1a35e31e4ec8d2eb6e3d13b8432bc95e0548,test
right,501341,aac08b027cad8f4a3e952befa82bce2b09aeb709e446082ad369bc32b9ba64ed,test
right,501556,deb0dcf216634432051ff160e15997ad5d898a4a76ea35f9400a3ffea19b101e,test
right,501566,0fe83e2c982fef86f6924dc88bf3b505e423acaaaccd3fb4049fb8893fe8f678,dev
right,501708,c8942536dc839284bdd8804d9990ae6d2d5a374c0f93305143c3379acb727170,test
right,501800,a41aecf6abf572ba848c27ce44fa54d1837803c4278cbf954a43259b120ca943,dev
right,501858,cd8fa05796b75a56cb5baa2955fe2718081fb1aec242d8192c35a738147de8ab,test
right,501921,97c33b2bc7965dc0fe0781a4dab38d59367950135a84be0d79a0d42be95d774e,test
right,502160,e91d8ded7285203d2e22afaa77a1e020cac890d7596ba2565d8cc8ab1c96b339,test
right,502161,4ee2018dc511e5cb8c52cd82629e5dca74bafb3e013c45f3aa1aeede8b15b9d7,test
right,50216C,859eac506f5e34daa55fdd7e5e7933fc2f9968f62a2f0339d396989281360ab9,test
right,502210,97c33b2bc7965dc0fe0781a4dab38d59367950135a84be0d79a0d42be95d774e,test
right,502392,99b171079a13a82e077599add88b97b96b240f22bc48151ba94da1e0ebd2357e,test
right,502439,6c1de77fcf8b7aa40ee79cdee077ed2e817ba448bbce88179924942726e9d8d6,test
right,505336,d98dd779a6c2f572039bc88705a76db79b7d4f9feaf51b02967df310e43c1611,test
right,505606,0d730021793925f6d3ec6a1f6408670705a54ed794af1bb9198b8f4fbfd32a3c,dev
right,505739,d47c79e4ac2a0e5bd3d9ab526988c283232ee4563ef195422c21c3739223f0a7,dev
right,505862,4005f8d1fcbd3481ac8461e5977b4b9b49717c60c2252b2aa5ab008a36564888,test
right,512807,035160410e8dd557aff08580dd18ac9b2fa506b195e14578454e73832feac0e7,test
right,513696,d6618995edcfb833514df29eeaacaf022589551487813d31b3bab2f896ebb934,test
right,513847,e239330fede7afe1e977798d6577a511b33d818bef91a573fdfc6a92d5f06328,test
right,515480,0161495654bb07d70c4c77e518bcc4fc9cc1df7fa3a7dc1b3647ee3dd7d2718c,test
right,515886,a8c0bd9e01e1ba30a12954d726eba7a26fc4ca5f2a1afe2690062188378f56fc,dev
right,517900,92d305021bfc470c6f8e01a1eb2e287e97891ec7c943f54abbf3c43ad0d40b29,test
right,518081,86a0e5c2d8364505dacbbfdb279f593d2bb0c4ccd4485e6b87111a27288700ff,test
right,518390,f003db6aba1606b19b67503483f2f23002f3c60daa528f12e85f7fe1de44970a,test
right,518399,00248450f30caf1c4dbe708a2328ae1feefa6835dce20590325d42d15a53cbad,test
right,52073D,a842dc5d011237435415205b4ceb4ef8a38d4dd2932026496e3ce772f8030600,test
right,520786,cfc78e09b3315f993beff8facdcf2d5b36cff16c82ae9e65a4cf641b29ecf4bc,dev
right,521894,326aa3820654423ba7e09e4e1fa74c9668cea61f583acd53f94fc3ae5cc54ebe,test
right,522016,91e47106523e81e60369b46b70b56818fd2dd2697977e8d19e8d464de8bb2c27,test
right,522075,9ed8e488946978f023f202451b08af43abc3c615a5f918186233fa4b047958ca,test
right,523251,d4e05c2504ab8655f460310b2300909e90d13dd01d737f8c618e9adfb8a8808e,test
right,524038,88ec661bf7d631eb633cf2ba1f9911e3190ab1a8cb8f95a0aa6afcfefb7e595b,test
right,524166,0e46b38807de309bb99282c85dd85e2458bfa2972f2d79c3c3dfb53c574dcf8f,dev
right,524192,3f15ff42189c3aaf98d7a5b50cc7716be023deb8e3aface4e4ab6135dffd75ad,dev
right,524462,cdab6f3e99f9ed7b5b52fb55f57230e7ccb5aa62fc3693f6fe41ec4ad95a1d0d,test
right,524660,4302f9af59d044ea0de610a0da0b265d323defad349da96e4ca878e2e1144ae8,test
right,524876,152090714625e3ba2f21d72c0f45438fbef7633d22f7f95ecdb9abff828ca496,test
right,525354,26a9a35eaa5daf9aae464ab9a35343005f5c2c467219b84e604ea8f55247c94b,test
right,525400,ef8af2b8d01b186055c7da8fa4d17132f389c76d090e1016d6321332b566145a,test
right,526264,120c8cf3ba92a28c280e20f16e95ea60ae2c85cf2b5f2fbe6753122e76833c65,test
right,526901,6c4d23187a9c6ec3afcaa0d59461b0eace61024c4d7a25e75b970b40dbf66dd7,dev
right,527364,f4fd963138e12fcc77c0f1cb374ea14036760ea5ee2b0e6425b0a713c7e341a3,dev
right,527426,e2f14da924ea1a86eed05093d917fc438e702b129cd25bb4a3a3b83715d3c356,test
right,529769,9e01def5adc51ccf6dc0585c545df4cf715713122bdc5c836e2ce0b9bfd03977,test
right,529771,a27cf37be98eb37c03b04070b7ef44e0c4673838359cfc072e0f5520ff6389ab,test
right,530013,e5387f8ae0fada0f9077abf8a90f19a5353608715fd546cf2685330e7231e551,dev
right,531735,b3f9aa4514bfbc15c79ee2f3d47a62f72b67d317b305d4342af4475e65de6eb9,test
right,532177,31effb29cf6fe2fc9dfc84f5fb132bdfe07503552bca6a5761973e157091fb35,test
right,532202,c8b89de5890804990e5941b3702ea7b2c68c0f706dfb32a03a8c0f6815ca4921,dev
right,53220C,7dbf5ccf287e0bda30d68888875e11b651d661fa67abf2cd80b49c7861620e51,test
right,532253,af1c515de0ca4a29364f147964989e58ace595183719290b3fd2be49d6b55521,dev
right,532457,6b35e8b2060242d06632bdeafa8e71b76dd773b850cb17ee623c225ccc712944,test
right,532491,d71b3375924e44fd0e9a82d3fc176fc04b56f5d316ebdccba73ed38f1835f8fb,test
right,533543,3ce2fae1cccdee663735ebeba4fe2bc467e1198969e2eea80640a44aff816f77,test
right,534187,90a721bf71a7a8868ca40fb91ae47823f2202944ba41649d127258a7fecff018,test
right,535171,f9df11b0ad16fabb981266a02ebe006535e5f0543b631c7ce74368b02f0e1b08,test
right,535555,2038b07470e38678022fed99923f7c5f39df97df0f1159d43c75ddbe45b9483d,test
right,535678,ac6ba176d6337f3aead6ee4a575c0b4e432dde18e1377981fecc2f869838e93d,dev
right,536308,3e5640bf9bc5fdc9168939156314e27dd784f8d7f0dc8484092cef790cf349d9,dev
right,536310,5af3c3f684c5bc2534445cad64351f65f3eec985892dfa3562c980268fd01903,test
right,536314,c06bf80969d2d3c750606f599ebda235dea7f412e298845c13434c6854ddf4a6,test
right,536315,57af85f763a4a232a1e08fa9bee77f147072633506a7f4427003be270b248b4d,test
right,537008,4c997fc8ed9a421b165c846fc1b9d4f0846d9da147303121748c4378fb56642f,test
right,537241,c380d9ff62c9d243f47d97f0f7f340eb5dc12d968c4433626c9863fc50a71e01,dev
right,538021,44ada23b70c1fa2a57cc9ec98db68d62e7600193e4b841bb8cf07006cfa9a219,test
right,539320,715b170d7636aa2947f764f0f07f4b9ad47902db9321f47c00819ad4c49a71e6,dev
right,539821,abb1b24b05db6f96c8451dfae81f55eb14fa75b12b349feb60082076f142bd53,test
right,539830,ae3142eec7ced3c81c2123f42b60e22bdebac9ac4cb485af58831490902ab26f,test
right,540137,54bc8def5dca0fd40762eabd3637a98eb57327b83413da0c3d918350f62b3278,test
right,540210,0e348087a66059e0df8279aa0f0307528286f464fa2bd6c9f18520133c67f420,dev
right,541381,1f4950b905b317b9fb24d59a8f83a7cbaebd272d168913535b696cfe5e598341,test
right,541415,22324d5fad29780e5fade9afd2fd78c814e149c70e2234d23b6cb2413d87f44d,test
right,541833,dfe61a73f2e06a63525874dbc471d4b992c55a12ff2fce7d6209f09e79ca6675,test
right,542290,7a164255a958f776ea57a0ddfb8a06654b02f27fcda64936f9faab31f14b125e,test
right,542312,722b7de30c540116495197edb296ed5a800735ac5c1d4bb14d587c243e7bbfef,test
right,54299Y,e92037d890a6c65a443ca0af1e188fb08f9befe83e074c387179cbf50c833de9,test
right,543213,8e5a96b8948924a38a51d45eaaaa58c2fd5af7202042ad6625698072e90bdf86,test
right,543859,ce03887e2b9f4c036f4e6c6362f2776f5b247af4b13969bf0399a8de5b4e203a,test
right,544118,c523e9959af3a2ea46d71e2e3da4a0ea6eb63429da1c456c1ee9b461c14dfd43,test
right,546347,802684f677a903f9b0646cfdb52217cbb39ea6ee5d3bd8a0dc4d9be5e05e602c,test
right,547779,4ee1597611645232ad948561e6706317006c25ccbe21be0d197d5db5fd96b35b,dev
right,549271,4c9da84731e4b73185bf54ea4ea771c8f1f99ef514bbfd672d010ec6881a6081,test
right,549463,242fc6290a195171e38f84e84d536dc4e0ce77ff3aa6f0967f7fb88b028b6d2e,test
right,549662,161f6aaa34d8a8707b2a5ce2f82aa13ad82b6222d59579c1c5b6a52631409994,test
right,549866,c8d537dce1b353591266fdef72616f10316689168053258fce596d82d5e44057,test
right,550245,7312c7f4733f93dd54618cf8a355198178afd4d30dabca599f52976609f105f1,test
right,550374,ca913fe4b346aa023ba4837e149f9fddffebf4979cd61443548c262f4cf5f049,test
right,550819,4058dd3b2a2cebd3f8aae50628a42d6c66bff2baf628011fcc4f97e4515bae05,dev
right,551137,337b3eda302a64bfe9ccc26ca8fc01195a1744ff52915cb9c2f32ac49e19ca6c,test
right,552036,ff63735322cc1b25a71b030ca23b4bd60ccbdfa399011102dab0df0afffcbd39,dev
right,552078,b504a1ff0279b7b9cc2e4c90a9960a14ff7b4c4a326d83104a1607166037413d,test
right,552333,627c0ec5066b343275b45c425df9ef98b3b921f862a3f5a457afa4139b9ce023,test
right,552618,cbe3fd41a6a23ccae1df9d80ceea1f5daceb0816e3702aa21a0a2f4b9256dfea,test
right,552653,a263aa6070c3ae05c11560e2793f71df41f7b196de4a0c5b91ca7dc8489e03d0,test
right,55299Y,4951b8ae719106ca85460836977a77b2d46195e8898ac3f70ab5357d9e7c60fc,test
right,553617,9317b7b33761d0cf0eb71e246515b59a120bffd9985d5a3436de09dbbb6a336a,test
right,553713,d8a60100a6e5c84e9dc830d2e6082b4758f1206381ad9a7941b1d86556dd62dd,dev
right,553777,3c5ca950bc2abac1ccf52a9a2748e5b747875bb301c9acb3e3d0407764615d24,test
right,554005,841f9a258a292246c4c675a8c3fea985e8b3fa0c9528f18f4a886698217469b4,test
right,554205,39db16e5dfa9e19e5ac2e416d868ca3c8b81d3be45bfe24533d485f67e2b5554,dev
right,554208,6fe7dfa0a78b2f365b6bcb1d2fcb22b0019c3bdfeb411fb1ed657520b3fc80c0,test
right,554273,06353f638edf7c9375541c2c031aaff46e1d6ee3150773757a37d26d0b2bac98,dev
right,554430,128dda823bb7e53209983f272e979239c793c6998ce432c9bf746704609f931a,test
right,554482,769d5da6ef399a8810ccd31413f3fff70d903bd341cd4d7dfe465c292efd3203,test
right,554511,6df4db0fdf195b713329fddef4ce368f660af14fd0892834e1f6961ad6384754,test
right,556078,67b34e7a1eb003b5eae50cd01ed1cbcdb00f83775f5975edca20edc860a14469,test
right,559108,a1100680076bc4d32d131573fe47078d7e62e8976e6fc471b4bac2f2130e994c,test
right,559177,0d320f8ad305b799cbbc40ea86e067c1aa55fa0ebd0ca0fb04d8218169103a14,test
right,559222,2365ee3aad78e13d459e050aedf82e102cee94b706c207cdbf488d5e5f3b8518,test
right,559424,edc4bad087adc991d54054d46f45fd9a4d3f287563f810b0045493a40534942d,test
right,559482,7e17a577d49946890516bfff7b2519e9730d4fc646e365399e655c988888fe1f,dev
right,559510,ddc78b55b8919d7d1e98a4db4e697718525a5c597039a67beb76f2955b8be9b7,dev
right,561229,6f8035ecbcac2c979bf964e7007b46e8a4837d9a497b2d2527ed0d84e41f6a7a,test
right,561246,4485d9444a2282e8726658fa49cd429b64d8a7ce91d38acf771fab9e55ddd630,test
right,561671,fffbdc42b887e8aea2d5100afe250809f803637a77ce0348937c88a6ab06bbd0,test
right,562876,eb0123112e547cdbb9d270850da6ab16046d70489035434989ffcf7239d3f20a,dev
right,563571,2c6990236ea433c2bf4d9dda10fab626740e741ad8135c5274cea0443f40f8f4,test
right,564054,e302f7696e0a9bd5f7524ba94df03d5de8705015fd210f596db6a3dc8bc81855,test
right,564402,cbc4fbe2f1290984f0145e0819a337120c5371f627c59cf03aeaf28590247a9e,test
right,564809,4e767edf8ab361c19861f36cd5bb4f233abe3bbccd0741b12c3b3330cc2a8bc5,test
right,565020,30e07ed69b061761ac70b2f8a5f5f1b222946cef767fe14185c077302d12fa9c,dev
right,565097,ceb4f9796ce1481161a94bf798e497177856018836e82b788e6c37b97fa356c0,dev
right,565754,d7d2ce27696ca2fa1f7647ddd1e20aeff4fa274a797fd334ef4b2ad83aefb9a3,test
right,565845,ce50310c4f2532279a2b375bd07c48cb69dde85d3672236ffbdc8ff11c462cf7,dev
right,566472,fce8c6b8cc051c4fc5b32d26bf7c10054364e430d57649e24f2ec285feaf6971,dev
right,568231,7100448c5d54dec683b650e211950e8c209b44cb2a89be705cf3b58c24029886,test
right,568287,d3766c01863ad87af3ecdb98364c99d1d5a5f2b4bb52c682d3c85fd89aa04254,test
right,569790,e042fc195b1070b037f5dbf13b0c7231fc39503c9fd93c1e8ad25e115d3de665,dev
right,570387,85017c8cf055bf84043e336b869069002413dc225dd9a694c567ed26754e8189,dev
right,570408,9023443a4aa5486b6fe3dbfbd6d93863d69d5ae1de48d4b4e067c8722c1ab1d7,test
right,571154,f5440406ae6a47b11959a59c454d2d817ff87b0c3480131a5f55e127755ff49a,test
right,571443,69d0fd84b04d75e85dd42e7bdf3860e684aa2681d4d2b12bc26efbb3280de5e9,dev
right,571748,6acf7235fd533186c8b1b79f1b35c02e741c16057369abebe4f7ec414d5b3b43,dev
right,572900,ed0e6d8bc628e10769da1f765a989bec74fb509f5de8f76c0f9641dcb484954a,test
right,573088,12283f1cfbfb5d79eca181290bf298c1c799f0a77a2af715fd8fe7cc6ddd6810,test
right,573275,ed0e6d8bc628e10769da1f765a989bec74fb509f5de8f76c0f9641dcb484954a,test
right,573350,d81669a11f6c55256f2dbed0872051088c751558578aba38b621d4c4c43486ff,test
right,573890,6609e15ccb7851b66b59a1207b0fd6f9dc0e1c6dabc8b85b1fd720b33fdbca4f,test
right,574055,c672b552390031d942b58ef1fd689e50e1c924654a00c3b131a6b09fe89b3466,test
right,574599,566fe3432c0cfe52cbdbdaec45c58c6f7371a4dd4a6cd99f57174ce1101115a4,dev
right,574601,ef18401fa7770d2dbe382abccd0a29eadf9bd91a846367638a8ba24117040738,test
right,575369,1531ea4834f5ea896863bb03d3e8d8111a09d4198f0e6606dd3f4a42d51a2eaf,test
right,575379,36fe7170ee8bfcf03ef5dc13f14ab95ad4e82ba89f60d1f276866fb1c1adbe89,test
right,576667,89a8629880250bf71bc2a7e5c009c2cb976d94051af3dd87fea305aecf8f9b9d,test
right,576674,d471ad449d9afb9a978a9a420a5d337ddf895eb793d1822348959bf242e8b803,test
right,576680,463c73008ab0d335870f4276b6fc9995d6f14d08fdd84cddb201e79fc5fbd626,test
right,576850,2b972d6b96841df214c89f95047275e37dfc2cd2740d1d04f6bf9c0c7e0a0ec6,test
right,577081,e24325eaed4d40a30f2c84a282f5f92d19c5af9a5439993e971f90de6b4e87dd,test
right,577345,c253b91479cd70b17290704582395b938bc30b8d791b83e5517de3f99ec861df,test
right,577377,cd1ed4e92e275d78e32c1960962243c97496362e31bd30357171d073ddaef6ed,test
right,577438,07540a658eba8825d56ff0388e3b58a00dded1e907e41668dcbb9c9786ed5b4a,dev
right,577723,28a506a6336057237edde2116e60494b65a027fb5fa952b424ee11705e342cb1,test
right,577725,6617fed0983732ed289847c0f60f72097dc0d7f55c1f5a82e523e040a7242440,test
right,577729,7d7cd80e867f78241e359f6bfb2ab616d49e21e87323102cad77135b7049d168,test
right,577730,23d48b7b5871bfe2151087c2e087ab285d3e14a5401b1e4ea44c5aee6dcd5481,dev
right,577763,5dcac7f5ac5460c1966d98259688bb09a39fd1329c27f455bcea2dc88347d426,dev
right,577778,17dfb7880904d04d0e54206a57df23ec81db0e1efbe1b0d989232504b167bf8e,test
right,577896,01bd7f3260808f5b4b46dc35e47dbb93c781cc3d87336c5751c47c1b836360f4,dev
right,577913,73cd87b4094510a8eeba96a25487aa31667a641029c5cc98a67e289ceb406239,test
right,578592,83211c85694fc8f04ac7f1cb017350ca6d40e372ba86ec760276fec940ef2b9d,test
right,579746,ab99042cd641bf60ee70625090cbcc7219292d28fb05f860248957edbddd7af9,test
right,579780,683a5634281430a8234254f678f91af29ad2bb84c9b5fd16816f63239134d270,test
right,580033,b9b90f1c666d917386c751e66643737b857971bdf308fade4e0d281d4a0210d5,dev
right,580169,fe6c17dbebc10a535c6d874a42ed9669b21df457380465129be076e60f02bff1,test
right,580220,64ab3211123c04022b152a4b414d6796b2275dd10978e3d29c14227cf7a05ad0,dev
right,580526,dc847047f2aad88bf8b4203a44166c5c07faf21887ab0dbf0b7fd18f887acc4a,dev
right,580628,8a803212a992b8d7d92d87dfdc5cdde24e57a46a40314e81288aaa242b90f4fc,test
right,580645,59245f9293a1e49cb4aad783b87dcc24817231bf32cb4ef9b5a15a6a79fa6861,test
right,580679,da5651d597b9913a3021ed123904ee6cdfff75d06870cc08d53197202f86278a,test
right,581182,1105664e776a2566af68feffff37a660c439c07e27e621ae8df21a4f4583588a,dev
right,581557,174efdba0754ea8a353fdb65386e55d6779c466097698507cce1ea77aa4be6ca,test
right,582562,a598120d35feab12090758a3ce5f0af0bc9675bc666d057552466d8b2d4b80a6,dev
right,582699,70eb158b0b0e26d0f0cb808010d3fde24b0e2611059ee28b26a9e3178f4813c5,test
right,582834,b227930d7088cb5abd80ed65419b4dea00081f8f1702855f8bb16b167a6f9cdc,dev
right,583432,bb5280323f1c4c316c7f220ec96a494dff256716538e76d9b8c56261cfd5e64e,test
right,583538,f5ba7d209d7229cd7f320a80c1fb55f602e17ecd63efe36bef6081f6ee57fe05,test
right,584020,8313b114ec7bd879f69eb3273843c013aa137e00da2e7e2ede368d8964091f6a,test
right,584059,aab540bbfbad0321825dffeeb942bb3d7c8e81cf374c2a3a8fb1661400463a0d,test
right,584105,42c4b43235c7e4eb2f799e5a98b402334436c327624bada38420dc73fadf0c27,dev
right,584911,16467232ad77d9d60893b6fd7f08ab1c468495ae0953f63f36347939e8fb1b22,dev
right,584931,325ce8bf6a372cfdf398bfaff85baf1aaef139f6615efedd32ebd153c6146707,dev
right,585055,e8c874cf666d1d46a5062fde687804b5d403a80f616b12f6ea223ea64d33d65f,test
right,585072,f6bbbac9d52e8108fbb598294f293819e0accfe98d1f0f8e2076dc27c8c50280,test
right,585145,18b86a71f6cbe7b1ef3ae9eb0ff58c49729d13f43af55a18644890981845425e,test
right,585163,936a88599cad2fe1a8e381437ca716dbb8166f2e20eb908d92bb773ec86ef671,dev
right,585509,73ecf934b07d5f2f5834589ce9b753253ddf6a5956d865799e82294b62be3843,test
right,585871,9ae1a5a0970673dec8ce3f1285314b9d46cedb7c2b98a115839c236f1e5189b8,dev
right,586005,2308902859e7b3066d12d80437bf8ba65cac0c6a90acc25e84c1ac06ddb597a2,dev
right,587188,a3404b8dc18ad21f005386bb2e7947ae410815bc05eca13123921c4f827d7b38,test
right,589331,03baa2663c68289bb039c8cd5fa9cb4a6bbd298ace64c7f4a638b7afa512438e,test
right,589433,8dce99a064bad01bcce543bfed33ea345197a0984f100bd64240e7b4f67c5f19,dev
right,589642,bd83574a0b0629aa33d1ac9d98f8231ec4e53ec0dcb873db67711118cd946ee4,test
right,590188,82b15ad1b5240606e3789c7a5e880bfe87a2f2093845381bfbcbf0d2e980ff3a,test
right,590262,887c11c22f27a4e6a188258a3752f05b47ef799b233ca7671b973f7cd33c83e5,test
right,590434,264e40a72e09ff8c29c3305b2ca4c05d21b74dce6ef8540ff03dc1d132d919fc,dev
right,590825,2fa3237c4bee0139fdfdb87ae3dea6cebfa86fa050279173f0a6f7236a5f9bfd,test
right,590829,0a30c5e2dd932147b4126912b82fbcb09bd840daf4dde419b2a394e05aceed7b,test
right,590850,97f1e5b3895559b670fdc5602d86b546f6bf5335aceece4673f648a348812291,test
right,590876,4f24a2ca4e628c65595ad5540e8d0d68b5d18090ccd08fede07f21b8c4b6d149,test
right,591240,d90df9eb7cb3da5490fd721d9f61fdaf7be9b17588a4fe3fdffe3a6409709b0f,dev
right,591265,4b7b31ca6e2c43282cd0733ca1f74c21dedf7b320a183b4485f1a5c42416093a,test
right,591503,22772ade2102bf2a34d623820cd14b3bd5a4a5b699020cb6dcf5f0eb639f83be,test
right,591520,c3e796e0017647ee8377c7b45dd4c5f6397326338b8d6c3a1d1262d490350e47,test
right,591806,aa871fee56e5babc48c1546d30acdbe36d470e9c203a3551ff8ee8f4cbd58413,dev
right,594907,10678cd9a456fd795c92aa65a4f93144ec3d73359916682ce351a023922daf1c,test
right,594918,6aeee3e6c314639f6889e2d26d517355529b0c30d9d947c9ed75a1478dd2683e,test
right,595034,0e87c3ab9d157f5327b44db48e2f4201218a86064bec8caf7212d73d23a003da,test
right,595050,6205d1b6ac720cf5e299e89437c86452645138267bd2d47a0748725a65d43f4b,dev
right,595067,9d64cfdc5f36f95f203017eea891a86389a2b7b8a35f4d2d9d64de4f0d8a2a7d,test
right,595112,c64c8d4966dfd502243fbf676e1b3d69a6dfa67a2340d500af679a7a8995fbb4,test
right,595137,74dcd41a0f2bc032e0b823b37249386c071afca196e41a7b1d2c17a17aac547f,dev
right,595177,01c916a3f5def7c4ed2bddd14d7ac3c248cd2c5d30e7971513657a7b13257658,test
right,596278,cfdba456c1dad024b2cb0ab909fe38bef331a3eae1c67bb243d135ae164c97e3,test
right,597521,7061047651c1100f25d9a6396ff059edea8d32ecdb700580a4e69c397a6d08f3,dev
right,597715,55084f56cf65edf276183a0d068269803ff64bf42651fba60528bb55aa7ceacf,test
right,599734,e75af75bd7068bddfae02109c0b0fe60bcec1df12cb23ba30a34ebfd06864422,test
right,600544,b942a79075d346ec50590f45f7a7b5021a458d2d4bf257d1429ffe3b1967ef2c,test
right,601073,ce021775deef5c8249677792c4ed10782dfe264f6cd8b58ec256d12b1b623e43,test
right,601107,5d0952c4c711ef3bc520ba98ce434331271f80eb1f8ed4b1e72a037913ea889e,test
right,601753,a81a36c5f47f1cc04bc4b086d1ed057c5b14911c5679b5f00d92bf915c14e3a7,test
right,602108,8a9d5772de397c7cf2deb4780bd7363d085e04f88386028159882ffd86a34066,dev
right,602720,7a2121761f6588a89ffb305b314dceab7132f94596c75621f4ad89d6801bed26,test
right,602805,6bf383df8669c9c6637728cade45553cfd85fa5b8eab17fbc35325954fb8143f,test
right,603669,668293ee41815ddfa3573d0ad7fdcfa520dfb070a16949bce49320ea12419fd4,dev
right,604059,d1af8d9ef18967fee7bd46fa109843f46e1068b9538a61c112985cf3a0a8dfaa,test
right,604161,2532c7ff0b75b85ad755f328ceb587d39e88dc5113d719a1319ce91444aed0a7,test
right,604258,a66bbd388e83bc16d9b91934e3454412895a7c069e50b016c5db5e90c31ef09c,dev
right,604565,0b44e623b381c8819c29a8ea70feb7c83c75afddc5af5fc49a681dfc194bbb01,dev
right,604739,a60a11892e13693bf1f96203d21a99382f6cc9991c2fd273c5d11582a3e871bd,test
right,606215,00c7f7ac9a702584bc2243b8e328876982220216f926f2c5415d5c5218fa1d33,test
right,606592,05ef71dd669578d8f16494fb8e879efa98fd2445b4684357a12b137d263bbea4,test
right,606708,53f090d0166984ec20292f10a9bd5f5471634b9f65f434d650e815634c2d3394,dev
right,606711,e1cf11a6fe9d5b0a62f29fc11f0709d4c7e394143a4388ce6fcf318bf3b701b3,dev
right,607059,b5523b0dc9d5dc4932839504a9d57caaca3a1ae41e3d212288dd68f675f3bf9a,test
right,607080,338aed220c1cf5f23dd8f8ee5c363e9570e7d73b294a7626c6df765bbc32776f,test
right,607650,098cfb62d1344808ac7cab260d355bf762ca9dd5d2522630ff43cf3f893d274a,test
right,607828,d16c3e8052b0d867e7faaf673534ccdffc41871fb08897087bb3c3e4a6aecdc1,dev
right,608013,6d149414880723ef0e36afc60a0a7614c67addff0148d873aff8b72f0c8212dc,dev
right,608030,2547bd525840da29f010c0e03334184361fa2937ef79a431295477154dc9b4f1,test
right,608302,87904c1223b7bfd91b684544756dccceb3d0c25ea367389960981e487477b526,test
right,608513,044be59959353f37982d93da888743c4331574ab842684a94af424477ab66ef6,test
right,608554,6b5d282dcd1b47437b8d0beabf0f16c72e289fcf8879eac2370340108a2aa8ba,dev
right,609150,fb27e63db739c0101ae000e4fe169202162a07aaa762674247ed2819eb76bd2b,test
right,609348,5764e3e13d5f4e8c98a8ce01c965db2ce6ba7b544c27c7d625453d3d33c504cd,dev
right,609395,bfefbf97181bbac91a09ac9f8301a9b81f69b37f89f63679a4f26bc92a15cb5e,test
right,609762,bbeebe9c182b00636970b193a52c378355ae73b85fb3375241bcf4fd18198e53,test
right,609836,d62ed978dea717baa9ae0c5a8ad17f79751a545e98af6f41e4f4305c22b83dd5,test
right,610304,169b62343c695da564329bfaa9388546adc505d9d17a56d7ca74944ca4c38531,test
right,611662,9fd3dc5a4387fcd05955e820f9e397992adf834a50fb1eab19ef78dcbc5829d4,test
right,612085,93c685a704d12c9f12b3677292445ca8fbe16b4827b399a0935918f731cd1a39,test
right,612376,dbc1b1167f3a5222ad2a3289898bdb964bc9910090d2ed828a382316e774f1fd,dev
right,615394,00328cb4ae1fa5948e848623648e9d71370acf1366542572f9d2931b03fe184f,test
right,615785,b28f483e6c60b7442f09feb8cbc86f40454c0f089768f3a7e5fea61d8160227b,test
right,615836,deeabda4ebb0d082d254628e527cfcb8b01794bfebbff62f6d22de92ea562168,test
right,616350,d8e5de772d69718e60537680f9ce1e263b8f901208731000275fb794e83d5d9f,dev
right,616884,a103ab627def4ccb53e2e9825162959091832136a597a55dd58503702b3a0753,test
right,619331,9fc5408c08a47f15d09db02d082ce05c170e2af83ee45f91f1ad7fa41f0d1df7,test
right,619600,dc65771de585e4ca08d7a500844a16265cff6f34b15b27b9ad4efdfcc3420d02,test
right,619711,55f72f61322f586a23ce0741de88b9a22f03bbcbd179ca2552ebade7a66ba9df,test
right,620066,a0f1784997d6ce49de9705e836ba2d3fd0b3162ecb943458a2e519830384b539,test
right,620076,b7a6bc03f6a9b3ea00f519fc474b6782491bf0a3ebd85a013724832571af0d68,dev
right,620178,91cdf9b769120a539e4b7c779e77243f0489ad74d54ea4ac09922a87451a9cac,test
right,623555,a707b381969886ea68589482c1e1526623708628e918d5918448acd5e2e81a53,test
right,624220,8c5a4e2b21ad3837f5f4b0e9e2ae28e2ec5aa6b033b355a1568a4e6888e3a2ae,dev
right,624749,38878efd265f63cba4c5344f18ba403fb5ef4fb6ab7a99d446551f4651d8d9d6,test
right,624752,fb327b07a60d0823f9d5d67bde63f2de3bb63c77283f4a4cef969b121c8907b7,dev
right,625370,ca524d542ce98306b73487793ddc364ad675905c4a702c89429e498f5f04f4e2,test
right,626320,857138a23af3b15720595dc598dfb3614b2bc3c6c085c65fd8b5945c8722922d,test
right,626717,29eef05f53f86da13bc4d67961cb296453b24ed86392ed797e037bc8de40c879,test
right,628452,dd023daa5112f5f87bb669952a305bc8d5da6f0ad4dcff6cce512778aa7808ea,dev
right,628464,14e47f48ed428e6e1926214ece1bc8f6739f7220de1afbeb31ad713d8eea351b,test
right,628850,637dff00bb2ba93da6fc551d6844fc276868c849b399ba53f3bd1d6d94c1f931,test
right,628862,9aa3d72e9f5e9b198e9b9f6511b43ee4014ef093469959efa0e82cfea1d3108a,dev
right,629156,593178de5c93243a11bfc9dbed89d96142d9906d2d1ca44479b767f99d06fab6,test
right,629449,ee072d27259318d5e831ab7a06083e88efdc2bf6a65ec9e6aa3457f1d4fdf6a9,test
right,629527,78c12350ba1979622d5cc701fa63451815d8c3492141995ab33299626886761a,test
right,629579,0bf5d26bb70e391938bb00083096fbf21e834213c9d081e6584f31170f5a3e7c,test
right,629853,e1be2578dc62a1cd491b3bd6eb99fc9dd46699dd13f1331eafe702e434e4364d,dev
right,630077,48d00d9cbb10d0b8ab5701ee5c817faacac9cd437e5686e44afc6f4fcb64304c,test
right,630183,acf70c1bcbddaec0c273333bbb13eacbe61346e7824fccfb514e2cd5401a2229,test
right,630402,16f41b2e8f23ce592b56db696b88718ff12457e2ff3c7c51762ccf2ba02fe809,dev
right,630871,11b4e3c89728e3f9ad67648affe18b45d058e9908b5daa80f605c4e52ccbb1f7,test
right,631226,c7f87f66bad0f33d18884064b91939dbe13955e5e3cd33c6b22662765d3b8b4a,test
right,631724,3b88d0967881074576ba2435e00c55bdbbf22814cd25bbb96bfea5d9db4281bd,test
right,635087,71f3a08f58faccf1822e276d45021c18bfb8e77cd0f4f710e175f4bd139c629b,test
right,635094,bfcbed7f9bfa0d361809993010590eeacd1ab267430d6106b8201502f61c695d,test
right,635128,096e36689cce339fbf4b241ef7b7ddd66fcf5cd61a946d71f99ed54d99f7f19a,test
right,635213,12df22ff963702de472c1aea788c2a04824aeee20f58de689c892458956b61f4,test
right,636265,54ad1d90884584350249faa6c7d64df61be48c2e1879929669d76ae9c1876cb4,dev
right,636316,0b1b72124321f5011c35ad99657911e4fff6fc1351ac46366aa493e405bee858,test
right,636486,cd46cc8405a024e29c2db12ff7da0b85bac8760910f59112e3f97d67306b238d,dev
right,636905,3caac1a72dd483a14a3c091ff547a00b8d8114793684540da1dc235fa5881a9d,dev
right,637130,36bca35e96176eb77861ab782391466d75373ff8b3ec4110eb997ab7ffbad65d,dev
right,637215,d65c021c527e684892ccb49c7cc8dcb2de2193f1dd0891a6e98f11546bbd506e,test
right,637640,f577430f62f8dc5c7ef6c111a6005a0802b65e13bf3e5f4bda29649f873baa44,test
right,637657,e4d58c3dac5a169430fc45f8162b9ce68e694118f140d776741a596f1e0c0e77,dev
right,637734,0d6c5e9fd13ac3fa33bb16e812624f69ea349217519072f1d75f068d09a2a426,test
right,637742,c574cca0a6617bfaaa91e5c90b5a2cd40cecb47c005e8b45ff5d0dc07c8bb9bd,test
right,637776,0a83ef5251dd919d8d4e31862474455c2b5c5925637ec93b0a4f82cfee4d7869,test
right,637844,5ad52e2c2eddc31515be6307c90164423c50ef8d633d530c823b433f68ff80c3,test
right,638352,2ce36a1c6edda9b86a97214efc95aa84bb5285ba285f385fcfc3d45fbbe6f02b,dev
right,63934E,32afcd22a7dcbce1bd16bc7f8062870a3b82e5f2a026a97cefa13c6b83918021,test
right,640275,381cf2188409cf8355f86bb8de77e37a765cd44e155860dc8c1f4cbe372754d1,test
right,640520,0c4d41df51a63c3e86e2a0e6e73c09213a267863511a88794c442424301ab49a,test
right,641066,3bf77bc60e24af9f0328a74a7b16db512343ae7605aa5dee91e10a86b50a7ca6,test
right,641217,9f7a2cd9f4d3b72f690408818a3b79f51e7f28c729c821b70ab126ef1e855f63,dev
right,641246,c1a0e70524cac5f9428a56166f7f3d48ea6f13791be5125e1b4f258fcff9ac70,test
right,643872,5470bde88df5d22d439c4de6692dcbe147c385e705dfcb67d547ec852468c900,test
right,644171,8028ef2eb7a8b9a747b64e264a1f9ee70d91d4115b0b100734daead1e15a10de,dev
right,644596,c8e34d12fe73a4965cd7852f3fe001eff5e3213315725f6c015c8c5a3370a231,dev
right,651186,f04ac6aa78a8de13b024915f0c23ea4753b59ebf3733224021f141916f2929be,test
right,651192,870d1a18fbfd799b6d41dd22bf6287c816355de670daa6589d4aeadd669d69b7,test
right,651639,b3f04add0acb854199f34dc9a7b78d858045c6fb1685be4f2bca4cee933a1258,test
right,651824,03fe0da1033c74c4ac200dfa2be1b65cff8a8aaa5764f84a62125c264034aef9,dev
right,654061,28c822887c42ebde4aa8fbc44b2db9bbd4400fc31af0d300f5560eccc5182c77,test
right,654086,a25d1c81c350fa6d71218ab02429f69d19110cef94db42cd675555e9ff5973aa,test
right,654106,64faf919211b27a4cd74cdfb313645c8ef717e65e391445cdc051546538017f5,test
right,655421,1411d1a8a506424fb51543751af88696da32ce86b4c495f34956505003506a32,test
right,655555,c1e62fde7c29c4f6eb224e6a32a021fbecec9b1189e982e77d9ccc7b6f8007b9,dev
right,655663,fe2305117be89f5f085446949c66de2df3eb85642c7e576e0e64470a865dbd14,test
right,655844,2c1cbcb6af08cddcef529d7b6d1bb4fd5083ef1d1b3b4b4885fa32e0ed499fe6,test
right,656389,837eadd680bfe2b90876c967d688c6212ea1110b2d5b815a31e6d6a5f3697da4,test
right,656531,ede3a9f81b9e89ef3cb29abe8e5028a4cc2a16e4b3c9288c48789465aba4c136,dev
right,656559,de5e437ed1dad22cfccf7f0b4439aab42fe1611d9c675b2557c4707b1357a3ed,test
right,656755,660cf030f4fe731918b65f16828136a277bf5cd0d88f5d9130d4cc442515ce64,test
right,656990,5699533bb05cfa6c7bb7f721d9e9b1b02268390657d1027a9e173f979f608234,test
right,657045,9a7fccb53ab2f92b8658efa96b136023270b726c2d0f0c03c995fb9fd6d2ed7c,test
right,657305,0ebb11a4e4c8c2e20c7392bd4d944637c325c958784fc2449f2a0fc032222eb4,dev
right,659851,ee166a16d8b39fcfb670fedc4c22bcc21c32515154b7708e2d5397929fb8252e,test
right,665815,b7b75b646b5f01f3552ed4c2b39f3c3e8bf7df7e90a1a5d4432aedea4bd2a0af,test
right,666807,93de51ff1b1d7a082c6b9fc2d4fe8a60502eebd58edff3198a05384d320df931,test
right,667451,ff97dc861674825308219b012c52e10435b75933e6ce9dfa49ea9c98f8bcd807,test
right,667528,3b20103edb82e1353d7a523514eb85e05adb32a3b6147a5ca0c5c130c92e651f,test
right,668605,9fa29a686cf0ba0b33dded7abd3ea2641b1e9ad1588eec49c7fce6f9a0f5fd35,test
right,668707,76a8090595a8ffe5a1d936a642bf5913678788644b483e0d4badc4b3a5ddd7ad,dev
right,669771,c630f9f04b92e65fd61868f51c44f52ba9068912414f51efddcd876da3bbd88c,test
right,669870,aeab2259c189df2b6888384f244cbe11989b236383c27960281ecac2537dfdaf,dev
right,670100,95387f244746dc712c1f81b7c2ceba107af00ca696320d683e1dfeff67946970,test
right,670148,0f0c67863a26af9446bc6011cc71026ae249cff37785dd4b240777bba5dad2ff,test
right,670346,91b3ea60a54204cbc5256960d857ebed7ff0e8594d65918330bcc5015d7f45ce,dev
right,670768,255a82e672dce114baf70c0f13d8d16417a27d872f2a86aac82e768a2d0d40d8,test
right,670826,58696bcd16f05a696e9cfa26c7af5f18b11c93968d9f75061b1ba92eee4ec73a,test
right,670841,6dcc1cf9212d006d4c7a3eca78551d38c61322ab22ac01c5aa1de392892c9021,test
right,670901,b0e689069886d274c9aea5c1d3c615f1b35e9104bd0c11306daf41521eeb09a1,test
right,671400,82c58f3672bbcbe378e21ee7744d3df6815e20de28ecb16d90ea6428f6d0e13c,test
right,672206,3b234cdec8970394636a8587f9603b8d55d40c6e47a49dd7f3675e0b7f913705,dev
right,674599,5646764ae2083f53e40dd1a20d66f7dffa3f4d27249761ac7c7670286a46b453,dev
right,675724,93916b3b35c32ee6beb8b2a97137b06c7d6435650b76a084e4db3494d89822a8,test
right,676065,e86a62caf0172087b116d5e0752b16d0fe6ad1802ec9befc9e38d0d8224bc83f,test
right,676117,9cd4c549e6d121255417803a6a6877d85a52f5c086163128c5bd3d0eadcf72c4,test
right,676346,a8608de746556b13c44f0886b9f925a192cf213478d9f42d4ec81ac87386bdda,test
right,677007,befb682ca8b3b702a668bfddd9b202e95c5337f775a2cd960a8267b93b8fddf3,test
right,677143,59656105346b58d901dfa9adc03027abb23ed622a2cc44c2b1b07b4426fb32e6,dev
right,677194,c36556ff946ff8786d5fb7d7c798d28b30021c1bbac3b7229e5c1c144aa0557f,test
right,677364,9ec6d87c12397c66dfce6fb57571c2aeeddc2456d8ab1a448d8a7d5e7274723c,test
right,678042,8e6934879cac1af0baafbc85449089663b652d074fec02456c113cff47e75b5d,test
right,680656,64e3f2270255a9ffc3a1766e4989ba15ea0a3676ca11b1decb05733455b832ad,test
right,680665,324e13a93c264be2a5ca67664e2960758c28cc9105b07ee4bbd8debcbb998401,test
right,680711,4271db8f7d0b9b6fea63ca99e54a3bd6759b39f6f513c3f60dad1c44a5279c72,test
right,681453,4ad2b42492056e6ee4d92862e9b0d61638e745a4928bac1e88ec3635c2207bbb,dev
right,682063,a79bff6227e4a52203d7c902bc589c87cbf5b1f7991caa91ea7fda6117a4f26e,test
right,682114,0d017f1a5ff2fb76fe6c79bf81fee83eed8d35d512ea8e715a176aad076337c6,dev
right,682505,443be4f57421c6e6c11a5209cb55df313706f37235b5bea310e7120e7cdeac94,test
right,682901,49269e76170791a081e77dc63f9e0a32611cf1839631c98052ed33ef62514c3b,test
right,683829,0c3baf4c02d3fef66fbdb164febdeb8887703a391b1c610b83391418af7e8b7c,dev
right,683836,e69b887e4867a17faf39ade9e52a3e1edcee41f34ff91cc8710e45d7cb317af6,test
right,685559,6eb3a595dbe83cd24bdbebc8010c47defd5487d79fe08dd16bb1b4cd91e08414,test
right,685564,02e01de778a59d5bf556a4012b5526c2107f8bc6711c4aac6da585ccd2a2ad67,dev
right,685899,34452edba26510f83737cf60e3023c4c189a282c7d8caf9d220ef5e68170d06e,test
right,685906,0e861b960ca00584b100dc285420c860fee3d3fe13b9bb48321cc77b3752a97f,test
right,686268,0936ad822bad86cbceb534ed79eb532aaf5ac148ee47b12747ad08334ed7a6d1,dev
right,686288,3e9c03091a9f819c4441dfa6a5d757d78d40867ee4ce4259432f85b208d1e230,dev
right,688239,48c81fa50b2be0c8d87decd6e64deda86441e7a9b291c9abeed11bed29409d72,test
right,690020,57ca062d31f6dbae02958f92c975594d0e769c0ef0c8004f2977bbc5f2cab4d2,test
right,690052,9f57f0b1ac1ead61079409dab00fad046a6d572ef452dbb944533d826da9a5c4,test
right,690318,c14a20ffd94940964fb41e44f85e132024eb3f22e9600fdfbc1e9055052700c2,test
right,690678,7bb482082c1b272201198fd0d1120f4a47664cdbfb7189121650b06e7888d64d,test
right,69073F,30db3a5485bc2af5b5355ada43a2e77644d75c0fc853a0c5b0010b19316815fd,test
right,690768,7bb482082c1b272201198fd0d1120f4a47664cdbfb7189121650b06e7888d64d,test
right,691497,5e75ab576a21b7c8e1ec759dc4312c30e14d2b1e6e818b366b11644b09f0d574,test
right,691540,cddbc68ba99d00161cca32cff6b00b23336f0659cc5a539bf9eb5d2529dd0243,test
right,692080,d2592ea5a83d5b649b7866a7566fc2415fa583e3608ed2b3f2911a246d6438a2,test
right,692685,9ae0fd86872089c9dfcb5d6ffbbf22ef13798da7b82f88d83d8cab409889fe68,test
right,692830,1953e282e0addbdec012db50184db1a3c779bd28f6cd1f0ac73ed8d51e0a8d7d,test
right,693150,85e55fd78d8968163f8e88e1782764acc4faff28b7456ec893f9a81f9ac39e1d,dev
right,693180,d0fbeb0f57220497a86b7f16fa243571425add9151bbce2253184ac436ff7a49,test
right,693506,bbbf6cdb5ee32dc7b507ffd39002d23636f1ec599c13eafd6a0f525f0735874d,dev
right,693565,fbb39d6cd313cf1e6446499dd029d9a6af5a65c47aa56adfb982b9b43b6c41d2,dev
right,693662,775528e06a76b0866cfd893f54c6b10d6972d411a13505fe0db5cf5be26b2d53,test
right,693715,4111bc9b95e7763102d2bed79fa20faf22d56de19e014fa7bae2d3315d8e367c,test
right,693718,1e92e7eb8bb777c4f5930eb143110d0eb6ffee9188bba4457269fec41c4a234c,test
right,694232,a4d9097c27eb357304ce5c9e7056ed2ccb41caa2bfe0f9fa765ae3a02875154e,test
right,694806,f6f52ed1c84c612787b4b02966adbf7cfbcad5d669f3b7af5b87e4373b60b99b,dev
right,695114,dd4d43e2b9f401a1bbb773da80b92b5a2b46cb323e43936fa471d170dbeac426,dev
right,695122,a9b273d1bc8c676b207eda7906770ea915adc264bfbccdd97f88c1f3b600ae0c,test
right,695156,631c9e48b84f0cfd83410f819728e6676294ef68e0899f342388af5907ce3eda,test
right,695816,4d9aca9dfaaf3f92cafc5196575ece1963a74c51fbffe810286fb4b7c8adddf7,dev
right,695853,4fb32aabf917fcf91cd23381fe59cd3839179e7079b278b77f252060e1768fd3,dev
right,696429,f2ad77bf9faf4e2f1c5cbfc4577844c9f9c2f069db4b2880041296aa2d6a49c5,test
right,696593,e084aa6acb35d8ffed620072d02030805ed10388bf5b92acc5306125ecfd0b97,test
right,697757,3a840b34a64b9fcf7333cfa976e96491cf3e836d6ce5457f95e701381a81a690,dev
right,698333,30603d119e6d8b42fc38ffb7e17d0d49ca4499483ba98282c5efeb380d68bdd2,test
right,698822,426c6f390bc0906db0bc008308fe06cd218ae58dc9a5c63ceb017d3ea73c13b7,dev
right,698884,fef0162038cec8ab27d8f7b32990e36d9699e76abc36853fd985983db96b4674,dev
right,699113,beafe112ec4f106b25338258e88ff944ef159ea68151cd4510f916bedf0108cc,test
right,699313,fe8d4420fa88df53e44aaa6728bb0c67a106ef45187ca628b8a1ac258a09cbdc,test
right,700178,b46fc2760a7afc542f983e3352ac22ec6bd3b10f5995f74d17d719787f14de26,test
right,700416,c72aeb4da4e9c2eceaa6c1c167680834179bf23437e0a8f08d99d752ca717240,dev
right,700677,a743b1146071d87f789d5b7df395b19a5db9881be958152fd96a7af508f53d45,test
right,701081,27b1f4a583dbdf73a352ccb69d8bbbfee4f0cd1f4df90af6384f4d205a3b7314,dev
right,701094,c15326d26133d7dc2a67490d8113b71be595f466d41c7497497878b639c6551e,test
right,702021,272c96795da2d3b181b67b6c2722a1a5e9676fc2f7a3ee91b521ea8d3fc1ced6,test
right,702544,475bb09e473658f541f8c5a81174b1fa23ca4adeba6a4a635715009b6dc8e299,test
right,704225,84c957bfd44836c9c7542ac474afddc82c49ca90732293c81952cba770231ef8,test
right,704227,c9baea413d056e0548e5b5c68d74a11bf5ca800df9d37490a7be718e2e51b6fd,dev
right,705041,7dcdb38e53e4bbb12ef31993ea191cadd1c209448fb669b6e4f81bd42297e46b,dev
right,705492,0cf960b5a5908830ecf3003d5f2565a42f710362c5d1234422939f81f85fa0e0,test
right,705540,503db10cf91e2c19945d6e41d4e0cee65c57e1959f981c45cb8f3dfbc466e40d,test
right,707271,0dea893080d402690039b3c0987c82697b9cb354be2b630e40f5da21a2d4c065,test
right,707317,0c428b5e52a9881a96f752b10b9303cff58684896ba7e265b00093c513734efb,test
right,707882,55c6d9127119214d49d97814c2191839c13b48f1d4634d72e6c82846608f99c7,test
right,708160,19e1a00c2a57e38fb1de0f0366f23d26c0ccf035aa3acda0fbaf702c3f74edbf,test
right,708713,9bc3d7d1700e5132eabf94e37cdecaefb6401189eccf62ae55e2babe449cd4bf,test
right,709317,257beebcfe1b5dbfd3869f54de70ce8d1ae0c585511626c0dc4263a043baaf00,dev
right,709342,2bd54a2b32f5cbff8284d9d51cb9c9aff30c109e8ddaffbd7e3274125ff05193,test
right,709352,456277ea2cb7877c5e1fe0ad9cc2e57e86ca054c9b822f82e71de7833d575217,test
right,709631,5387bcade6ce0ba6ddff2b05d973e04e6b4e1edf684a59649aca5ef905576632,dev
right,709903,b7f86ce7b3e630eb301cdec12593c41a81fac7d54ef1e376337451c30854c9ec,dev
right,713448,c0fd3017ad0d90a11dd702d9090f875d1c046ea927f9ac522b9440491af09dcf,test
right,714041,5c3a9a29a3315985a98bdf6bb7760d1fecaefeadd8fece97e9ee170326548c02,test
right,715361,578b8ef2bac9804ce093afa601dd463564a9e2a5f1812c82d4770996cef9f614,test
right,715825,7998bbee79e864d1255850eb01c29f7014c470cc926fa5b50af663c283e2f95a,test
right,716723,8280ca40f712cf45858d0799b50c942ee9e766172428e42db8d0f91d564522e6,test
right,716769,736d009e0d19f1a1e88f64c27820e570e99217532b69edeb76270b4438db967e,test
right,717081,c5cab1aacfa3cd26110e08e08303085ed6e57633a71330178e874b6c86c83f16,test
right,717130,61d914c473a8036954b61ebff5822b9c7653db4a3732e093b6a6e6e3b11cbeba,test
right,717265,bbd563468b4aa26f23917617b513711730af7d45ddd5d25123b18624395c5559,dev
right,718154,a501e4383ad2429412da5e8154849698f914a42672e7b2fdcde251f497d77ea8,test
right,718320,e3db66a7cf67b0501b04ee6150835e72d88adc2ad789a73da6a33553236921de,dev
right,718507,5b770c86bff01beb08fbae0fa0694123713dbaa7b95e681d8d3ba831d3b80286,test
right,718541,5f52b9a6c4210c8b980573b2459ab26bd706f0c00234456a02ed2b4d317cdbd1,test
right,718592,d9a1f30b6e836ee798dd1ae81633967c7e4dc45c5a3de4995031e7200c27cd5c,test
right,719151,41dabbe851b9d6f557dec778d478850dfb54c5d2048db744887e39fd568ce260,test
right,719207,890d84ea30b229ede006c061293d0d41833137bf72f983bf731d12b2cd0351ce,dev
right,719219,61636a792c37007d0269278aaa52df288c391a51d2e04bb789686d8448d88e8c,test
right,719430,d646868e8f786fc90074788783a244c9fde085415be05848f7afeed857d9a1b0,dev
right,719884,fe7c653a746af4a2d5ec3377890b13b4f3f6c179d79e52727f93b39f8cee1044,test
right,720148,c661ce62e17120556202e6707687b27dfcb8224d49fcdcde45cef4f416990d09,test
right,721510,1209dd398a8a65253b7074966b9152cedbaf06cbba73eea8c6074117f089aee0,dev
right,723686,b80b6835a6126b5b9d283a1782a5de5d39ad3c0e56bbcd4c2a9e8dff2cc6d3a5,dev
right,723835,b7b1281301567c9abe2dac4dbd12e676850b4bb05c2047593be103de47e4786c,test
right,723886,2add41f24bf440b1825789d93369a0b943872166ee50baf9be61b3f6f4083913,test
right,724071,323ac5819e35ae1880815e71c0ca88264a175db5ba9e2ceb509c7eedafe46d6f,test
right,724075,e8ee8eaedd9c761bf08cc573ba16a062d5f62638ab526a402f08d85ac3c2b83a,test
right,724479,85fb5bef6479e685e2a93a7db2e45c8878b2e97f33ee8354ec11b7149e09e825,test
right,724508,635f5afe117719fb8d614e6d9ef55fef8f0cae0ae93cf7fcec0977cf18c957aa,test
right,725106,33c02432677fc1af88b59028e5a0cfc42533ecfdf6da63711b1f0f1686f1e578,test
right,725786,9b8738f32b4ef46fda3fadb41cec0b6fd6b4e22c96485de298d5ccfc25706b79,test
right,725790,9b8738f32b4ef46fda3fadb41cec0b6fd6b4e22c96485de298d5ccfc25706b79,test
right,727346,175c87e14cc718b9e8f79567477098138001d2851e963aaca42cd3dbb49a853d,dev
right,727491,0ad57ff78afaca6d1ca9d971b35f07f6f835a42f9eef4e1758763f21a3ce399e,test
right,727493,0ad57ff78afaca6d1ca9d971b35f07f6f835a42f9eef4e1758763f21a3ce399e,test
right,727905,20902e2cc0e023367d6624a0a5220bdfbf59ee5980f963348be4f161ae5e9d44,dev
right,729110,57d24979a679966079bd6525912b4ee499d81ead39d6d42e7bfc0aea4be3ca4f,test
right,729416,5166cf2d34c112c166129357ab91ed21211bcc4ce74e407592ab456f77ca15c4,test
right,730026,5281aebafc6b5b0c2c991cbc474d777ede963395ca87798e2e8650e9c6f157aa,test
right,730162,88992c6c4118f3f4486ebe9c1e133fe30bf2a96b8c026fa00d085b23603e61b3,test
right,730196,c42d241a4fd3dc0658b35f5894180012ee4ec31e6ba07e73f8decb9bea4a2ce2,test
right,731095,10588dc72c3ae5186522beb65351234d924b08b2593160602e193bea33c687e6,test
right,731588,7376f8ff0c4ad1f4ee18318e15a6dd70bb952206b023d7edeefc56a37972f6b7,test
right,731707,4399d270af356b54c446df6bf878fa77ddc72ede818bbdeff8c370ef681fc958,dev
right,731733,155f4317323557b2fd20fa03de3e29f7edf02d67185ec51943d75041c5441a0b,test
right,732827,69ef66b61d9e871fdf1b37c6a6c17078e3bce2824245031838ddbc692d3a6395,test
right,732869,27dec8c2754e50d3c881f96e3d9062ac08cd7c0f2e14b517aad5e4af9806ebe3,test
right,735647,b451e4fd8b21690a78e76054685510ed6b92ba1f93278c5ae5d1840e5203a294,dev
right,736202,e059f270afdea0f7d016a81ea0cbc1200f2e685aebac51225ef38d356842a06e,dev
right,737384,d37e73586bee0d21c5e384c741c9a89a83aebecbb77378d3750aee00e053eef3,test
right,737407,51238e4d9f169ea3a3660493528010b6e538139f7bfb60a7b9f2a55b5dec3666,test
right,737424,b338b03b5cf91fd32887985dc43d2d76f413666b7e66970d5183f17722b750aa,test
right,737628,e334ffa1a518eb658ae8baa6e5c80982dfcfaf389a9c1fbcac591e79f44a31ac,test
right,738102,b0579631f28a7365e7ce497386c54a8be3268eafc795e3d264a600fde20ab2ac,dev
right,739128,00fd91c665564b8217487ae38cf880653ee9282baf1c92aec9b1ad086ee66957,test
right,739341,f35e0bf894110e6470b04ecf9887d3b12ab41e3dcccfef0b0c7f3a3cb387313b,test
right,739732,7932dd365e120753e97f58791ad04870dabfeaf88ea7f2b25d0f73de62745d47,test
right,739741,c041425ccc65db0ee13bb9e67b3a220fd6ad9f4e83f1a46bd41fc5d7221e3d19,test
right,739868,5ba16f78467840e5f6580e396d704b1cdd4d37a9dd738593ecd91de0ae3ec35a,test
right,740056,9c06b8ee7da34de4c4b913c41ccb03047fd6b1bfc755951ac3654a95618ea74a,test
right,74005P,52d5046d4d28b042ea03479c87de24d0726e41c3bb695dafa3a7ee9919f2d85a,test
right,740189,4a77371a4db00ed01b13a1e6d4418cdabc8ee5abbc75dd08face4ab464828073,test
right,740459,1d3e9af67b3eaf9333f4651243479adf6f6064c9086e6ab0e31b9e5086e49586,test
right,740512,14aac231ccf29064006f285983823038b5d6c486604bf242d67d5e811759573a,test
right,740648,56b5ce6ed9ccbf26448e9fc1b249c77a049c89572676e518f08a7ca03799dd30,test
right,741119,e0dabd46f1878b64b0a447551758e4e1cb627dc24a3d281584c9a0c45194a43d,test
right,741394,166ba9fabf4dd2f64392e563b8ce9ad8f4e1ed9b28c40b42e281b639378a3782,test
right,741555,2edfc12e716d656e51ddbc17dab7b32959168c8393535b63bbfc3de8e10cbc25,test
right,742578,f615b01f66716124db0e66c0ba763e0beecb7a3d8c0fb9d63c070a1b8b0cb154,test
right,742718,9d7b96d2039cce695c9040d6a2f521a82728133e2a089834db262d11b03338da,test
right,743107,f750f66607d85b35b44bf6791a37788d4f60bebb50a0f2a15e79fcc5fd5ee927,test
right,744635,e37e8db26039f92097fae154803f3e843e0ab18ba2b5b83fe72e6bcf280007c0,test
right,745553,c917961276c4ac7ff216e68fe8dd87410945581b55867dae331585d27fcd641e,dev
right,745786,d18a0cc747f3afd8197abb2827e71d8a1ad1c9bc075b5c433c7aacfcaee4ed5f,test
right,745791,d0b3e2d7543bbb9ad85c46e5c8ed949a482fb7069bb66de8a9202e4b5a6db94a,test
right,745803,366cf937a8d682b6a61811921cf6ceece9c6b9ab2093a49fcd211a6be0fb5b78,test
right,746252,4a5377d38df32761a4a82fdb42eef345fffd3789faa4cc10ebe0b029a1f95f25,test
right,746299,8af4c57b31c61f77b94ce52bcd5541e4225055ebc8049f8450812f3f48a66de1,test
right,747279,5fe215295473084ef40074d30a0c79c1a6b617de61f8dae2f82724f819c3c9ad,test
right,747309,25974b971871f7b4bae592c9a045a6c0b829657de8038c010771f23b477d3db7,test
right,747316,bdd3e542ee4aaa20563ef25932ba7fb4866f5407537323e00b9bf1975173a78e,test
right,747398,136b54d45a90d6d5a2adb3d99c9007643b310358d1bd267cebfb40bebc4da34b,test
right,747402,4ca807c49539e44ff606e4df587dc8873c27cbaa9a1d2c9ce72f171588398ea6,test
right,747410,5e89780be2a6c9d3bc6649fd2f3a5c6bba95159fe5d40fe18f85549a3c403437,test
right,747525,e1f8bfa0d2103d49d1550881f5ffdffdffb0de34c1648fff05105fb83c6f5782,dev
right,747620,7eaf4cea07bad531a8c42bbc97c8ce9235bc443949dee65c4054dbe5fc40a943,test
right,747627,28388314810f51b97fc10089583663b8a16eb3e947023299e597079638495cc8,test
right,747632,14041d558b92a789a1f2d0c42ff74bd4bcb2e41901cb8921163063baac4a73c6,dev
right,747633,caa747f8bbb87c4d2d377a1b08f00ecffefa5c2b9bb7b63d4003eb90bf5f5744,dev
right,747906,d09dc12064c6ac72f96cddc7972d40ffe98defe1482358d93fcb1193d83a2944,dev
right,748237,4318ca5b3807b0f9a73b85effa54d73edea76331ab30f3a6cb6a68026fb45414,test
right,748369,078c3d3312d3b062e99a90c966318b2a4808c4e6679bed9152beef4918804bf3,test
right,749056,5dd426902e1c5823efbb9a9f6ae330217d2740a3471c42a182719ddced97c1b4,dev
right,749226,9804cdc6be8dcf023c26464ce675e13fed6638d799b465ea82fe217b5662ecb8,dev
right,749285,2ee7c81186b75db484e15d7ac163e1a5ddd32955ecfe62621d66c4b2a17d4106,test
right,74960K,055c5582103cab2b34f456c39af9f1cc9f7985149197e14f4c54626cc78fe20e,test
right,74961H,31c2504e04032da8fa2a68068a5fe1f5e91f18e0b52ca125acacba28bc0449e2,test
right,750089,a174859c81a7d21da2f0a68b725e64fa7b6f0fc4c1ad93a2b3634aca3a167274,test
right,750259,04c1200675dbd34eb9dee69029aa737c9131aff4fb2a5a3ddeeb9981673d7d2b,dev
right,750310,fe8370824a4bd24458f361831dcfdc05a320b707043362784271fcf1d818b963,dev
right,750470,eacb12851364515514ef42907a896735e33de0fe05ad83a08d7a193b9bc2f74d,dev
right,751277,cad9f38b66975e4f1eb595717184f113d382c0ea6c419189e622938c80cf3685,test
right,751328,0dbc4c845151d70e0ff9e19cb9e7e0521314cab1bc170fc74a47d9e7d5cfbd54,dev
right,751874,9b2c00b68cc514b200973fb65eefcca4ae8ac9c2c150d57db0f1b2b7ca395399,dev
right,752159,ca24b47eb3ae712ac8158d16204a3add5b5718ffbeacbf6ef84d5b3d6ab6d1f6,test
right,752800,2197e2cb83176ea69cddffbde55f4674bf807d0973563f2488302df2a09df2a6,test
right,753228,64875a183c4899ba8c62001fd77b4d32c99d758553489bafebdaabf284195166,test
right,753329,f20acf98b466376593cd9236d15202f1ec11e7d7848fce1e1add7a7fd4473cbc,test
right,754212,5c54f5ca37eb0f29b518ffe25291a3b8c4adeaf54fc82b37f3ce9bde79f16219,test
right,754603,3d2b747c1ffd6e5586114edf7a3e1783afe8ae2904eac46396ff9db6a9b6fe07,test
right,754637,5b032b0a5fcb159a1d39d443ece20126fcf923741d3aed9741d6aed6bc471467,dev
right,754647,9fa151bf8c4d37b046b4da711eaf119d9b22cc92b98a39dff892802d36a1b49a,dev
right,754688,4aa29e71a67ae7a7001524fec46f1969a4fe5ba230b5bd502c3f60d9d42f3f04,test
right,754708,21f5ca750e0b81f81e1cad0810dd9a40c1b4335a3f113daefa4e0d7038e2788b,test
right,754721,b30d85f1f902574f627cee8cdaf206226360f7cab08c7564d8faea8636a7f2b8,test
right,755083,35884157adce717b8f473d51563a76b3d043a1da8ea759adfb9c932bab5d0303,test
right,755111,e88969c6de84be91bf8c7cae1528a81cda8fe6fc91d05f65f58fe2970badaa2e,test
right,755281,f7833c8d4ff489ee2e0b732bf9a5b8d01f866c8b21ca67df4aa10fe6718c6755,test
right,756040,fa888ba50b46626fd986562645ab00524b621baf224f132bf16752fbddb8511a,test
right,756231,82d8fe92eae632b832c13e67da76268c74d443d57d1115bdf1e79d51563a5f23,test
right,756268,54a928aabbaa4adeb8bef79be91fa63df1de693a94f79279bbdc1ad0aab6b198,dev
right,757202,ed13d4e12cfe532369529b9f6a664f4093dcfa1dc9d8212405d9ed107b8681ad,test
right,757495,67b6731a0d0913e3c77ada406ff75590c395302411f9bd29c456e0505ea10a4e,test
right,757640,0418106af38d12668a1778042540d5481c61307e675e1045b1523f527886371c,dev
right,758110,dc8b40f71cee0016e9e59d43415acea2ccb8b7c3db491c018a84553cb808b9fe,test
right,758114,a167de85a5d7ad5752fc99c2460781230f5f2c1ac65e3f3240f665d7e2d79c42,test
right,758260,f9f6ee7e5266cd925f4ceea6854644a6ff00d4e41908da78a071f74ff620025a,dev
right,758556,7236aed6490c0d940e7d8d03936e46a2972f4d04fa25c22292dd731bac0d0213,test
right,758655,ac6befdab529a1311980edf4bbdd37cf0c51f5eeabf3dc10abfbec0e82d2af83,test
right,758657,4fe09abdd020edfc4ac7e2197203d7be3e3387aff3850e130575fc77c273e8a2,test
right,758750,2ab6ece6d8894b1d61ada8840a8fde57eca18aa92a7dcc6ecaebd9670e7b6b43,test
right,758819,a0ff51de506171142c1274a9fc1e6baa3c35649a54175a0f83f8c7e34c1441ef,test
right,759200,36514f1eaf9ef0c1b04f61c36b1e05e053e4a7bd8bfb2bdd6d946cd95024beb5,dev
right,759457,5a86cfae3971a4b7cbb15cc7c38533cfdbd080dac0d35a25395c525d3437db3a,dev
right,759458,09483666039164882ae73044e2b5b29ccb5d3630636a259ba751bae4707d08ad,test
right,759464,88ff5ff1581514d76e712da01fbc1419921fc902e391cb2509b0a35af038ac5f,dev
right,759523,abe2bd96fbd2ae9a1b4ea30fdd9f4fb526f2fe8a549b2f3223cc43ed00d5c508,dev
right,759574,1ece578c0fcccc319b60b661eed7fb6d59f2621975f53bca0ef3852e0c0b7329,dev
right,759903,4ed2bbc1020d7f9678b90db1f78d999e5c44de932cbc8246b383d367cbe5efed,dev
right,759916,e59f9f0e4834ecdfdecd76f9a261d982ea50b405e04e3bf5c8c18452448c0fe6,dev
right,760354,bd22a56de1ed83f3e55b7e46b9bcbcb231db96393f22226479f330b0faa66bfb,test
right,760779,6193132c09fb150617062b3c99dc846f100e60d5361bf88a180d161ee4cdc461,test
right,760881,a4b22ae6eb540d27dea1ae0824ea8d049d3cd089a925bc052672d46ada317088,test
right,760898,9293e4f9d4821b7a1fcba5e9b72c63469f6375832f0ddebcb2f788873d7b5b31,dev
right,761004,f21458177b03828dc3c62fe69b1683e0755b2bdcd090006ffdc264401b249620,dev
right,761151,d2f3cdf45a0a1e141fa75b1508a162741c42e945440399b3bb90acaadb99fd64,test
right,761321,120b42559c091b5b28d1db05e66cd4f97db9047fa7ef3b2342d30850821c5aef,dev
right,761355,dd1c1cc36bbba08612ea32f3c219b6bdea38052fe4a8b342c5c68651f0330d67,dev
right,761406,92ef9b4259bd8af0126064b02463d2ce2c7b277f43837dfc7bb10ccdba4415d4,test
right,761682,237fc5d691f93a50590eb91d75023c400795cb4c3798ad708803ea932ff337f6,test
right,761686,77e6872708a649b8174ede4fe639714bab704f768dfaf576826b2d47f074cf30,test
right,761688,0e297cdbecd124125a1ac0305a78957b58f0ac28f54f875f643562dd9cccf988,test
right,761695,6a589d10ad45250eb16acff8b0bff294b7be9d57c0701127289fd27262681270,test
right,761763,cb5651ed0553ddee2be3fcba372e258ed651f90c8e4ef3c4945c8ad7005d6de3,test
right,76242T,89b094af0e5a4ea96ef0441cd3e213c3625df708a870c8a2219ec4982c7d8c8e,test
right,762562,b34b64299f53edc97a9c79be0bd3b54939f03c6be0f4ce718b122e454c321632,test
right,763121,3a27c0aba6eb5325cef31f6a480bc6ede60a08924d14058f0b98fcb5203084fc,test
right,763172,d8cdc639cc23dca51d8e4974e801d6e6862ee7c5bc9d877db5a57ee47d01d9b1,dev
right,763282,157517a8f010c6a984aa2ecd7ca5399a23fb4a08b0c544eda9c48dd7fdaa388d,test
right,765361,10e0fe89df7bc647affa7474c92499bc5fb2abce8508e07ab25e9152fcd0f8ca,test
right,765516,0ccf5579c2919c371a551a2e6f929ce2b4ddb4edbdd502590652e3f8c2e06e0c,test
right,766481,25a4bfb897110082b77b4d448dd6f004aac3311188bcbe5e534ee1af0c779ca3,test
right,767329,b9bf696e0037ceaacf091b254839767cc49e684eb1265a055a830fa5771adffc,test
right,767601,ee562a1f586c0fd7c063db1e6db84b8d9ae0fb7564db26a727d464dde85bb119,test
right,769507,12fc3cb1bcb8b3322d3afcda9a436ed99d4c3576835c58148d5f7a9006993e7d,test
right,769535,e3f7fca8bfabe7bfca030d4b33dc93ec949b7186f37578c9d39a2aa3c60376af,dev
right,770111,d2cfc19d324d873a056ddee5ad38dab0a53dcabeed3200a59f7818bb507b9f07,test
right,770196,0a8bd48bcd9260945f1edf7ab12177cf980f8cad04cdc8c00a7dae407d555c3b,test
right,770519,c9657d61725e6aaa8b49bcd9c8d39944dce29bb294417ff08efe5b11189bf23d,test
right,770539,ab58433fd8e91fc652169de7f849a898b615e2e33ac295752da94a5ceaafcad0,test
right,770553,8ef94662cc0e8b794e56bf4a4ee93c68da5bf7e7547ca0fa583085dc418ad6f8,test
right,770706,ce51c0237a887de9b6276433ac63c0c9f6545d984ee32710bc3e6653741370d1,test
right,770810,eebc4598a85796c3551b2d812bba4ee44019d288f646d915a16ee23930886f20,test
right,771010,498725f414a12246b5d73df6285149ecf32cac37cb5c26d4b4bbdcef3c11e3cd,dev
right,771044,7f843ceff1357a44386866f706990950bc2c0392d2a22cae08d0d6abf4b49845,dev
right,771074,0479b16fb054d6c5be8cdb5d1196eda8d289677655d4111f93a2a21dcdaa3d5f,test
right,772786,5d66030f1052ea0d8fd5c9cdb1c17297ecb62a10a51b0456368f185e0fa1a40b,dev
right,772887,6c8e4274ab03662d6bdbfa5c0eb9f98088cc3645b485b982f49797b8adc6a268,test
right,774347,f3c37fe647af03c5df6f6860dac15c8fc04fa46a82da016c6b84d3dc77ddff7c,test
right,775133,94e8153df82cddf9c6c6afd23452ddbe5a2e8a13ed8c21d9308b8c6c503d9006,test
right,775371,3e0124c980fc9b61dbf406e180e80786e079221d0439a707a8084ec95bef0148,test
right,775422,f83603a752824d8193c36c486e2e91aec87c7fa2e3d872df2d718e198f50aeda,dev
right,775512,6d1a8ce8df96eda174b1114f3ead934d0d752faccf77a5932cef6ca9218b4a34,test
right,775711,d5120fd72f55a9916411d7ef6b5b7970a77c41b3de30ee31bdb3337bd8f3ebc1,test
right,775784,ab62beccd806ecf3859e9e573e2684b716a05e955bb993d6db1d8971e2dd8cef,dev
right,776338,0450ea42a44f8d807ab3349d7d73264ad6f13a95b2817e927a2c0b8ff746a6ce,dev
right,776670,c693020cad568fc91497e92ed7b7ff1e7af3be89b47bbfc6d52648a6f5ae8529,test
right,776678,c778774e7656e9f753a3b5ff02ae1a2da7d2fc79753424a58f6b17c2cfd27ffd,dev
right,777509,282b01b306677d98e52eb7ad33b7f086ff30021489def56e2ddd6c09d0224a14,test
right,777560,fb6ff5a9da327ce5b4bff632b50cbcccbf505508bd6e9ddd25a21f5715b31565,test
right,778808,f8ba3c3dd64d3a03ad60040a9f9ef180ba0ab80a1fd6a17c06cb97309622e7b6,test
right,779350,578fe6ff63936ce5b6b278aaa59cfc3eb4447e0b988c9e6fa7818aa2b38d1737,test
right,779528,5d0a55987f9806c0d946eebff961b4966c9330ed88c5f7771fd6c54cd7d73e12,dev
right,779664,dcd70cb46a63b46687cbb24d4415e33d7f8b137da605c47ea1f91b9cd2645444,dev
right,780291,9024cec61c5a3a0f2a91db24082e143a9fa8dc4c2354a9a5f43227c7a53aab5c,test
right,780886,c802e3b446c1ece6ea4813334dea007e30ec699387c666e638dd8995824be7f7,test
right,781088,3da019a37d89f184fa6df8bea2ebf075fe75f019f149ac5aa8add50ff3c85673,test
right,781355,722d5439395d59d17318509f53c57fcd745638791053df301ab6821d0967da1e,test
right,782352,1c6a77112c484a319810286c1ad8448cdf826dbb0c554b5fdc220fa4e139d914,test
right,783549,5187eccfd3ddb178fc5934d4038dabdf4bb060d9fe131042fd3218f31d6df183,dev
right,783753,ba6879de9ae5d635a1680294687d9ab5fe6bbd77f828e5c7937fef6a02e4354f,dev
right,783873,1d96c8802ba3537ef1ce8b1c6d1cf2fa60051d4dc2ced0e06163871bbbbddecb,test
right,783890,0d0a2fa9e50a51ee085f938af1d26721f506debfd25100deb7c25dbf04fd55a6,test
right,784015,bdfd4058e231cf2b49d99cc80c6d0a7bbc5b0b7c07ac50d19e9ef4a24a13cb2c,dev
right,784125,a683f3aec9c465cf7c175d14f9237235a7390595227dc4744fc8447cb3da25c8,test
right,784143,8dde20c36b5fff8294c828ac9ccec7d803918b2c901fe6b158c3cf208e5ef598,dev
right,784213,781c80b19f95a975056dc504ee8665f51727cd7e2c8aec95dfa25eb02b14aaf0,test
right,784255,af57738664065c5a0ec48a9329b37c84a8962ccd580262e194ccca0c2af6805e,test
right,784375,a7731d4d9487c3b01c6d0e9a54ec858cc5d92511b250a83ba48d8821495dae3e,test
right,784413,6bdae4dc886d65e67e08d03990afe4180aa79d9f6bfbb21ec9140d35d0d08bf7,test
right,784626,5efc07c24289c0f7e7ed4f092bdd4c23eff2b981c283b59081069b9177b234e2,test
right,784635,47a80d6c25d3bb43c3c2b91734c280643fa17e98c019be65d9b1cf26bcfce3e5,dev
right,784687,4af0a162b601652c463afb24966602168084a3b9f46de5be1ea3fb2cc462b232,test
right,784719,f72376a489eb60aa1c99f9492fa660b2f5f28669638ca5f9a5da208e2864471f,test
right,784783,f20edaab50969b364196fedaf0578ce8f81bbac317cc0570bbc916c77fb4800a,test
right,786395,8285853015732fac40a798385972bc32cedeb2c47ce08f8ede0b5139e6f5a4a7,test
right,786442,c6fe336ce62325f1ac4e6c3ce44a9fcbddf29370fb4e69352bd0085fd0c41e2b,test
right,786472,a078bb71af82e9bf45bd28e5f996a47d963a2ce4a7a565c72f8508d010e58507,test
right,786484,f44060c09395eb3e09526ff8e19df06849737be9b412cafaac680cd97b215ee3,test
right,790161,1ebd65fd43d25220fc077b7b0fc18902cba1d01cf2ea58e9f6f4d38e6a983b9f,dev
right,790849,a874f9be4a3735dbe224ce6e228d61830cd8f37eb442250c73bcc1d31ea5cef6,test
right,793453,8bab8ce0f5bc91366a958fce6f96f833b9cfed27118ba0ae0250924b46a7805a,test
right,793897,cc46418cd6ead3a4812e4be0fffb420a2b05d373fe6fb722e5a7a63194a21a59,test
right,794099,2e57a87824101eda0c50de878167cb8b6972f61339d48cb4d22a198769c0ad28,dev
right,79604V,cf41ffdbeb02bb5b177521fdc58b2d860324b9b7986bbfa46838e873e6585f90,test
right,799850,c8da63217aca729da984e3a994eeee3d5dec28832493f5772c0fae4afb7795ed,dev
right,800681,9b9277b320018bfbb353bccad888182ad8e03abdd37a0c69e19c3e7ad74e5fb8,test
right,802037,b42ae135fc09474b207969a9c7a81743ae66d96b3c4e071820a0cfa2d4d5bae5,dev
right,803111,9b8eb6e7e4c22fd0a18d2d6c39d3db98712d422550dcb739614475e3f2377424,test
right,804795,5aa73a478f7a7e86b158fb091f104487b2c4821a01c197877bf7e68ca3d82f55,test
right,805567,d5fbbcf1d27bca14660895e9439f82fd49fff0a4f82336c10efaa12cabcd6933,dev
right,806527,f01de3d8cad57e5addd0f641b48d8d9101fe411b1854d4f52d7b2dc9ce236cb4,test
right,806528,600f4a719ec2915b829575c68b6a5ca3e1acea8a6400af488c577063aeefd3d9,dev
right,806605,ad1d9d06e4fe1f04be484b85cd81bbe5963ecb3578923bb2cfbc073d90abed61,dev
right,806619,f8ef87cc464ed229e39be3d07d11043b405dc17dec2adf5c6e5f66e671ede69c,test
right,806709,e7491ebad1d2246a1de577ae2f70c44aa87e1f7d92910ecb014f311c01c823b8,test
right,806857,4422b827ee4a3f1b2b20b34050a567878723c16aa7f59e1499a6471f7a6aa15a,test
right,807093,722904254eb296239323dfe25d841c293e7c7f3c243bf2f000525cc699b3d150,test
right,808194,3a0716a7a4cf8a4893eb4e27adf154c464714d5680428612779e139f2ef6d887,dev
right,808519,363ed700d109105639c3ab9f58492fbac20a5cf6062bfd6d6c01608875b9efc2,test
right,808614,232f140ebee548a41b1c4d5e5f428a718d722cfaa860d15b64db827bd6274cbe,test
right,808655,90b5da3fdba76351db7679f5e956fccb2621219ffd397fbbbcb21fcd95dee27a,test
right,809146,abf597ee09a7ed272a10444156cab193bc5611e5193cd4957fad39a153edbf4b,dev
right,809340,36807b9eb0662c4867311c18b33a85ab6cad4fe5d88c57862097051730306fd7,test
right,809367,afef5302fbba60a892b9878a40a17c14097f0d0a41f329bd09c02b9114344b2b,test
right,809877,5b26caf6c34deffe7d209b91b00e79158bbd1b7fd4fa6630675160fb5ef86de2,test
right,810640,a49c8bfbe696bfaf69cff403c283289d39bc4e624f961dc2c5486c809d34cff4,test
right,811085,3b0edebea36e588e8c53a35c57f728eb17b3d83b9a38166e7d8662c655a4b38d,test
right,811804,676c3d8e772a1aae05d31db71ac2e12d3da4f16612247c0f949f7f2f17d46c6b,test
right,812071,1fd0d78433c59f0780fecc83b860d690090d0c780f13930ac4e3f8d7541aab66,dev
right,812098,1a59665a92e037ce960f225337a4ead053761be001fcbe5763bc0c1ffc19a031,test
right,812115,a82a80b5ef7e6a008385252dbd66d684292b795f4c8639158665d97ad592ee0f,dev
right,812302,f4ce3a8bd119ddd290325502cdd3bfbc9987032a60ae312287553d463d3bc443,test
right,812387,d40e8d6dbaaca5c4b2ffdb68f6c18ca0b973fc0931507f9721387d401d83b474,test
right,812540,0c8476b4e30ad4de9b618bb8a7f38d6223917f9f7a71524e8ce69204471fa2e2,test
right,814823,75de0a33f8190b92b3c732867543ec78613f6a973b43b28601673e2b2e483577,test
right,815779,857daf193b1f3ffa266740d60e16483804136594f4a2bcf213b701fb23a73200,dev
right,815790,d889b62b058070d1816820972a474a7b2f56f08cc1b6458e18b899404b839e7e,test
right,816119,e949b8193f9522d5b284c47ff7dde64efa51d6b9aad7e6acb78ddb833a3b466f,dev
right,816629,8fd54f3df7078d13302e592df641eebbde4dfa47605582c2ea111ec5c4d2b07b,dev
right,816850,5e3a8f0c70161261c256e4e2522ef75decf81931c556cb72c64b06ffc08fecf2,dev
right,817265,96924c20801714f8552dc94f7e557fe11e23764ba8fd619d78046fd4ca274cb7,test
right,817320,290ccc5180e17f4ea0bf069ecc7dce4dd278e2d2c8148d908d7e0f2095c962a9,test
right,817698,9fc51d0e62bcb0fdc020539fe8c5382d5e09f14e12893dd35b94e49ed080e7bc,test
right,817732,eb87fe407525fa08faae80034d4da2e63fe5af376230de9893f293d11d951830,test
right,817814,a2e36d40c8cfa5477884baba53f218f9d45c7d84a784899db980205dd8997b34,test
right,818036,a35b9f79a7d3edff84ff8fdfbf4c654c1d79af925af9163ea7f4ce6f9ea5e724,dev
right,819139,ff140cf49fcc7bc0581f556efdf7df475cd57cf097ce801a9d09974c6f82707d,test
right,819148,f9f3eaf788d825106c2fc986277f3708b6488fd94ddcbb548bb5e182c156d136,test
right,820208,19063ca8acfd0629e6a2e06756400774fb13a9ae851d869eb33f529b20b58fff,test
right,820286,419d27e2c82f8d384c4cbc4ed6e99d4437048f24dc10a8099b71db9c3288ade4,test
right,822135,deb5e387bdec190f1a8fb24ac09776505f5b307c0c429cded1161a3be9e29994,dev
right,822440,e05f4f61f518cce32d135c3c386838f1d833c902d39422dcac23d93a54027a48,test
right,822635,6ec2fabcee62fe9ab873f71da010e8781eb9893f3e2feb3a218610a5fd97a749,test
right,822737,3f15d6789d52374b071abe6fd147d6c67447f35944f1eb1161bbf898c7b4c31e,dev
right,824348,5d0d1dc37134bae51bb8e1ef661557812e8f1ea8c492fd4091b7b1251e9af76a,test
right,826414,cf52fa140628e31f7e6acf978897934d4a130d05405b37cb12023030946fcaf3,test
right,826520,aa59a20609a090b5de34f25927f1e6d0780250fc15364b147b7e985a7d94885c,test
right,826546,f45eacc05d50eeceeaa53bab0c96d815c8020236a9863d32185e0618254ae84f,test
right,826552,5ba3bafd8e81619241dbf5e6daf9fd7a3434636a5501a0433fc13aca8cce8a1f,test
right,826588,8980a64e05ca54a9263e98ff4f6025c66ef7f14afbfa785e913df4c38387b321,test
right,826591,67f9b83ce1ad080a82cda5cea51297dcce31bedd1bbedcbfd319849e30709ae6,dev
right,826690,0b85b50a91cc8db3b310391a6ee41c6cec0914d5161602cb87997a4c35632ea9,dev
right,827055,1c28cc18cc13457f120298209dad07e85756b33d8ca5991351905c6a40460d71,dev
right,827056,8cdea03894f9461e516dd804f48e74b41b2d041774fb2b69cf86358ec504aae6,test
right,827058,d08a0d7b8b158046e27c19c6a468bd7c125f16ff6ff74835e7d3e941e822d361,test
right,827079,bfd05e84b4da34323cee6ee9ee38208c10a6513a19c2da42ecb1b0f81f03ed9c,test
right,828658,7dfad796d278067f9084117a7ea76ce3c7061776c06c1d8ec2ec5e85640265c8,test
right,828675,33f268de1927cbf73a6a0004885df81d20739a498522e6e636a012ee9876b358,test
right,828709,3e644f12f9d08ab02a26db8405d9d4ddfc3ec072093ee484474820db4c8f7085,test
right,828828,d94cfbdf92deadd5bfb14392d59b2a7d0c67a413ae4d9a65bb23e01b6b4d59f1,test
right,828862,a62d39cb93473395008e3936e02ab109f731e66eb3087bcbd2fae25f759601e8,test
right,829060,60105979a3413dd1a2b19154d67c617866e3981f843e7052c15e48f72aa54943,test
right,829302,bf37e27690140ccaee02d7d1fc8e5f7cb551d074f838d0cd6e8a653527d64701,test
right,829902,45bc4f18f0907de11194828107bca010a0f8b5a6e80e045d0b24c41ff1cbd3ff,test
right,830575,0e21bca099dfcc6f2f6043ac8ab98d4aefb67e1b7e3eac8a1d35a85b253754d3,dev
right,830643,7d02ea303b85bd6dbbf21f6742af28b222c2a292eb2f4b96668ce586ee50fd39,dev
right,830830,5cdecbcdc05803a0a7290a8066136bcc59534c349ca45239592feac6b4b45cb5,dev
right,831538,d900958873ab140ae9fd3139d68e904a4d93a444ec0a9f220eb6ddae1b8cad89,dev
right,831858,dc20b362e3f6a920bf97144d14fdda35f4d754dfd8b78c8c00baa56af6aa1351,test
right,831865,0f0b40c2c5a037646aba110105961697f84957fcc647d0cd3bbaa79eff3bfb80,dev
right,832110,65fcb3110d01dbd838655b008129858d1b7d37c808bf53d29316d12c1746c04c,test
right,832140,df89e08945232083bffdcf68182e2bc09419442a5bf23363c9d806c2c1f29ce2,test
right,832377,8dd1d8d857bc3a5a1ec1d2cd09cc6d1e7b54ca5183a762506c72a98cace288e4,test
right,832378,78643007666ffb896c76a3dae432b49efdd9ae9f2370280146022ce0f6fe22f4,test
right,833034,fa63579ca28d79bd9df47772743d35a3353fcbb9a3740f0399cdc682599fdd6c,dev
right,833549,cb6175833ec3f74856f51f040638afbdd0bb96acc2f610bc8e7c21bef158cb15,dev
right,834086,7e333f46b1d25912f613cd7ab184a6efa6dabcd20c21bf542276931c0d137737,test
right,834207,3d6f6bcf3dcdd2c63a4f88857f3e0e231fc4423d3dfba6cc16b9ffe653b3e9c6,test
right,834209,ace739fdddf1a82faf15e67946e3f28e86fdbcc5c9da8081d1983fa011a9331b,test
right,834256,f60914a055f3a41263b37645bd56cad12f377fa02f55064089b91c9f5e7a3568,dev
right,835415,f6cf326f85c325a11937ea0b8c78eb618de3598f82e181719db67590eee4fa2e,dev
right,835495,0e219386960e67d73f4a39ca7cfe0f119c7b13fb6dc24fad05e5e88993871320,test
right,835699,07877dde94832595b665f7c2b95f4ffd6540223427299dee1b766344cbf79fe3,test
right,835852,67d06ef1de97eff4f8e9dae4604c7f3e4592b78843a69ce64326f298446d2a2a,test
right,836088,f70d2e5ad02e76b863ebb889291bd1cd4775f133a2834af7357b7607dbf21333,dev
right,841297,8d4e750b660e8221cfab07880bc8dee3520e49c75e28aefe9a02d808b646c70c,test
right,844827,c8d39f01bac31f70ab2e106c0c3b8f6c0f6e27aa595709b71ecff9871664bcbd,test
right,844861,9fea5b84107260f629dcda8c6fc6eb6d30e2624011f0f260a3b889bbae31fb59,test
right,845190,28c623e29aedc87576644e32c9d67382947a25ee5a272a64e7b5b5eae027035d,test
right,846246,680b90f08a6ff27c6b5533b6817ec41ab46448408c0474d2e1f04e866961906f,test
right,847235,4dbde376d8c3567a55e31af27455ca9dba15b2e28054f6cd4be82a3422c3f0c5,test
right,847567,4ade1f7c8da86f642aa0a4e6c056144b36f6e51705472579a09ac703ef5fa001,test
right,847575,a53e1511dd624c03daf7210497b3df26afc5e6101a3872c54949eae440f40278,dev
right,847611,b9d116710ad3ed6ca977fb37bcc36f42ac3054c10c8b54b4f37de03e5ce1092a,test
right,847889,023d77ef74cf4715ac44e4e3f27d884f8bfc02be8eb46e9b620daa2f1421cf69,test
right,848338,171b47bd06b74592f4573d8278e2f17bbaebbc86907a5d15550da30769b058ac,test
right,848355,2c0df7990321194f869fc3854691cd9616da563f3f8bc5876f097a67b5a30dde,test
right,848406,8775e2238b6750c4d436fc9ec47661b82a28f95a1e36fe3ff8992607b9329460,dev
right,848565,283a143b0fdbdf3c92145aaa78bc0ecc2240a2a8c8204af7249bb9e0d9d5b4bf,test
right,849339,0c9287bb7e331a2c75560601f9a4ec48ac3ff42f218067a5a3f1d128dd395412,test
right,851783,4a49aca534aaf93315ccabc949e5e32000cbe3ea64586eaab8f808f3477fdf33,test
right,852206,708accfa60ecb169bbc9edddda6eafd1ec07376623e43c1005de4c4265585c84,test
right,852245,700d03fea0630886c4bdfaf21b02054b76e9626f26309bf50a1a70a840600884,dev
right,852308,7cae2fc2d49c5ce228cdba6566e86eabd1c487a3bb9137ff67888d344e35ef62,test
right,852567,27b1e4905a1005a6351cc884c74ea54f95400b12e53fa47fb76d002d0b1f3045,test
right,852864,19f4e8037218873b7feb6e7863352e5dea8716305d4cb55ded72f965a52f6a63,test
right,853037,02e6fad032a7dbe4670d92b46b3b4c73eba226dc1a967f8091b316d839e301b1,dev
right,853139,9b468ecc5e40b6bf7adacb651cd247a37d7cc8fe43b712be9f7fcf1ac99cff88,test
right,853258,c0ffd3a21d2cf84de1f8794c47abf5332fb4da978d00e802c9b30fd445af27f2,test
right,853292,10268f4d80e345377357a2e79a491490750b5b09ef6cd7ff1d89a1b7a64722e6,dev
right,853454,1be50b5c3e8715f43e2230c822c132196b5654c336c672d39f51f06bc360ee37,test
right,853626,0b771b004d45f6f2fbc6426498e99f948767526d9058609fd747cb365826f240,test
right,853734,415049908d91c27baf1966fd80df2cf10b6d21717bf49a459a75a4c07158054b,dev
right,853836,0f3bfe562cbea0ce8e61fe9b9b405256a3e46a84bed06149191da3537a796dda,dev
right,853887,4ccf18af7ab098b2d5015be5e8ce1dec05a613ae6480207c588f901ffdf18fec,dev
right,854174,2043c7f2122b5798e19e768902411cd95b10cc6094a98a5decc52f92c945ebe1,dev
right,854231,ec69d5db1437b46dd2c2d4e8373cb01721e28b5d0583af3b1faa349967877cd0,test
right,854302,417741e791932e0f3a74b9e456e7efc3b7c42996da207c90a1c3e4acfffaae95,test
right,854412,f40908bdacaf186e5fdc5ff06be0c04fd333134ce5cbda115abcdbe576e60443,test
right,854497,f5c9430a90ef1dc0c0e1cb53507c2c56fc534a58976965c8d7b985eff61e9bad,test
right,854616,3059b655d59b4da68e49e3dfe4a41f374663f88f3414e01bfd0a9138018a136e,test
right,854701,00452d16177172eb9c11805a2576e1e1a75f597a7ad5bf1cf78659bf99de2be3,test
right,854867,a664c1e24641d16f24e43beb279346eeee64bdb6353bdebe0c0e3d5607dd8dc9,test
right,855668,924389afc30c553852da0c3a0d4a19ab29cd2e340ef2bec5a0573e47e20a1d8b,test
right,857473,81191c76b1705b629e62d0b99eea89f8b5d88476546f68e20e71febeab93f087,test
right,857721,7d86fc742f7b8f3bf8cc031d6486499d65cee3ffa8022caf2658b07a0ca3e119,test
right,858042,e1b75c13a702fd73f5678dc928b0b0bd17990c83bdaec65496ead56da0eeab35,dev
right,858050,71303c2560b3719fb2204ed5fc4784d11ad88cde1914b06ae33d2be4d54adeb3,dev
right,858359,a010245d825da92acee34349d85ea42f757e2ba27e9a6f311097a1c31281e044,test
right,858518,e61d34144d8eefe682ac91f922e0d9f7fc081469899b2f22319a23c61bc6be53,dev
right,858552,af5f2faaa6ff1e59b3aa6c69349169c5193656fa5d0b9ed6f7cf3c3d71dc018a,dev
right,858586,47e592e9cfc015a62d688abd8a0f2eb4db50b16055ebc8c565b19846ba9fca3d,dev
right,859264,a43840c6d261d15c0ce7bff986a33653a78dfabe9f7b65d30a373f75ac3764ec,test
right,859298,cfde6f3bf757c117c152b0bd8928e8d92b0ca2c18d1ae80b1b5d161b782ebe66,test
right,859782,1aff2c07de6ee74e5f97b188b8b616d9d05f0d4a3c68ec122b3375742a3d865d,dev
right,859791,c4407e59e66572e148d8112d452894f422711f387568c46623fd4eaf53fad42c,dev
right,860163,30c866836b62e7995996f730740255cdcec5867dd07cc1b11c1cecd1b8401e4a,test
right,860342,2b797d97464be2522d39b828edc814d4c278d79bc6f35ffe165ef777a62ffe4e,test
right,860486,5ff2b270e33337a1ff7f4bf7a7ed687255df2699aa224a74b168fac856f168a6,dev
right,861572,11010c231afd299afe97249c5111bcb9d7bccac2806649ff738c93b2156e8075,test
right,861589,93a49c5ac1a1b94fb427dec16e2a37b352d4ebc71aefaae1e99f216b12f3f0c7,test
right,862111,70f8e93cb7f796cd1850954296d6aa08a9359aa3725ebcd557d10a630d7aa63f,test
right,862226,e5128acacf9ff270b1a4eb466afd4a1c1e1117e749ca5026b5fd95264cfea60e,test
right,863155,12ad74d9352c3122ffed5d0b06c8bfe9bb315ab2e3ca5dee44a70efc4d7b74f2,test
right,863314,2d2184ec045f8200e847e1b06e2f6aa7d23d84ff39a4c82316a82756dbb3f632,test
right,863659,904ad49667eb28bc20fcb9507acd6cc62996743821dc8b711e45a0af0e13341d,test
right,863667,4b0d7c62771621907df6c115a61c883f7dfc3d24b19f9e27d4e51ddb406c4d6b,test
right,863761,bdd41b04b66b1b2da926d15d442c5f6aec078aa70637e0f647ece726739ea2c8,test
right,864159,c239f4d65d6ced67e925e23a9dbc809df36ba593440f1b13aada023d3da40965,test
right,864261,0b136d9c4c27d6b440f295d27e11f4769a285efba8735e3a2dedddc142e08126,test
right,865112,301509432f389f5421e91fbd15cce2f3529aba81350d5e667d2061a56f1bec87,test
right,865906,846897807826438dff3108b3410cae04b2a029e369703cfe077a162772200754,test
right,866713,de8e12d5ad9e690e528727e5e11a4f4777ea4758d948a03383c1184ea5041e6b,dev
right,866762,078dfb32d5eb4a962709fd376109717f2b30f185853968f49aa0e54ea7a07d8c,test
right,866810,b9b048d35b1bb2e660f0225be3b397d58992c5b64f300f8e31a19d04ed6fa023,test
right,867017,c50b054c90b77f11e535a21127233821860c0f0ac52e925ef9e1f1930a5efae2,test
right,867068,1d463de479a083bb8551cec8088b13f564c5257c2e79e51bf5a3f6115f619ac0,dev
right,867071,1d463de479a083bb8551cec8088b13f564c5257c2e79e51bf5a3f6115f619ac0,dev
right,867323,22149a6d058852b85b4cc806ef806aef41eb71c06585c39a6a013eb2929e83e6,test
right,867833,c2d8781e2ff26aff31871ccf6389c3fb8cd11c0bc0ae903763c09a43e2a0b542,dev
right,867910,d58f9279dc1525cb8c024587eec631a0fa6c06cef06687909a3e471fd64bf1d4,test
right,868154,e7afb175b22b775e6454aa727690c003d1f22afb566418db558cd07a258467b0,test
right,868168,73f783997889f8aaae191d0a48001c08ed06f011a65268fbb2f18a48e3c614e9,dev
right,868358,bb503878f005a0d87246670be9aa4d7027d8ba99bb5ec75f3fec74d88d8b5a0d,dev
right,869028,0c9898871214cdc92ca356e1c35c1ed57e257305f62929320c1e1dc2008b3ff1,dev
right,869104,59e2db865e53538ecb4337f844bde438ef2b5b31cbbb1a7c3c64febba9dc41bb,test
right,869716,d28488b61648f5dd3445ff023112c062eb68afaee9086162f3fcd2e06a41c264,test
right,870326,85d7b72c724a197ccd5466df0b3338a763dcd8e2429b67f13cf23e88406667a9,test
right,87114F,c45411c2cf89fb54f86b5b24ba201a2a79038a25e23c6c7e1fb3ef6050995630,test
right,871230,e2b0d73940224a59e7ae5055d2de168877a14b94ce62f2209494d38a86d715c4,test
right,871502,706c3f9417e7d28769b7243fc20d3ae41b146d31eeb93e065d0b40b776864f51,test
right,871508,f4d6c0be0bbc0c6084d281d5585cf5ff86be185e04ef6012949487945c19d1ff,test
right,871565,1964fb9bf17918cf4e93e19248db2d72a0dc160d68dd1a0bab8dc4a17f88106f,dev
right,87157J,54249d9e4bcbb454ae90ec89b77b0851b094776468b08dea8ff615f10efb3a6b,test
right,871616,162cb32cf4fe01ceee972d999976e1300bacc942e591e10e61586d6bd8255a5b,test
right,87161L,dcefd6b3dc9d7474b3b3862cc890922d78f0a2735c80de88b0a463771522fab0,dev
right,871900,0c53128f545042f25191d4f638866f08438c36b4c28c6b6a46aac49317986231,dev
right,872005,10a3412470c9979c3f921cc90b7ad654bacf36dedfd0c5505ceac7ae1c006f5f,test
right,872056,ea98a67b94409e6a7825c8e9fc92c4b41447c411c32df21ce90eaef2c62ffe4c,test
right,872230,e11cd55a74e9d729730941a39ae80952d6567e281beb343bc747ef05cdbc4ec4,test
right,872464,a1fd2db5f323a64586c84a42bca5a85d5fe5963e5e5473c37fd9bac00f7c3199,test
right,872479,bdf4eae2b6ce8cc53f099fdc6d24b2f643df41ca04d7a645d1bcc864345affa2,dev
right,872628,ba6677d16541700f94418cee7dd14031fd98a019342eab6d4928c22b3563a6fd,dev
right,872649,e82ea86c084c632d7887d62c574d56e7f0388bdc2b5c7a8629c779c872d4b775,dev
right,873197,89473e48df4c5ba8fa54965cf527089eb0bab400e491b3d51bd40eb1493630cd,test
right,874687,4fe52eb4e39303092c6ed9c006f2a5e1458ed6b113d00f0a5ea3fd897446d58a,test
right,874823,77ea359347747ceb88680cead751919c1d94f57654c02dd489025c202c8c678b,test
right,875080,7bdf7d3a630285ee95d6a66842464285b6805de29d31076ea9737ffda5a1fb60,dev
right,875370,48cf9a5fb527cb5e3d46854140845aa6bd520ff7b5c22a1b0975c457e6ac63fa,dev
right,875377,6b265c65891177c17d81319aaf75687edbdd6ab4385211e2b623c5d23eb01737,test
right,875382,b807fb355e39d1bd64bb88ca9c735326751db82a2286264cb850a2138aab8738,dev
right,875884,66ff54ed2acae47f4127b027a0d59deafe9d17b6039694c73c07d06c017ff761,test
right,876043,08bd30cececce478b89b2cbdba0f38ff6ed08c90b9573251c6026b4f16bbe135,dev
right,878224,a1ba2d651750d0f03c317ced4b176c94f38dd4d6f45e216a3031791e3295052d,test
right,878315,dc2fbaa92eb72bcd973f3ad9cc3bb279edaddc59d5fe28c1e0ef8f8ce078e30d,test
right,878504,2842584997ec624a95856db115e7f940660064179536fd4e97102fe3818020de,test
right,878512,04c0fec08e837da4c731c78ba4be871de0a5318e546e67b4e1a21652840c0a38,test
right,878543,182ad74bec9490936ee79b9813d84476823315396532914d527cd86c09ed75d0,test
right,878555,586ba4a776e64e30a309563a316807012db2e3ee7377a713d93db5fa0498e6a7,test
right,878895,567b7b7cde5a73cdd63b398ab922cb071cfc15db05a22c3d0b4468a476bbdbea,test
right,878904,0ccb6498669f40f3ccab179ae0ae9b218facc06a033f30d2ac7bf1837501ed8e,test
right,879131,bf6d532a50fb1bfbc02d8c75d70a9dea885c16032a5084af3290ca1bcdec7552,test
right,879240,94bfedd2882f3038bef82b9e191da6763ff44a8bc1ef10415bf7c3063a62c35b,test
right,879369,757c7c772f169b4beca64f701e4a76b9a8c078818787bcb771594ce97e44609d,dev
right,879573,1f9917b3a93e33f6944a25acca4e8fad8fa560903bd1c164706e862ada92b8ef,test
right,879664,6c8d0f0aacba58e0684a91454bd59f183089d94a37ca1c40f4a591e4da17f079,test
right,879700,62a9b1f4885d6dbe3a019d3792ba3ddb3fec5c5174bb9fb30117529ca1ff978f,test
right,879868,5bae190eb02626c2c22d93b585119f801791270f3beb8159a566a858977c469b,test
right,880336,130a399a1d8f8ce498769164e481bb04daa5fc6ba65888c3836eb737f5ca1a49,dev
right,880345,ea92ae1472261f3bc9f57131613b5db32dad2974f7e1107d982d0061e67da72b,test
right,880353,6ca173c709449307d2fdf3b0d41251637ccf94016f5154f6718ff851456ba421,dev
right,880370,1e32eae9bf32c2bcda746932ddc90e3c9be295e49aff7da09dd0f8e311628202,test
right,880625,9c858e41041c7848898b6d6bb93b138f9cab16c5b1337dc5ba06e9eebed4d70e,test
right,880770,33bf6a46cf2c2239cfeb4ed6589bb52b2dcb5a647e9bf8737c04e1ea3dba26d8,dev
right,880779,ded0b29ceb6bf8450545f46a61e28304528ba408eefa50c35007d86d20f30323,dev
right,880790,3975c92cac67171b302b16a9419fe805f73b494001c68e916c44361da1b74118,dev
right,881597,678158f87a5858d8bab00e384c056a0ca44326c6566983eac5c55ef8bf3be0d9,test
right,881609,8f4330132d03777987957624b5dd0339bdf34d7555d6b854d97e64e3ca5020ab,dev
right,881694,9b96b580e778d5a4bc66274175c43a4d3547acbd92642b840097205f28cf566c,test
right,882387,2cb7389e5e57f4a59f4ed4aa1503908416b6b9e1852cd474d01aa5a096ef4486,test
right,882491,f42b5039a2dd58152ef24155abfc1e7496728e57213817ba2e8fda943bc6e740,dev
right,882508,48fae162bd1683e54676332c173e51eb52ac932c8588f4f5009e4abc3159c2c0,test
right,882895,112aa53555bf0287fbe6d3fbe3b5875b3c53cf7ac45c85aded9a6b374cc5eb38,test
right,883084,3ecbdf2f8ffb7088c0673b1ab717c280cdb734e3d2d18959773e255693fd78bc,test
right,883118,3096f4357d5fe7640ffce6a98d1c574c676e9600d32254ab33aa8d2396572e0c,test
right,883203,ada7eb2801903bc5fda043e91b3370ea8a36850c762bfa27b0562e99b618ad48,test
right,883556,8d6b8e217ed5a39b4bbfb66b47cb8ba740fd470cd5a0e9a3edace231d0ae4e8a,test
right,883672,48394105c944a201e491ceedb2788b2cba515df85c2dc57390f5de68bd31bc65,test
right,883688,467883f510f91e7664508a6aae8c0723d3efbc053a42d0c9b0c757c83f63c15f,dev
right,883901,ff3f710d05798307146e3e9aa1705d03c7b3c97c4bac76bb92c7c6f7640a47b7,test
right,88399Z,2f106483898adc12481045037ca74779b7fe1dc0d09051bd190ccaedcb249eca,dev
right,884103,545216373c8183cb1146f260e726a918989965b22dcd2c9e35027f29e0b3fe9e,dev
right,884315,4a19ec00415300d96c7d7c6be8e9780c0457a1811766e7350f976fbaa172f395,dev
right,884425,d3743e185b93ac16dfbd40010c90db599d118d3224749e1047b6de296f5a7407,test
right,884431,981801e7518a5c65a66ac5ccde2d00d421e40705c5275301c0fcc83725dd8aa1,test
right,885175,5c9dfcb8718222575acaf92f3e0bd54cf41cd0daa4809d448ba792bd051903eb,test
right,885535,e5ead385f72b904317de5e485f27dc27e52137ab43ca9b38ca93c787919adcf4,dev
right,885808,66eaff1841a5e4303a2d92bb085be7afb4b7db1f574a964a8463411738d1ed42,dev
right,886423,abbb528dd2d46cb23954169287aa6ce6f7f8c676a0afb72721b1b380f754e004,test
right,886555,0ff2a0b6667ee043846c40960bdaea80bc6e41f99b7793ca0ae9c21f1936d8a1,test
right,887100,bdf25c4317e7a3264cf66568575b7491820d32c429311f8099e0e8bf64d29f37,test
right,887350,069ecea35fa3358a13b7e6e6c42b40520743c23d032bb8afad618512e7a8eed5,test
right,887364,8a918830244b788b6c27344dc10507bd8bdd07fc32dd24d8bc9dd44c67fee044,test
right,887389,68937fd38882d246bcf9a82a9016ffbd04c0f303fa1b2ca7961582aa30f1a9a3,test
right,887470,a58f4dd565aa866d44eb6d00905730cbf99f4d8cd8ac8f0cfaf1df8e48f39da2,dev
right,888266,0873ef2c1566a3aa863b296ce3bac8379c19bc356d1e39f41e6c5b28b7a8d146,test
right,888837,f521855d65ae0e80e9ae6835d77c71530bc8ca0a7aba79ff30ef48b10e53741b,test
right,889039,7a491fdca53057a496627ca9e26ef411ecff051bbcbd9fb79f70ad808b5f7a5e,test
right,889073,9c9945fa62bb7caa69ee999a9db7ce1d4e2e3fd5e9e557c8b1e15a2053f10dee,test
right,890278,1a7e07abaccc7d69044e1058c29cc383e829ffb89cc46a3d9bbc301959aa23be,dev
right,890516,248c6acf00ccd99ee6fc0608f5fdc113812d7e16b13f8471f888f0fd866ebd4c,test
right,890530,442b90e28c92ffd8c0ea465cfb748cbcd84c462dccecf0297e4ac6bc36211afd,test
right,890541,8bdec82a43cdfc27f4e864d56db598d90ec75af1c513a4638583f034c738b0fa,test
right,890784,08e8e5cb9d7e05c10b6e9fc8e075041fd132304bea84247a4eaa510d5a58bfa2,dev
right,891067,3a4da7ca2880f89f7b9c5e0761e17c1024deb5c9c0eee447439a24b901b5098a,test
right,891092,4f2b026a13f8a19dd9fa8d0a42cc20c753a6b4e3a57fdbcf12636761e0be8ad0,test
right,891490,8a2925754f78376764c078f109a5972d3eba5793141fa4104bb83dfc2177a21b,test
right,891508,8fd9755638694de7d6ab2b3c2a11cb4c001123e75d79f09abc59b5448b527389,dev
right,892008,d0ba1cbab2499043d710b3f40b5f6fad95cf25a6525507f36ae60df59fcf1357,dev
right,892348,ded72f2982cb896c54ddbf1072291f75cb5b4af6e7340bdeaf8b458ced0530e4,test
right,892349,ded72f2982cb896c54ddbf1072291f75cb5b4af6e7340bdeaf8b458ced0530e4,test
right,892711,d40277322232219ee2c55c865e1c6fbdd445986f3cfc173961bca323e690d691,test
right,892892,cb49a8f7f5003b4324e83bb20207efb57062268398aea49b8cee7bf3ff85d082,test
right,893239,f084e7c659bbf4f17dd3ef5d8e9e373130fc979afff61fe0579e578ac25fa61f,dev
right,893247,b1ddd0e5d7884ad64405daeda9fb89050351789973fabd22e6c0af32dc7fee6c,test
right,893485,187a41b4937dd47aa6ab42b34dd1810245bb7fe9743f0b122c06ab7d976b9c47,dev
right,893532,dfb40c368218e156ffba1a47ad30b17322ae4b5e3b623b3d7387a44de70ff9e8,test
right,894015,1b3a795e362c3e5b540198fbdfe8babf1170a0dafa2379ab59c6372c6f8dfbec,test
right,894650,c6d16d2d05ce0d8bbc3f17bcfe2a569aa2ffaf3bad99d028d3deb297cc70be7a,test
right,894724,663cfc923788683b9827e87782119ba1ca719dfdeaf09c06e2d2532a51c33e34,test
right,895818,1e8e43c815e7703ad6ec663794f31e9ecc3df644833151db89816b9b12252325,test
right,895853,56d38ccdb78f61f45e9078b4685831b63844d8ca48f21880e134e0935bf68c97,dev
right,895862,df0369bcd80405166c52be8008112a36054852dcee88ffe9a81503af24424173,test
right,895895,9fffafd8f8e60cb8f1752ace848f4890531586a6b78206fb00a0ee195d0cd569,test
right,896047,0bcb2ad5fbbba351a652146c6373ffb1da4a384f413a00c632c4e277a9617e60,test
right,896097,d890affa34eaa7415d4196955b442ff77479b3a01e1de168ec44e64f43ff186b,test
right,896114,4975044e9453e536d24f5aa6d35b29ade183cdb9c79061942895520633bb03f6,dev
right,896215,1c9342e35fad3ede365adb9c61f3029e5dbe921130f9f8f3f4656fdb5ef7a43f,test
right,896239,d1b49d3857a23c2eae2cfcd34f393968aa7f518b8447ac77031ecac4621c615e,dev
right,896259,4446e04063c1ee29898960edae070acc73139afd9623c454c7f587d38d26a204,test
right,896522,6c21eced463adbe509a2843af870967f5e700a98c9d308373f1d62a6a8652862,dev
right,896678,6758806b49aaadbf2987068579a0c453459f0bb60f6e7df453bbfdbc0fc79798,test
right,896726,b92f60af4c37db71c2b00c69f782e63cdf6e101ebaf643e1c903f732e51213d1,test
right,896755,b2781b43f9989abd02660d1cabde6201717e7194fcb036a0578e7c992adbd343,test
right,897090,cb33d59a22123005c9f4d2814e72458020d9ed24c78fde494bf41fa038ea49ad,test
right,899041,c0e00cfea7ea19ef66a07cbc8c4bceff7e9d104410b584683a92d5c280d5421d,test
right,899900,07767ab407b678f2c650065baff56d23a8ffbf1d801aa20c78f4bd5cbe17501c,test
right,900262,ea7bc664ee596ed1c722c36bfff79440e122376ea7b65e2a6f2ad4822f9b6d79,dev
right,901221,9bd1d59a1243ff5c24fb138b3a85768a4b1b22465f8ae9ae5ca23a04f4de45f6,dev
right,901476,7a9bd429cb8006ccf197718ef410a8c6ff1c674ff002bb2c8e74faf123fb42a8,dev
right,902120,1e2d7da514385cefe0c6c23f1e1d1813626f3ad461a440f72100dfddce5f3b18,test
right,902167,207d07cf7402cae04bf39d7b421b4f8b8f4c317de214e72860c1c3c358526c57,test
right,902184,cd7dbff10ce6a9dbdd35f7c13968778f0ef673e48a2c39fb60f5a882aa674b09,test
right,902434,af84eab63ead8ffe9cf6b3bb22f105fb83daad325dc98f72b19d79016518b967,test
right,902494,c927d8d347326787bcb8daa5ab45e8348692957a31e4e2800993e2fb6b822f6f,test
right,902740,d34eb93ec3883882d27ed290c4b9c7036676f6a8d4785535295e7ec8cae532bf,dev
right,903070,53504dc7aba3f8462ca077e84a2ec9cc9eb824525594e593ef73f053e7cdbb50,dev
right,903185,71acf75287a7f1c5f44281cec4508178b4023630214bbc24f9be128e2bdcd594,test
right,903200,eb2c7ab4ed98198d2031b5347f3015cab8144bc914d66f0df0ae65971b79ce13,test
right,903293,48686398af212b6b97c399f44c13d484133a181bde04c2401232e073956ea10c,test
right,903298,f12095fbe890d142e2d9f9a20c0ebf69aa4fb198c472b9566d983f5f18d79c8d,test
right,903443,90dd0786c7b3c0179298b3e8ea1f6dc6f3bc53c59299412b83732d8782846824,test
right,904671,c5760afc1e1cdc077920f37bf7d3bcfef0fb95f716bb69a5647a2ea858994c62,test
right,904677,3812342521195d78ee3cbefea878d6967d86af7b9642bf04120d86dcfeb1bc00,test
right,904790,3d5450862ed4b3ba4039106149cd22eebb7599fd9ee89b56a2f1a844008b1a6d,dev
right,904901,02d4d7ecf0294fb215c3090ce27fde9e7525356bddcbeaa4638216f9a26d0f0a,test
right,905530,06bfb29ee4196000b553d6a64842d3da1d7d7e2b554ce333a65f5a427b2d0a23,dev
right,905581,76b1df6a36ce91d242e6c0b3ca3415fbea224a07813177b40439dcef1a5c169d,test
right,906072,d4bf93e02085a471bb61d2e16e24a67fd61d2296b3d9de48ce0363e8cb83b697,test
right,907770,da77f3b37e546da2b78e1fd8aab1d72f39090c0988ed6e38b8cfe6cff32e65b4,test
right,907818,89bf2f269c9598fb5e539ca833f1515c905e99f49c8af358d434b9a16d2d1440,dev
right,908329,d4c9590c5b403543aa9bcd30c7c826ba5d918e0f267b918ab747eeeea6b1b4a6,dev
right,908584,2a0d7d1a2ef1f04004672d73823837c6278c461654f4406a14e6d8fa17e6bbcd,dev
right,908903,976f9a0dbe57d6227cbbb44b127365cde3d6f7dabfd90225bcbc740247bc22cb,test
right,909154,dfe1328cf9a7acc90c526877059fd7dcef148b57895359ed93b5780426ba3d42,test
right,909159,96d8b5efdac08e2f4c06bc208e9efc8bca5cd85471fc07ae43f65b42ce092209,test
right,909160,95165444568714765d1ce1ff757b8cdf0a0401bfcc01ae4c65f8bf4e54bf0d8d,test
right,909214,a1d3f144c9a1287789ec7bd8034a11ae25b656b62107691eb7a8486423713e53,test
right,909313,cda86eee8c28d8ff4fa7372a318ef21557d9e303de090aab56d9457e854f8ca6,test
right,909914,ac73df5932654a9a430d7e032d090d97c1fff2e9f2b395b0c361d8485b83b1d0,test
right,910571,39f490255e1b9037ef1caa9c3ef6bf0b43b29cdd562bd81e7f52fb4b575b8071,test
right,910671,62ae8487058b8d77df164c4884157b39ec92585b67064ceeda8c9f98502ad9d1,test
right,910858,f6bc62fb6e8a14af6382c7bff83bc57ca9aeeee048eb9661422dcf46d933c08d,test
right,911332,02332c708cb27e9371ce10901cc55a9fc14c927133fd8ec7a3bd224fd84856e0,test
right,911623,fc3f4594639b28d18c66c70576f769de73afa8f47e860d22e84275dc97f08d6c,test
right,911646,7ca076c06c1d85d3eac2de3424fa0dd985b455c08bf3cc5fc450aa91b9555171,test
right,911843,efe6494f99d0f42f5e927e45c76c684373a1a406a1a519baf8f5c033bd678215,test
right,911920,b47d8187f13409f0fc036e043a269853da87033664c1c4e522fe0d2d9c3d2cd3,dev
right,912078,7c595a133eaa5b732ac01b5fd050a0dcc5a06b4ca9e4070b489c7c0c89d004d8,dev
right,912084,044152b7631ad4566dbcf86b5b9a22e2490986b9858ef22ca1285f9295871314,dev
right,912322,37f2eec616ba26a29fcf84d02f0b9eab33b7ef0385d1c1412a1d9f2718693749,test
right,912452,78c4c6bc54c6d18cdd3349ef10e768d84e5358ec190987933f333b0640549e17,test
right,912503,beaf5de8936d2ad856b93d2f3934a85cfa22369665b769f9cf65cf7b6161d025,test
right,912707,6c41b41d6ce02a17e0e1502d46987525564d91810bec1ae5e29b9173af30a6ef,test
right,913017,c0edb6a9f7aee3fd92a71809daefb68b29b6309860f2bc8100e2f9da1e6acf28,test
right,913249,fd9c39e86468edec776bd14fae85eeb523d6520bf1ff4dabb3ff9c3bfa1aa4e5,test
right,913266,d6041a4cca3c8804cbba43d27f6ad7ba8ffab283e9a5eacaf81afc7d318e1b16,test
right,913283,4c17c9d2ed654739502971e086e1f26a7ee3c14f5fa54239aa069f1e0eddd17b,test
right,913353,1f730c9fd144d347dd3d605ee76dfd0a7a77e6deaa69e338d9c7ff5949eb2757,test
right,913538,d080693bcc93465ccfb8150c07e46cda8d95730a72468ed3d7599983a46535d3,dev
right,913592,949c1b67ae43085f9b39db8c8b2d45e8aa67a24212295166f1913bb292259478,test
right,913806,b64095bc1318310a2f1c42aa6d740eb69310ccc900c79204df4497a70f3da840,dev
right,914802,f3807193e6fcaf0ce39957f44f50c75f3507d75e5840f973b184759cb57091fc,test
right,915289,c91db0988a88829c513ad22d8474cad0c09bdb70fa42530181e59d410e44eab0,dev
right,915302,91b96e5b9a24ff20e69a297e8f29c75a14e10e077a6ab1a4cefbf992494bf153,dev
right,916745,7ffee528699fecec7801fa1fe979b0cad9d692d9186fe1b517b3e4a450c98ba3,test
right,918204,480997c5a984c3be379db58e98bc0b6fe06f3a9020cd3cb630a0c6f09787e756,test
right,918254,4d12bb86ee18f75b2d1fcba4c02bf4d6b65480282fdb07798fe8961fbe58c357,dev
right,918270,ca79950c8562d5f97a96f32389a76afaa5b6e44c61c768e4fb86a5b89494f1dd,test
right,918314,4fdfb696eb0496d4411b991483dcb65a25a26776b6150c8765f684abba84c710,test
right,918693,13db918fb1db805c421ddc89c1c0efc1a003461c175a4b5b76db965d9981c51a,test
right,918905,0e06dd06dc0368214a9c03d4a352b2e4b0caf26158140aa658b79247a4656847,dev
right,918914,1d741f7fcb64b0efee48565e36b1d381bd438725a6d0470a0b1ee09074ef49e1,dev
right,919140,b033d7943a274d22663ebfa3f063db5099d577e8758e76c4ec9e79a147e41fa4,dev
right,919156,31f2a662bd283effa8db0b96e506881a4713c5dc2c865b277789dc847955959b,test
right,919720,3b031ed6521e9aab981419be9c28dbd581dd69cbc9f03bc9cc7f50794ed6d083,test
right,920226,0849668ebc140cf04a2fed60433ea747243dcaa58d1b3e076075214032492ca1,test
right,920253,1a570916fa59ca05176fa8a90c60d987ff196f8ce1b86061e7f9fbf68e52d9d5,dev
right,920355,6d4a80761967cf0524066a8b22ddc9c04d2fc78d1d75dd300e58903db6e05452,dev
right,920363,22236ba9bfe72c72f7d262607427129e54a1c704a341d54d4a40ece8c48ce4c7,dev
right,921033,8705773b035daac52fbe0d8179273ae48e49af67449d6a69f34237d2dc4337f9,test
right,922098,299526d7285dcf8d728afc638c1bcaf3b169a33c8a47e7f9686bcd072c1d443a,dev
right,922126,3ad8ef4669925417760d9455ed313dabd13834c0fb0c47189bfc4509096c836f,test
right,922204,969588d39d995b045cd9ba0880414df26742668809fcf47d06648098a92f2eb9,dev
right,922248,9e88c054dceb5227ebfdea2f770fde071eb987b40294164e62a92f706174d914,test
right,922272,1e3657a27b0603ed794e1ef972df47fcb3deb840c70e130bd1e116d9fdfae337,dev
right,922408,821c0b2ac01699f4512805906560d231031efc5af080ff3eba89a824884e1e39,dev
right,922417,821c0b2ac01699f4512805906560d231031efc5af080ff3eba89a824884e1e39,dev
right,922425,2411587e565af0226ceadce8366063880e8a405dff6078a9ea36b1286361459b,test
right,922571,9832043082a9d98857effbd59241469f579b43aaa74409437a450ddfb1669128,test
right,922575,7b87ef7542b2a4c6205377b1da3f8859f1a03e17ff8e7ed510150ea6e7fede6d,test
right,922612,323e3f382968bdec1e47c5a4afff51b424fe72f923bbe190dc77980171429403,test
right,922816,d6790cc9c63569a5441a46d5583da916b2fe95c053e8cd4b33bc1c9e9292790f,dev
right,923353,a3a672d44a23ad11cdf5bf3c090bf68c16ed2673cc2ef1a17fd0a296bd7a4176,test
right,924138,d669424584a39553640d3005fd73851631999f167230d96c3fae655531c6899c,test
right,924359,68b4e63495c9a177de7eaef56c8761f6e2015e3b08780add2f8d31f1d76fe7dd,test
right,925116,b50561a823c51c88fd68ec5671416adc9e12c08b5fa9852cc60032e427aaab85,dev
right,925360,d5bbd9a21ecf308c8f07f11610d888dabdd13e7fe8fb0d29df242a0dfa88e550,test
right,925496,92244e5a6ed713beb90928247ee3d619b2151cc4e1304703e7cc55ca520db0d7,test
right,925811,6b6184770b8169340dd926feedfc79156be345ca74945d90e585117ed95d693f,dev
right,925815,4f7495a221a7f94b59fc23a4019f9e04aade9b19d2d3ac292020bc548cadc93b,dev
right,925853,3c6e48cd94e9d8c134ecbf7cac06ab3347bff27c239188502b443a008f6a1b59,dev
right,926604,fdcbe37eeca6435e6505ea2a0638037900dc3eb78e12fb526f759bfae55e32c1,dev
right,926705,b9686a0011abd3cee55282e3be837bda591a063310db34c4cc137fb63041f539,dev
right,926786,41d22e83aa8e9cf9029b5908eeb9f126935a34fb06d244e2728fd81868ff18b8,test
right,927648,1cf117dd5cae14d4c15d52c0f95fc2cb779f86b063f471e15b6d43897bc76948,dev
right,927770,8c46947bee25aacf96fc42dd4428a5c54e2caa9a5f77da40885bc4779e7b989e,dev
right,928347,c558b545de55e5a693d59a63b2d557013520a8904708d6b4de7e1f24f08c732a,test
right,92844S,a04edca3eac52c4c36cfd45815b47c8c23bcefa550d468733cdc9ff0ec86d73d,test
right,928499,090fc7db1d96f9025af87e6bb782b4afc45eec4bd0ece82465435923c0e34599,test
right,928503,08576296a2b3ea7759b035b84e06b8a3d4a897d3b4e9ecfa54b2da35622b8d2f,dev
right,929032,a83d71a3e9ef81670146baf4eb6e2964870783035eec2e62a39894893d1e972a,test
right,929066,f7413bc1de3e0d95d0fbc66d1a8df3d28bc3ce9bd160e430472f8715066be762,test
right,929126,c7e5e70ac3bf0479d54bd049fdc1f4264793476ad5ecd89bbb3d04d1c17fe1e3,test
right,929136,d6c82664411f18d34980e199e7cd10aec8aa72c8045e8eb703faea6bc9d52df8,dev
right,929160,10023170c6d497630148bbd382d8c19c3a4a2d401cab4d529cc68e4e21baea95,dev
right,929253,6cdc0d7e774b5f714e4b52e038c22beed968a2763fd0dd5974a4fd999483345d,test
right,929501,508e02b95b7e042c78e9ebd5340377db8ff57d243d2f7127aa40e5a471c99922,test
right,929566,7e7f83f1387f2e4b6baae8c1a857f6cb8b25bc6633d932cca47e2e8b7ec9fbb9,dev
right,930004,0ab4f3ce4a890c56d4d8f19ee52957ad0358b7bd161e03b560501b4ac8859c5a,dev
right,931154,c1b8524a73e25d7926774e7ab34f86f92c4e44803fd7a9d6a4479bd79f9d942d,test
right,931159,6bd9dcfed0237aef5b5ec9962131113ce5da76cff15a53970b0a4b2aa28623c5,test
right,932280,010d9d63e950786eb68c2ddeb67656966ae40cd234550c13f204258efe045c0e,test
right,932355,422293af575384be28c965b6749f08f7ad1972589f9722f4d87c5b2fd3350b48,dev
right,933169,0ac3e62f4c1e032d12960471ffa16bb6cf277b0769079d9bfcb8db373ec5a556,test
right,933696,7be6615d3b5795841c614667aeec7a41bea97af3d3bbb4db28ad99f42903e5da,test
right,933700,cd27365b5ab13f992deeead1906d28eac8668181a7ea1a35612a207f8d8125fe,test
right,934051,8f7b9abaef30221b1b532a037c40c1975a52b971e1101f52aac283da60d91791,test
right,934391,e3fe0f1fac0284a897351e2632659b8f6b2c6131800d9a110d4bcdc629eb7c6b,test
right,934408,476e4b48c582a2c7bee7b1d077504357e1a44fd4df067b69e07b9487eaf47239,test
right,934436,e42c88dfaeeb195961c6970defa7cc4db5345dd187d8abc029148f5cc9cca03d,test
right,934442,83c4f93dbea56714277f0ef7f9554077f49cf0b17cf75b6dc5660cb2ca00026a,dev
right,934459,db537dc81127a660eff9c9bcdbc4644c609aa05a3db6a9ff79c5b2b0e41e7ba5,test
right,934488,4786c09352d2ec446da2083680039f1e2bd7130f9d79f4768d077fbbcb6ba15f,test
right,939704,88629035d85dc843ef5b1ca1b80edc45b6274a1cb2448c9f0b1ddc98f1f8023a,test
right,940144,20e8b80645cb520c87c03bbf65b20b535ff86c7d91a0be6a7c1a10ef7b812b9b,test
right,941063,01944cb3fea0aec870b50c3476c92b2d977594e3cbebd88c598b831113377614,test
right,941846,504603cbdc39e449326ca29f6bacf6c26c653dbc979bcb1efdf09539667d1da1,dev
right,942486,00f6525d62c5af3891b86c70272fa198c7a50f37f4b9cf6c1f1651cf06de040e,test
right,942622,3869b12704d695d30682ea774b4e03ba166edb5c098dc42ab1fa888e60baba10,test
right,944020,06cec0f74b16daa1b6a1ff2c70f540780c63c19fcd4e523e59f0f5c7f3f835ec,dev
right,947015,19d9659fff38786d6fc06721bd07e0f5c86704f2bedf6c3d1e29ef8ec5a8b84f,test
right,947151,3610f16e0e68d7fcc4cec9483a078935a17c4f7091f339ab847d930420909be8,test
right,947415,2a7215d26f82e981f6d26e9028889577a9c8ed0c1b02de19309670e8aa003d7b,dev
right,948462,9b370d0ff70ec485436f61154775c6010edc47e31f5587b55dfb5b088e13346c,dev
right,948594,ec49180802322eaeebbc7613a2ccde4511e257ad5ea9f938217b1789ddc6110d,test
right,948774,e1388a7b31ba6ddc563ebf8fbc7c740b488bff12e7f096db2ed654cdfb3e8692,test
right,949044,e6e20f65c105b568ad78e95ae5a69aa072251268a3ba1b55e16004fed651ba93,dev
right,949085,1b5c4c883ab24564095c25278b5b3a0bf715674f59b44e6d0fb6b37d8866af1f,test
right,949087,1b5c4c883ab24564095c25278b5b3a0bf715674f59b44e6d0fb6b37d8866af1f,test
right,949391,9bb89b9a28b593706c8b653b5cba02b5138052556910213579fd6c30d2f643ee,test
right,949702,01e0baa188e255bd35903f1772181e902037ccd04d00297d03e8d0843df27cd3,test
right,949732,a6f68ddb5cf05206e9123c13e1b4a6709fbe8cf431fde97d9037d3d668380a51,test
right,949740,cbdb25750e522e8abb0caca77db1b923dbbc54006f42136e11f2ff86eaa06062,test
right,949765,723e3bc794a2afcc084953f503d319a97a3b851202128e107b68a7322044a3d6,test
right,951869,39575fd2009f8304b33d4995b36bf19033bb85407074cad5ca5a99443921935c,dev
right,953348,4b4c6e972b90bda4e90773dc13e8be8f8d41e55a6e267a09eb15667720642044,test
right,955465,76bbc43e913d831a7ebeeaeb319f94a2d08a2d0eec0f996e7d2ea7c0201b5220,test
right,958043,061fb1a0f6cf07747f3316257af304e58a66ed968785ce4b35e3def21d2d561c,test
right,958102,bfda53126381a6de935b1d844940eefa0c4de7fed911c6bfa21a9165b7018bb2,test
right,958264,0b48f0d259e4f32b70e7121dd5510c9fdeb7138c3ed4578dddc9a4fc6d8ec48b,dev
right,959090,71423a5d341d8d126db1cddab67645d0b7737c50a1dd7fe77571dc589e5a83dd,test
right,959265,9d00ce91f45a6b844906e9cdb1ec777bc8d1b78b8b69e15edef7f0b54455cd60,test
right,960386,6dbf7c66c914b1f40e862a5dc4c2f188563a26eba982e4b0b42515a01d52c5ff,test
right,960402,e109d01c4e58437024f36e7dd033675928d5a10ba8dd8560457c6cd745a16850,dev
right,961548,73234e2ec565c3670611bce5f2d4665ca3f0baf7c41ceedd0e10f8139ce31c5d,dev
right,962166,c0182d29161ab9b8c238c91bb09d196776f14fb89bfe167a2d4d351aa2de8abd,dev
right,962898,81bc4b41653d80cc405e29594413fd520b2766099c3c56317e4fdcb09cc41ff1,test
right,963150,ec83aec80d9a1852f66edbfe50d3ebfc1d1725eaa89c7132af425b610f037f30,dev
right,963320,38bfa5aac55ad836eddc2e55d8cf4731f4f0536f277c418a74e95b76a3c448df,test
right,963626,a6046ab331b2097e27f8514c03f66632a12009db860675492290f4e60d8f5f52,dev
right,964066,ae89a4e2733b73dae6c3ce16d33a38774998c1a08dfbe5feafcbf5283375fe5b,test
right,965010,62ab6f4b7e363614c273d00e9b6861adc48c9f6ed15cc9c5b1a201b2ec73ed84,test
right,966323,d771bbd8b213df2d2fb58e0b1e3203c54e3e1a01e5d1d4cfe94de9f823be5554,test
right,966680,fc81c15d1b307ced6bf260b9ec93bc144108aca55421414ab4bd0ab4a21026b4,dev
right,969133,059683837098ab56b3cd59ba2ea02418fd49165dce9a96eaf59733aa4168b3b1,dev
right,969457,efe63968ebc86e8932a1b8b01d8592f36ecdab3b3a366267ce785a5445294786,test
right,972218,4bbb2059c8d56bfeb06cdf4a2ef8f63beaf16cdcafebc6ad9c66f55351c051d6,test
right,973411,17d48338f8ba300ba983137fb7c8da3e45617ca397bfe27950fea7915b81c2d7,test
right,974637,3f233dbe1341ed4b5f94d82fdc9499cf85966a17c88c5380a31fa61f9a497b4a,dev
right,976597,7ba93972d6beb38800994a5126be223c35867b139d803b4111c3be806c5b608a,test
right,977385,e820283101a5c0defe452a8731e0a80b665fdf8a282578e9ea6e2b62610f317e,dev
right,977487,17863c4af6a57dbd84e86e7b07fca2247c43be0d437f65a50f5c02c97509b4f6,test
right,978090,ff4608906b7cd1dcbd4074c477a8376f8b4e50dd118cbe2ef38f1c9ab8bf43fe,test
right,978097,bb70fe31ee4ac9d5f33058a82cb6e8db36deb2daee31036b44ca9eee58962e28,test
right,978403,45f56fc6b19f8a2ff448b2df33dcbaa1f4364b637c89848d935432a40b73074a,dev
right,979438,e68bf53f91afc21a74b91f132976125f5ae35ed88229e7eca65abcf25d44e68d,test
right,980524,e773d7d5c3658577ba5a1f0b909e930580c2d1485eb5183496b71c3e3cbc4522,test
right,980745,1ff00423adbee9c5f8dcdb3e45cbe78efe91c4cee8c28e1c6ebec9e7cd1d155d,test
right,980864,4ad5a34c11abdc798fb40612e6d97568665866d3d247aa71325179a9e1760fed,test
right,981179,9b4755b4ea5abae88f918f5bc531b84cf2698c8004296f1b41aaf874dd142c49,dev
right,981373,228121c9469ff629731af7c00f1cf8560ae79b944859f7ae7df941a702252397,test
right,981806,b39585ba819da0baa551726ef51d175d9ece70d4957504ec284c181ce8abe03a,test
right,981811,bb16e8e60b7d5a3f4689124824ed16cfa67aed59a2561e9290d550bd99e7b9f9,test
right,982526,7439f8d9afaf70ad885bc456ad2a73ce0dbaf5a64b2e7ec19e5374d0fca0e22e,test
right,98299X,a4dc54524a163ab4306d994eb19b8d9a72afd375454057ff6629c167c3a70d38,dev
right,983044,da96fd42d648e3adeb21576a5e28ebf7ccda4a90dc0065511cb9838084f4f76c,dev
right,983085,cce487334e7bacfc388e2972da283e66ff2950d4999029ac8f190464b332a924,test
right,983544,8a7c6383316df5d6eec77f2df9469767264917b3e0c4d529fe3e8120f1bbc92c,dev
right,983604,074dac7659066295f67afb210b23a77f968e2cdb60ef443becbbad8853cde7dc,dev
right,983826,5d17da96e407d23864273b59855cd28fa9af6362b5a611b4a641f5625510ceb9,test
right,983919,9018d7cf4f797e9f5e2d5f6fb45c7c7b843f920118c3d32e8a99502862a72b53,dev
right,984121,7c3eeae0e927e7607a74ca10b455fee2d9beabc8450a7be5fd9cf4649c8ca79f,dev
right,984123,46a4ea95573945cfbeb5abf1c0fd14cb13d08815879480117897eb5fdb8c7aa4,dev
right,984126,03f71df8fb2f950d875d323137f10fd7825e6ddb0c3d4dc01ba1828f1ada9822,test
right,984138,880ada465a555c6003de0da382423e5a90db69beeb000e8db0e8c2e08054c9a2,dev
right,984157,31a1b435d1232ab1351a7aa3055f562cad747216dfc5cace630c5e83f955f513,test
right,984175,e547742142ee029104cdc794a2e75d5b3309af803b4fda51b0d48f74f6c3b4f6,dev
right,984202,fada83447615a61cd9cd3ea6f654c0d9c8e99f50690c6b9f10a5f6050bcf434d,dev
right,985012,16e73e3446a29cba360b05b4b90142ac98199a5747e015d3158b7773cd3af320,test
right,985144,dbcc4d7c4aa6996779e3049c758087bb90f80009e46524c561f3fea18b683b52,dev
right,986149,f2ea3cac8d0f26686b915122895955ba96fd983aec46faeb4b71b3f0377f03f0,test
right,986670,2f735b90e97899a0e0d99c155af3d7ef032b46649902682fcf6bb71526edf915,test
right,987711,c4fadcbbfc7d1b3af0c25044d848721391498c922f81289dac3f8aa80be5fb9c,dev
right,987728,310ca572256e98db44ca49a57cbc6dd6811a0d00bbf1c8991291b0acb28cc595,test
right,989070,5555fa31a1a51bc9b270ce36d19ef1d1b65803dd7cae10284a76f2f38e343ef3,test
right,989349,00e9e179cc5b028604935fb071fb3c85ae037420b927ba1b3407c32fcc674096,test
right,989428,3960332df8d3df0d2f6f1e37a3b447151fe9c03d703c32c9e17c0352b84b5377,test
right,989484,3f6177c34f81242503a12370e61c8a38e53d81de69d0de679e79df272895f968,test
right,989524,aed5142f201003385c7ea853d59dafcde9f475e702ca6189cdaa82a7d962943d,test
right,989569,f130cb370bc90c7c90400ca5a6aa6836b0efbbb810e3ed82fef7b816f4caa91c,test
right,989752,9d92b3be8e4e42650ca9a7a6cc5b477574082c184095d2a5a7aaaa0f3bcabcd4,test
right,989755,bc0193ca13ecd59a617f4e990bd93c622ec65d5775c2415c2da75fae3a2eedc7,test
right,989824,4268053bd395a552e2771f4a16b5167f7a6f6b9a2aedf18d288ba2fc9daaf169,test
right,989845,203b91ead6665e2d58b0c22fa52e06e705baa12ed2c3caf5b6a0c150a62d25b8,test
right,989855,5b3102e06bd6fa30963c2d42096c001fc8f0249235627d17030e9adae441fc2e,test
right,989917,ba51dd55fbd65b39055f54f495ad5138e35132f0a0291f38abbf06a4f6ddfcfb,dev
